quote_id,rfq_id,supplier_id,supplier_name,region,reliability_score,material_name,category,quantity,unit,unit_price,currency,lead_time_days
Q-RFQ-1001-buildtech-1,RFQ-1001,buildtech,BuildTech Supply,Midwest,94,Paint Supplies,Paint,150,ton,28.82,USD,14
Q-RFQ-1001-buildtech-2,RFQ-1001,buildtech,BuildTech Supply,Midwest,94,Interior Paint,Paint,371,sq_ft,38.1,USD,12
Q-RFQ-1001-buildtech-3,RFQ-1001,buildtech,BuildTech Supply,Midwest,94,Breaker Panel,Electrical,41,yd3,56.61,USD,13
Q-RFQ-1001-buildtech-4,RFQ-1001,buildtech,BuildTech Supply,Midwest,94,Steel Rebar,Steel,283,sq_ft,787.33,USD,14
Q-RFQ-1001-buildtech-5,RFQ-1001,buildtech,BuildTech Supply,Midwest,94,Conduit,Electrical,391,sq_ft,47.24,USD,28
Q-RFQ-1001-buildtech-6,RFQ-1001,buildtech,BuildTech Supply,Midwest,94,Rebar Grade 60,Steel,326,ea,846.84,USD,29
Q-RFQ-1001-buildtech-7,RFQ-1001,buildtech,BuildTech Supply,Midwest,94,Sheetrock,Drywall,413,ton,16.19,USD,35
Q-RFQ-1001-buildtech-8,RFQ-1001,buildtech,BuildTech Supply,Midwest,94,Pipe Fittings,Plumbing,167,ton,88.0,USD,18
Q-RFQ-1001-buildtech-9,RFQ-1001,buildtech,BuildTech Supply,Midwest,94,Gypsum Board,Drywall,77,yd3,19.09,USD,21
Q-RFQ-1001-buildtech-10,RFQ-1001,buildtech,BuildTech Supply,Midwest,94,Cement Blend,Concrete,458,ea,165.5,USD,24
Q-RFQ-1001-constructpro-1,RFQ-1001,constructpro,ConstructPro Materials,Northeast,88,Interior Paint,Paint,150,ton,39.56,USD,9
Q-RFQ-1001-constructpro-2,RFQ-1001,constructpro,ConstructPro Materials,Northeast,88,Paint Supplies,Paint,371,sq_ft,39.14,USD,8
Q-RFQ-1001-constructpro-3,RFQ-1001,constructpro,ConstructPro Materials,Northeast,88,LED Fixture,Electrical,41,yd3,65.27,USD,18
Q-RFQ-1001-constructpro-4,RFQ-1001,constructpro,ConstructPro Materials,Northeast,88,Steel Plate,Steel,283,sq_ft,879.41,USD,8
Q-RFQ-1001-constructpro-5,RFQ-1001,constructpro,ConstructPro Materials,Northeast,88,Conduit,Electrical,391,sq_ft,60.37,USD,19
Q-RFQ-1001-constructpro-6,RFQ-1001,constructpro,ConstructPro Materials,Northeast,88,I Beam Steel,Steel,326,ea,1040.84,USD,31
Q-RFQ-1001-constructpro-7,RFQ-1001,constructpro,ConstructPro Materials,Northeast,88,Drywall Screws,Drywall,413,ton,18.49,USD,30
Q-RFQ-1001-constructpro-8,RFQ-1001,constructpro,ConstructPro Materials,Northeast,88,PVC Plumbing Pipe,Plumbing,167,ton,103.23,USD,16
Q-RFQ-1001-constructpro-9,RFQ-1001,constructpro,ConstructPro Materials,Northeast,88,Drywall Sheet,Drywall,77,yd3,20.43,USD,16
Q-RFQ-1001-constructpro-10,RFQ-1001,constructpro,ConstructPro Materials,Northeast,88,Portland Cement,Concrete,458,ea,166.3,USD,30
Q-RFQ-1001-urban-1,RFQ-1001,urban,UrbanBuild Wholesale,West,82,Paint Supplies,Paint,150,ton,31.72,USD,14
Q-RFQ-1001-urban-2,RFQ-1001,urban,UrbanBuild Wholesale,West,82,Interior Paint,Paint,371,sq_ft,33.5,USD,14
Q-RFQ-1001-urban-3,RFQ-1001,urban,UrbanBuild Wholesale,West,82,LED Fixture,Electrical,41,yd3,56.33,USD,16
Q-RFQ-1001-urban-4,RFQ-1001,urban,UrbanBuild Wholesale,West,82,Structural Steel Beam,Steel,283,sq_ft,930.9,USD,6
Q-RFQ-1001-urban-5,RFQ-1001,urban,UrbanBuild Wholesale,West,82,Breaker Panel,Electrical,391,sq_ft,52.52,USD,23
Q-RFQ-1001-urban-6,RFQ-1001,urban,UrbanBuild Wholesale,West,82,Structural Steel Beam,Steel,326,ea,893.63,USD,40
Q-RFQ-1001-urban-7,RFQ-1001,urban,UrbanBuild Wholesale,West,82,Drywall Screws,Drywall,413,ton,19.31,USD,33
Q-RFQ-1001-urban-8,RFQ-1001,urban,UrbanBuild Wholesale,West,82,PVC Plumbing Pipe,Plumbing,167,ton,79.11,USD,16
Q-RFQ-1001-urban-9,RFQ-1001,urban,UrbanBuild Wholesale,West,82,Drywall Sheet,Drywall,77,yd3,19.75,USD,23
Q-RFQ-1001-urban-10,RFQ-1001,urban,UrbanBuild Wholesale,West,82,Concrete,Concrete,458,ea,119.32,USD,35
Q-RFQ-1001-apex-1,RFQ-1001,apex,Apex Industrial Supply,South,90,Primer,Paint,150,ton,38.02,USD,6
Q-RFQ-1001-apex-2,RFQ-1001,apex,Apex Industrial Supply,South,90,Interior Paint,Paint,371,sq_ft,35.41,USD,5
Q-RFQ-1001-apex-3,RFQ-1001,apex,Apex Industrial Supply,South,90,LED Fixture,Electrical,41,yd3,61.66,USD,16
Q-RFQ-1001-apex-4,RFQ-1001,apex,Apex Industrial Supply,South,90,I Beam Steel,Steel,283,sq_ft,985.43,USD,4
Q-RFQ-1001-apex-5,RFQ-1001,apex,Apex Industrial Supply,South,90,Junction Box,Electrical,391,sq_ft,62.65,USD,18
Q-RFQ-1001-apex-6,RFQ-1001,apex,Apex Industrial Supply,South,90,Steel Rebar,Steel,326,ea,1013.55,USD,38
Q-RFQ-1001-apex-7,RFQ-1001,apex,Apex Industrial Supply,South,90,Sheetrock,Drywall,413,ton,21.21,USD,31
Q-RFQ-1001-apex-8,RFQ-1001,apex,Apex Industrial Supply,South,90,PVC Plumbing Pipe,Plumbing,167,ton,85.38,USD,11
Q-RFQ-1001-apex-9,RFQ-1001,apex,Apex Industrial Supply,South,90,Drywall Screws,Drywall,77,yd3,15.6,USD,17
Q-RFQ-1001-apex-10,RFQ-1001,apex,Apex Industrial Supply,South,90,Ready Mix Concrete,Concrete,458,ea,125.03,USD,24
Q-RFQ-1001-metro-1,RFQ-1001,metro,Metro Contractor Depot,National,86,Exterior Coating,Paint,150,ton,31.36,USD,7
Q-RFQ-1001-metro-2,RFQ-1001,metro,Metro Contractor Depot,National,86,Paint Supplies,Paint,371,sq_ft,34.21,USD,7
Q-RFQ-1001-metro-3,RFQ-1001,metro,Metro Contractor Depot,National,86,LED Fixture,Electrical,41,yd3,63.63,USD,13
Q-RFQ-1001-metro-4,RFQ-1001,metro,Metro Contractor Depot,National,86,Steel Plate,Steel,283,sq_ft,1083.52,USD,5
Q-RFQ-1001-metro-5,RFQ-1001,metro,Metro Contractor Depot,National,86,Breaker Panel,Electrical,391,sq_ft,62.43,USD,21
Q-RFQ-1001-metro-6,RFQ-1001,metro,Metro Contractor Depot,National,86,Structural Steel Beam,Steel,326,ea,1108.24,USD,37
Q-RFQ-1001-metro-7,RFQ-1001,metro,Metro Contractor Depot,National,86,Drywall Sheet,Drywall,413,ton,20.35,USD,30
Q-RFQ-1001-metro-8,RFQ-1001,metro,Metro Contractor Depot,National,86,Copper Pipe,Plumbing,167,ton,100.57,USD,11
Q-RFQ-1001-metro-9,RFQ-1001,metro,Metro Contractor Depot,National,86,Gypsum Board,Drywall,77,yd3,19.68,USD,20
Q-RFQ-1001-metro-10,RFQ-1001,metro,Metro Contractor Depot,National,86,Ready Mix Concrete,Concrete,458,ea,154.94,USD,28
Q-RFQ-1002-buildtech-1,RFQ-1002,buildtech,BuildTech Supply,Midwest,94,Ready Mix Concrete,Concrete,453,yd3,124.04,USD,14
Q-RFQ-1002-buildtech-2,RFQ-1002,buildtech,BuildTech Supply,Midwest,94,Drywall Screws,Drywall,110,linear_ft,17.27,USD,20
Q-RFQ-1002-buildtech-3,RFQ-1002,buildtech,BuildTech Supply,Midwest,94,Copper Pipe,Plumbing,467,linear_ft,71.96,USD,36
Q-RFQ-1002-buildtech-4,RFQ-1002,buildtech,BuildTech Supply,Midwest,94,Concrete,Concrete,219,yd3,146.4,USD,28
Q-RFQ-1002-buildtech-5,RFQ-1002,buildtech,BuildTech Supply,Midwest,94,HVAC Compressor,HVAC,171,linear_ft,708.62,USD,27
Q-RFQ-1002-buildtech-6,RFQ-1002,buildtech,BuildTech Supply,Midwest,94,Exterior Coating,Paint,363,linear_ft,29.74,USD,13
Q-RFQ-1002-buildtech-7,RFQ-1002,buildtech,BuildTech Supply,Midwest,94,Structural Steel Beam,Steel,136,yd3,982.17,USD,20
Q-RFQ-1002-buildtech-8,RFQ-1002,buildtech,BuildTech Supply,Midwest,94,Interior Paint,Paint,56,ea,38.9,USD,4
Q-RFQ-1002-buildtech-9,RFQ-1002,buildtech,BuildTech Supply,Midwest,94,Concrete Mix,Concrete,269,sq_ft,143.73,USD,43
Q-RFQ-1002-buildtech-10,RFQ-1002,buildtech,BuildTech Supply,Midwest,94,Conduit,Electrical,54,sq_ft,47.06,USD,9
Q-RFQ-1002-constructpro-1,RFQ-1002,constructpro,ConstructPro Materials,Northeast,88,Cement Blend,Concrete,453,yd3,149.38,USD,15
Q-RFQ-1002-constructpro-2,RFQ-1002,constructpro,ConstructPro Materials,Northeast,88,Drywall Screws,Drywall,110,linear_ft,21.78,USD,17
Q-RFQ-1002-constructpro-3,RFQ-1002,constructpro,ConstructPro Materials,Northeast,88,Copper Pipe,Plumbing,467,linear_ft,90.83,USD,44
Q-RFQ-1002-constructpro-4,RFQ-1002,constructpro,ConstructPro Materials,Northeast,88,Ready Mix Concrete,Concrete,219,yd3,133.96,USD,25
Q-RFQ-1002-constructpro-5,RFQ-1002,constructpro,ConstructPro Materials,Northeast,88,VAV Box,HVAC,171,linear_ft,663.38,USD,27
Q-RFQ-1002-constructpro-6,RFQ-1002,constructpro,ConstructPro Materials,Northeast,88,Exterior Coating,Paint,363,linear_ft,32.4,USD,14
Q-RFQ-1002-constructpro-7,RFQ-1002,constructpro,ConstructPro Materials,Northeast,88,Structural Steel Beam,Steel,136,yd3,1089.46,USD,21
Q-RFQ-1002-constructpro-8,RFQ-1002,constructpro,ConstructPro Materials,Northeast,88,Interior Paint,Paint,56,ea,39.41,USD,3
Q-RFQ-1002-constructpro-9,RFQ-1002,constructpro,ConstructPro Materials,Northeast,88,Concrete,Concrete,269,sq_ft,134.69,USD,31
Q-RFQ-1002-constructpro-10,RFQ-1002,constructpro,ConstructPro Materials,Northeast,88,Junction Box,Electrical,54,sq_ft,58.72,USD,12
Q-RFQ-1002-urban-2,RFQ-1002,urban,UrbanBuild Wholesale,West,82,Gypsum Board,Drywall,110,linear_ft,19.54,USD,25
Q-RFQ-1002-urban-4,RFQ-1002,urban,UrbanBuild Wholesale,West,82,Portland Cement,Concrete,219,yd3,142.82,USD,16
Q-RFQ-1002-urban-5,RFQ-1002,urban,UrbanBuild Wholesale,West,82,HVAC Air Handler,HVAC,171,linear_ft,630.94,USD,38
Q-RFQ-1002-urban-6,RFQ-1002,urban,UrbanBuild Wholesale,West,82,Interior Paint,Paint,363,linear_ft,34.83,USD,11
Q-RFQ-1002-urban-7,RFQ-1002,urban,UrbanBuild Wholesale,West,82,Steel Plate,Steel,136,yd3,998.91,USD,29
Q-RFQ-1002-urban-8,RFQ-1002,urban,UrbanBuild Wholesale,West,82,Primer,Paint,56,ea,37.35,USD,16
Q-RFQ-1002-urban-9,RFQ-1002,urban,UrbanBuild Wholesale,West,82,Concrete Mix,Concrete,269,sq_ft,153.72,USD,43
Q-RFQ-1002-urban-10,RFQ-1002,urban,UrbanBuild Wholesale,West,82,Breaker Panel,Electrical,54,sq_ft,47.93,USD,16
Q-RFQ-1002-apex-1,RFQ-1002,apex,Apex Industrial Supply,South,90,Concrete Mix,Concrete,453,yd3,161.92,USD,8
Q-RFQ-1002-apex-2,RFQ-1002,apex,Apex Industrial Supply,South,90,Joint Compound,Drywall,110,linear_ft,19.52,USD,30
Q-RFQ-1002-apex-4,RFQ-1002,apex,Apex Industrial Supply,South,90,Portland Cement,Concrete,219,yd3,133.96,USD,19
Q-RFQ-1002-apex-5,RFQ-1002,apex,Apex Industrial Supply,South,90,Ductwork,HVAC,171,linear_ft,757.87,USD,27
Q-RFQ-1002-apex-7,RFQ-1002,apex,Apex Industrial Supply,South,90,Structural Steel Beam,Steel,136,yd3,887.84,USD,32
Q-RFQ-1002-apex-8,RFQ-1002,apex,Apex Industrial Supply,South,90,Paint Supplies,Paint,56,ea,36.22,USD,13
Q-RFQ-1002-apex-9,RFQ-1002,apex,Apex Industrial Supply,South,90,Ready Mix Concrete,Concrete,269,sq_ft,149.58,USD,30
Q-RFQ-1002-apex-10,RFQ-1002,apex,Apex Industrial Supply,South,90,LED Fixture,Electrical,54,sq_ft,51.9,USD,8
Q-RFQ-1002-metro-2,RFQ-1002,metro,Metro Contractor Depot,National,86,Sheetrock,Drywall,110,linear_ft,18.52,USD,23
Q-RFQ-1002-metro-3,RFQ-1002,metro,Metro Contractor Depot,National,86,Plumbing Fixture,Plumbing,467,linear_ft,92.23,USD,44
Q-RFQ-1002-metro-4,RFQ-1002,metro,Metro Contractor Depot,National,86,Portland Cement,Concrete,219,yd3,144.71,USD,14
Q-RFQ-1002-metro-5,RFQ-1002,metro,Metro Contractor Depot,National,86,Ductwork,HVAC,171,linear_ft,805.91,USD,29
Q-RFQ-1002-metro-6,RFQ-1002,metro,Metro Contractor Depot,National,86,Exterior Coating,Paint,363,linear_ft,41.94,USD,15
Q-RFQ-1002-metro-7,RFQ-1002,metro,Metro Contractor Depot,National,86,Rebar Grade 60,Steel,136,yd3,1103.31,USD,28
Q-RFQ-1002-metro-8,RFQ-1002,metro,Metro Contractor Depot,National,86,Paint Supplies,Paint,56,ea,35.7,USD,14
Q-RFQ-1002-metro-9,RFQ-1002,metro,Metro Contractor Depot,National,86,Portland Cement,Concrete,269,sq_ft,138.44,USD,39
Q-RFQ-1002-metro-10,RFQ-1002,metro,Metro Contractor Depot,National,86,Conduit,Electrical,54,sq_ft,62.77,USD,13
Q-RFQ-1003-buildtech-1,RFQ-1003,buildtech,BuildTech Supply,Midwest,94,Copper Pipe,Plumbing,451,yd3,74.8,USD,25
Q-RFQ-1003-buildtech-2,RFQ-1003,buildtech,BuildTech Supply,Midwest,94,HVAC Air Handler,HVAC,245,sq_ft,729.79,USD,33
Q-RFQ-1003-buildtech-3,RFQ-1003,buildtech,BuildTech Supply,Midwest,94,Latex Paint,Paint,263,linear_ft,30.22,USD,23
Q-RFQ-1003-buildtech-4,RFQ-1003,buildtech,BuildTech Supply,Midwest,94,Interior Paint,Paint,286,linear_ft,30.99,USD,34
Q-RFQ-1003-buildtech-5,RFQ-1003,buildtech,BuildTech Supply,Midwest,94,Drywall Screws,Drywall,362,yd3,17.61,USD,19
Q-RFQ-1003-buildtech-6,RFQ-1003,buildtech,BuildTech Supply,Midwest,94,Junction Box,Electrical,196,yd3,62.1,USD,37
Q-RFQ-1003-buildtech-7,RFQ-1003,buildtech,BuildTech Supply,Midwest,94,Joint Compound,Drywall,369,ea,20.0,USD,22
Q-RFQ-1003-buildtech-8,RFQ-1003,buildtech,BuildTech Supply,Midwest,94,Gypsum Board,Drywall,100,yd3,17.51,USD,14
Q-RFQ-1003-buildtech-9,RFQ-1003,buildtech,BuildTech Supply,Midwest,94,Steel Rebar,Steel,337,yd3,895.99,USD,29
Q-RFQ-1003-buildtech-10,RFQ-1003,buildtech,BuildTech Supply,Midwest,94,Pipe Fittings,Plumbing,124,linear_ft,91.11,USD,24
Q-RFQ-1003-constructpro-1,RFQ-1003,constructpro,ConstructPro Materials,Northeast,88,Copper Pipe,Plumbing,451,yd3,82.99,USD,22
Q-RFQ-1003-constructpro-2,RFQ-1003,constructpro,ConstructPro Materials,Northeast,88,HVAC Compressor,HVAC,245,sq_ft,663.24,USD,35
Q-RFQ-1003-constructpro-3,RFQ-1003,constructpro,ConstructPro Materials,Northeast,88,Primer,Paint,263,linear_ft,31.67,USD,22
Q-RFQ-1003-constructpro-4,RFQ-1003,constructpro,ConstructPro Materials,Northeast,88,Interior Paint,Paint,286,linear_ft,38.03,USD,33
Q-RFQ-1003-constructpro-5,RFQ-1003,constructpro,ConstructPro Materials,Northeast,88,Joint Compound,Drywall,362,yd3,19.16,USD,11
Q-RFQ-1003-constructpro-6,RFQ-1003,constructpro,ConstructPro Materials,Northeast,88,LED Fixture,Electrical,196,yd3,56.34,USD,39
Q-RFQ-1003-constructpro-8,RFQ-1003,constructpro,ConstructPro Materials,Northeast,88,Joint Compound,Drywall,100,yd3,19.36,USD,3
Q-RFQ-1003-constructpro-9,RFQ-1003,constructpro,ConstructPro Materials,Northeast,88,Steel Plate,Steel,337,yd3,905.48,USD,29
Q-RFQ-1003-constructpro-10,RFQ-1003,constructpro,ConstructPro Materials,Northeast,88,Pipe Fittings,Plumbing,124,linear_ft,98.71,USD,28
Q-RFQ-1003-urban-1,RFQ-1003,urban,UrbanBuild Wholesale,West,82,PVC Plumbing Pipe,Plumbing,451,yd3,90.11,USD,18
Q-RFQ-1003-urban-2,RFQ-1003,urban,UrbanBuild Wholesale,West,82,HVAC Air Handler,HVAC,245,sq_ft,645.66,USD,27
Q-RFQ-1003-urban-3,RFQ-1003,urban,UrbanBuild Wholesale,West,82,Paint Supplies,Paint,263,linear_ft,34.8,USD,27
Q-RFQ-1003-urban-4,RFQ-1003,urban,UrbanBuild Wholesale,West,82,Primer,Paint,286,linear_ft,32.61,USD,36
Q-RFQ-1003-urban-5,RFQ-1003,urban,UrbanBuild Wholesale,West,82,Drywall Screws,Drywall,362,yd3,19.67,USD,20
Q-RFQ-1003-urban-6,RFQ-1003,urban,UrbanBuild Wholesale,West,82,Junction Box,Electrical,196,yd3,46.34,USD,30
Q-RFQ-1003-urban-7,RFQ-1003,urban,UrbanBuild Wholesale,West,82,Sheetrock,Drywall,369,ea,15.7,USD,15
Q-RFQ-1003-urban-8,RFQ-1003,urban,UrbanBuild Wholesale,West,82,Sheetrock,Drywall,100,yd3,17.19,USD,15
Q-RFQ-1003-urban-9,RFQ-1003,urban,UrbanBuild Wholesale,West,82,Steel Plate,Steel,337,yd3,829.46,USD,20
Q-RFQ-1003-urban-10,RFQ-1003,urban,UrbanBuild Wholesale,West,82,Pipe Fittings,Plumbing,124,linear_ft,81.6,USD,17
Q-RFQ-1003-apex-1,RFQ-1003,apex,Apex Industrial Supply,South,90,Copper Pipe,Plumbing,451,yd3,82.62,USD,23
Q-RFQ-1003-apex-2,RFQ-1003,apex,Apex Industrial Supply,South,90,HVAC Air Handler,HVAC,245,sq_ft,593.56,USD,24
Q-RFQ-1003-apex-3,RFQ-1003,apex,Apex Industrial Supply,South,90,Primer,Paint,263,linear_ft,29.46,USD,19
Q-RFQ-1003-apex-4,RFQ-1003,apex,Apex Industrial Supply,South,90,Latex Paint,Paint,286,linear_ft,36.52,USD,30
Q-RFQ-1003-apex-5,RFQ-1003,apex,Apex Industrial Supply,South,90,Sheetrock,Drywall,362,yd3,16.96,USD,13
Q-RFQ-1003-apex-6,RFQ-1003,apex,Apex Industrial Supply,South,90,Electrical Wire,Electrical,196,yd3,64.26,USD,40
Q-RFQ-1003-apex-7,RFQ-1003,apex,Apex Industrial Supply,South,90,Drywall Sheet,Drywall,369,ea,21.04,USD,18
Q-RFQ-1003-apex-9,RFQ-1003,apex,Apex Industrial Supply,South,90,Steel Plate,Steel,337,yd3,990.61,USD,22
Q-RFQ-1003-apex-10,RFQ-1003,apex,Apex Industrial Supply,South,90,Pipe Fittings,Plumbing,124,linear_ft,78.49,USD,28
Q-RFQ-1003-metro-1,RFQ-1003,metro,Metro Contractor Depot,National,86,Ball Valve,Plumbing,451,yd3,84.49,USD,24
Q-RFQ-1003-metro-2,RFQ-1003,metro,Metro Contractor Depot,National,86,VAV Box,HVAC,245,sq_ft,805.69,USD,33
Q-RFQ-1003-metro-3,RFQ-1003,metro,Metro Contractor Depot,National,86,Exterior Coating,Paint,263,linear_ft,37.14,USD,17
Q-RFQ-1003-metro-4,RFQ-1003,metro,Metro Contractor Depot,National,86,Paint Supplies,Paint,286,linear_ft,34.93,USD,40
Q-RFQ-1003-metro-5,RFQ-1003,metro,Metro Contractor Depot,National,86,Sheetrock,Drywall,362,yd3,19.06,USD,21
Q-RFQ-1003-metro-6,RFQ-1003,metro,Metro Contractor Depot,National,86,Conduit,Electrical,196,yd3,58.71,USD,34
Q-RFQ-1003-metro-7,RFQ-1003,metro,Metro Contractor Depot,National,86,Sheetrock,Drywall,369,ea,19.59,USD,18
Q-RFQ-1003-metro-8,RFQ-1003,metro,Metro Contractor Depot,National,86,Joint Compound,Drywall,100,yd3,19.69,USD,10
Q-RFQ-1003-metro-9,RFQ-1003,metro,Metro Contractor Depot,National,86,Rebar Grade 60,Steel,337,yd3,1066.8,USD,21
Q-RFQ-1003-metro-10,RFQ-1003,metro,Metro Contractor Depot,National,86,Copper Pipe,Plumbing,124,linear_ft,101.44,USD,21
Q-RFQ-1004-buildtech-1,RFQ-1004,buildtech,BuildTech Supply,Midwest,94,Drywall Screws,Drywall,316,sq_ft,17.39,USD,28
Q-RFQ-1004-buildtech-2,RFQ-1004,buildtech,BuildTech Supply,Midwest,94,Ball Valve,Plumbing,39,linear_ft,82.88,USD,33
Q-RFQ-1004-buildtech-3,RFQ-1004,buildtech,BuildTech Supply,Midwest,94,HVAC Compressor,HVAC,274,ton,719.5,USD,14
Q-RFQ-1004-buildtech-4,RFQ-1004,buildtech,BuildTech Supply,Midwest,94,Gypsum Board,Drywall,199,ea,20.33,USD,33
Q-RFQ-1004-buildtech-5,RFQ-1004,buildtech,BuildTech Supply,Midwest,94,LED Fixture,Electrical,309,yd3,54.15,USD,30
Q-RFQ-1004-buildtech-6,RFQ-1004,buildtech,BuildTech Supply,Midwest,94,Structural Steel Beam,Steel,148,linear_ft,848.28,USD,30
Q-RFQ-1004-buildtech-7,RFQ-1004,buildtech,BuildTech Supply,Midwest,94,Conduit,Electrical,378,linear_ft,49.76,USD,26
Q-RFQ-1004-buildtech-9,RFQ-1004,buildtech,BuildTech Supply,Midwest,94,HVAC Air Handler,HVAC,232,ton,625.16,USD,19
Q-RFQ-1004-buildtech-10,RFQ-1004,buildtech,BuildTech Supply,Midwest,94,Paint Supplies,Paint,213,linear_ft,38.33,USD,20
Q-RFQ-1004-constructpro-1,RFQ-1004,constructpro,ConstructPro Materials,Northeast,88,Joint Compound,Drywall,316,sq_ft,19.35,USD,30
Q-RFQ-1004-constructpro-2,RFQ-1004,constructpro,ConstructPro Materials,Northeast,88,Copper Pipe,Plumbing,39,linear_ft,80.46,USD,33
Q-RFQ-1004-constructpro-3,RFQ-1004,constructpro,ConstructPro Materials,Northeast,88,HVAC Air Handler,HVAC,274,ton,709.42,USD,19
Q-RFQ-1004-constructpro-4,RFQ-1004,constructpro,ConstructPro Materials,Northeast,88,Drywall Sheet,Drywall,199,ea,19.37,USD,32
Q-RFQ-1004-constructpro-5,RFQ-1004,constructpro,ConstructPro Materials,Northeast,88,Breaker Panel,Electrical,309,yd3,58.92,USD,19
Q-RFQ-1004-constructpro-6,RFQ-1004,constructpro,ConstructPro Materials,Northeast,88,Steel Plate,Steel,148,linear_ft,850.85,USD,26
Q-RFQ-1004-constructpro-7,RFQ-1004,constructpro,ConstructPro Materials,Northeast,88,LED Fixture,Electrical,378,linear_ft,59.93,USD,28
Q-RFQ-1004-constructpro-8,RFQ-1004,constructpro,ConstructPro Materials,Northeast,88,Latex Paint,Paint,254,yd3,35.08,USD,10
Q-RFQ-1004-constructpro-9,RFQ-1004,constructpro,ConstructPro Materials,Northeast,88,VAV Box,HVAC,232,ton,741.53,USD,22
Q-RFQ-1004-constructpro-10,RFQ-1004,constructpro,ConstructPro Materials,Northeast,88,Primer,Paint,213,linear_ft,38.66,USD,23
Q-RFQ-1004-urban-1,RFQ-1004,urban,UrbanBuild Wholesale,West,82,Gypsum Board,Drywall,316,sq_ft,15.57,USD,31
Q-RFQ-1004-urban-2,RFQ-1004,urban,UrbanBuild Wholesale,West,82,Plumbing Fixture,Plumbing,39,linear_ft,69.51,USD,40
Q-RFQ-1004-urban-3,RFQ-1004,urban,UrbanBuild Wholesale,West,82,Ductwork,HVAC,274,ton,615.77,USD,17
Q-RFQ-1004-urban-4,RFQ-1004,urban,UrbanBuild Wholesale,West,82,Joint Compound,Drywall,199,ea,18.55,USD,31
Q-RFQ-1004-urban-5,RFQ-1004,urban,UrbanBuild Wholesale,West,82,LED Fixture,Electrical,309,yd3,60.38,USD,28
Q-RFQ-1004-urban-6,RFQ-1004,urban,UrbanBuild Wholesale,West,82,Structural Steel Beam,Steel,148,linear_ft,806.97,USD,25
Q-RFQ-1004-urban-7,RFQ-1004,urban,UrbanBuild Wholesale,West,82,Breaker Panel,Electrical,378,linear_ft,47.43,USD,35
Q-RFQ-1004-urban-8,RFQ-1004,urban,UrbanBuild Wholesale,West,82,Exterior Coating,Paint,254,yd3,28.39,USD,13
Q-RFQ-1004-urban-9,RFQ-1004,urban,UrbanBuild Wholesale,West,82,HVAC Compressor,HVAC,232,ton,673.23,USD,18
Q-RFQ-1004-urban-10,RFQ-1004,urban,UrbanBuild Wholesale,West,82,Paint Supplies,Paint,213,linear_ft,34.9,USD,23
Q-RFQ-1004-apex-1,RFQ-1004,apex,Apex Industrial Supply,South,90,Drywall Sheet,Drywall,316,sq_ft,18.32,USD,32
Q-RFQ-1004-apex-3,RFQ-1004,apex,Apex Industrial Supply,South,90,HVAC Compressor,HVAC,274,ton,654.94,USD,13
Q-RFQ-1004-apex-4,RFQ-1004,apex,Apex Industrial Supply,South,90,Drywall Screws,Drywall,199,ea,21.02,USD,39
Q-RFQ-1004-apex-5,RFQ-1004,apex,Apex Industrial Supply,South,90,Breaker Panel,Electrical,309,yd3,64.89,USD,27
Q-RFQ-1004-apex-6,RFQ-1004,apex,Apex Industrial Supply,South,90,Steel Plate,Steel,148,linear_ft,1013.85,USD,25
Q-RFQ-1004-apex-7,RFQ-1004,apex,Apex Industrial Supply,South,90,Conduit,Electrical,378,linear_ft,63.42,USD,31
Q-RFQ-1004-apex-8,RFQ-1004,apex,Apex Industrial Supply,South,90,Interior Paint,Paint,254,yd3,38.1,USD,11
Q-RFQ-1004-apex-9,RFQ-1004,apex,Apex Industrial Supply,South,90,HVAC Air Handler,HVAC,232,ton,657.33,USD,24
Q-RFQ-1004-apex-10,RFQ-1004,apex,Apex Industrial Supply,South,90,Paint Supplies,Paint,213,linear_ft,33.72,USD,23
Q-RFQ-1004-metro-1,RFQ-1004,metro,Metro Contractor Depot,National,86,Drywall Screws,Drywall,316,sq_ft,18.85,USD,23
Q-RFQ-1004-metro-2,RFQ-1004,metro,Metro Contractor Depot,National,86,Ball Valve,Plumbing,39,linear_ft,86.55,USD,30
Q-RFQ-1004-metro-3,RFQ-1004,metro,Metro Contractor Depot,National,86,VAV Box,HVAC,274,ton,713.11,USD,26
Q-RFQ-1004-metro-4,RFQ-1004,metro,Metro Contractor Depot,National,86,Drywall Screws,Drywall,199,ea,20.42,USD,37
Q-RFQ-1004-metro-5,RFQ-1004,metro,Metro Contractor Depot,National,86,Breaker Panel,Electrical,309,yd3,53.64,USD,27
Q-RFQ-1004-metro-6,RFQ-1004,metro,Metro Contractor Depot,National,86,Structural Steel Beam,Steel,148,linear_ft,1033.84,USD,20
Q-RFQ-1004-metro-7,RFQ-1004,metro,Metro Contractor Depot,National,86,Breaker Panel,Electrical,378,linear_ft,52.58,USD,29
Q-RFQ-1004-metro-8,RFQ-1004,metro,Metro Contractor Depot,National,86,Interior Paint,Paint,254,yd3,36.58,USD,14
Q-RFQ-1004-metro-9,RFQ-1004,metro,Metro Contractor Depot,National,86,Ductwork,HVAC,232,ton,675.08,USD,15
Q-RFQ-1004-metro-10,RFQ-1004,metro,Metro Contractor Depot,National,86,Interior Paint,Paint,213,linear_ft,37.36,USD,22
Q-RFQ-1005-buildtech-1,RFQ-1005,buildtech,BuildTech Supply,Midwest,94,Concrete Mix,Concrete,280,ea,165.1,USD,27
Q-RFQ-1005-buildtech-2,RFQ-1005,buildtech,BuildTech Supply,Midwest,94,Paint Supplies,Paint,237,linear_ft,37.4,USD,17
Q-RFQ-1005-buildtech-3,RFQ-1005,buildtech,BuildTech Supply,Midwest,94,Steel Plate,Steel,307,ton,902.53,USD,20
Q-RFQ-1005-buildtech-4,RFQ-1005,buildtech,BuildTech Supply,Midwest,94,Steel Rebar,Steel,285,ton,993.75,USD,36
Q-RFQ-1005-buildtech-5,RFQ-1005,buildtech,BuildTech Supply,Midwest,94,Cement Blend,Concrete,420,linear_ft,126.64,USD,17
Q-RFQ-1005-buildtech-6,RFQ-1005,buildtech,BuildTech Supply,Midwest,94,Joint Compound,Drywall,161,yd3,19.9,USD,12
Q-RFQ-1005-buildtech-7,RFQ-1005,buildtech,BuildTech Supply,Midwest,94,Primer,Paint,453,sq_ft,33.19,USD,26
Q-RFQ-1005-buildtech-8,RFQ-1005,buildtech,BuildTech Supply,Midwest,94,Interior Paint,Paint,468,ton,38.6,USD,23
Q-RFQ-1005-buildtech-9,RFQ-1005,buildtech,BuildTech Supply,Midwest,94,LED Fixture,Electrical,201,ea,50.41,USD,30
Q-RFQ-1005-buildtech-10,RFQ-1005,buildtech,BuildTech Supply,Midwest,94,Sheetrock,Drywall,218,linear_ft,15.46,USD,25
Q-RFQ-1005-constructpro-1,RFQ-1005,constructpro,ConstructPro Materials,Northeast,88,Concrete,Concrete,280,ea,153.94,USD,28
Q-RFQ-1005-constructpro-2,RFQ-1005,constructpro,ConstructPro Materials,Northeast,88,Latex Paint,Paint,237,linear_ft,38.63,USD,17
Q-RFQ-1005-constructpro-3,RFQ-1005,constructpro,ConstructPro Materials,Northeast,88,Rebar Grade 60,Steel,307,ton,886.13,USD,17
Q-RFQ-1005-constructpro-4,RFQ-1005,constructpro,ConstructPro Materials,Northeast,88,Structural Steel Beam,Steel,285,ton,946.53,USD,41
Q-RFQ-1005-constructpro-5,RFQ-1005,constructpro,ConstructPro Materials,Northeast,88,Portland Cement,Concrete,420,linear_ft,170.14,USD,14
Q-RFQ-1005-constructpro-6,RFQ-1005,constructpro,ConstructPro Materials,Northeast,88,Drywall Sheet,Drywall,161,yd3,21.3,USD,16
Q-RFQ-1005-constructpro-7,RFQ-1005,constructpro,ConstructPro Materials,Northeast,88,Exterior Coating,Paint,453,sq_ft,33.4,USD,26
Q-RFQ-1005-constructpro-8,RFQ-1005,constructpro,ConstructPro Materials,Northeast,88,Latex Paint,Paint,468,ton,36.07,USD,26
Q-RFQ-1005-constructpro-9,RFQ-1005,constructpro,ConstructPro Materials,Northeast,88,Electrical Wire,Electrical,201,ea,51.8,USD,28
Q-RFQ-1005-constructpro-10,RFQ-1005,constructpro,ConstructPro Materials,Northeast,88,Gypsum Board,Drywall,218,linear_ft,19.62,USD,19
Q-RFQ-1005-urban-1,RFQ-1005,urban,UrbanBuild Wholesale,West,82,Portland Cement,Concrete,280,ea,124.77,USD,28
Q-RFQ-1005-urban-2,RFQ-1005,urban,UrbanBuild Wholesale,West,82,Interior Paint,Paint,237,linear_ft,30.42,USD,31
Q-RFQ-1005-urban-3,RFQ-1005,urban,UrbanBuild Wholesale,West,82,I Beam Steel,Steel,307,ton,1003.69,USD,16
Q-RFQ-1005-urban-4,RFQ-1005,urban,UrbanBuild Wholesale,West,82,I Beam Steel,Steel,285,ton,1016.0,USD,33
Q-RFQ-1005-urban-5,RFQ-1005,urban,UrbanBuild Wholesale,West,82,Concrete,Concrete,420,linear_ft,137.17,USD,19
Q-RFQ-1005-urban-6,RFQ-1005,urban,UrbanBuild Wholesale,West,82,Joint Compound,Drywall,161,yd3,15.8,USD,24
Q-RFQ-1005-urban-7,RFQ-1005,urban,UrbanBuild Wholesale,West,82,Latex Paint,Paint,453,sq_ft,30.23,USD,25
Q-RFQ-1005-urban-8,RFQ-1005,urban,UrbanBuild Wholesale,West,82,Exterior Coating,Paint,468,ton,38.04,USD,16
Q-RFQ-1005-urban-9,RFQ-1005,urban,UrbanBuild Wholesale,West,82,Breaker Panel,Electrical,201,ea,55.94,USD,19
Q-RFQ-1005-urban-10,RFQ-1005,urban,UrbanBuild Wholesale,West,82,Drywall Sheet,Drywall,218,linear_ft,18.46,USD,26
Q-RFQ-1005-apex-1,RFQ-1005,apex,Apex Industrial Supply,South,90,Concrete,Concrete,280,ea,147.75,USD,30
Q-RFQ-1005-apex-2,RFQ-1005,apex,Apex Industrial Supply,South,90,Exterior Coating,Paint,237,linear_ft,35.84,USD,20
Q-RFQ-1005-apex-3,RFQ-1005,apex,Apex Industrial Supply,South,90,Steel Rebar,Steel,307,ton,973.99,USD,24
Q-RFQ-1005-apex-4,RFQ-1005,apex,Apex Industrial Supply,South,90,Structural Steel Beam,Steel,285,ton,975.92,USD,33
Q-RFQ-1005-apex-5,RFQ-1005,apex,Apex Industrial Supply,South,90,Concrete,Concrete,420,linear_ft,126.25,USD,23
Q-RFQ-1005-apex-6,RFQ-1005,apex,Apex Industrial Supply,South,90,Sheetrock,Drywall,161,yd3,20.72,USD,22
Q-RFQ-1005-apex-7,RFQ-1005,apex,Apex Industrial Supply,South,90,Latex Paint,Paint,453,sq_ft,31.42,USD,34
Q-RFQ-1005-apex-8,RFQ-1005,apex,Apex Industrial Supply,South,90,Exterior Coating,Paint,468,ton,35.02,USD,29
Q-RFQ-1005-apex-9,RFQ-1005,apex,Apex Industrial Supply,South,90,Junction Box,Electrical,201,ea,63.39,USD,31
Q-RFQ-1005-apex-10,RFQ-1005,apex,Apex Industrial Supply,South,90,Drywall Sheet,Drywall,218,linear_ft,20.49,USD,19
Q-RFQ-1005-metro-1,RFQ-1005,metro,Metro Contractor Depot,National,86,Concrete Mix,Concrete,280,ea,139.1,USD,31
Q-RFQ-1005-metro-2,RFQ-1005,metro,Metro Contractor Depot,National,86,Paint Supplies,Paint,237,linear_ft,38.77,USD,30
Q-RFQ-1005-metro-3,RFQ-1005,metro,Metro Contractor Depot,National,86,Steel Plate,Steel,307,ton,952.82,USD,14
Q-RFQ-1005-metro-4,RFQ-1005,metro,Metro Contractor Depot,National,86,Rebar Grade 60,Steel,285,ton,877.24,USD,39
Q-RFQ-1005-metro-5,RFQ-1005,metro,Metro Contractor Depot,National,86,Portland Cement,Concrete,420,linear_ft,145.08,USD,25
Q-RFQ-1005-metro-6,RFQ-1005,metro,Metro Contractor Depot,National,86,Gypsum Board,Drywall,161,yd3,18.68,USD,18
Q-RFQ-1005-metro-8,RFQ-1005,metro,Metro Contractor Depot,National,86,Latex Paint,Paint,468,ton,37.47,USD,19
Q-RFQ-1005-metro-9,RFQ-1005,metro,Metro Contractor Depot,National,86,Junction Box,Electrical,201,ea,61.99,USD,33
Q-RFQ-1005-metro-10,RFQ-1005,metro,Metro Contractor Depot,National,86,Drywall Sheet,Drywall,218,linear_ft,20.37,USD,14
Q-RFQ-1006-buildtech-1,RFQ-1006,buildtech,BuildTech Supply,Midwest,94,Ductwork,HVAC,84,yd3,637.65,USD,21
Q-RFQ-1006-buildtech-2,RFQ-1006,buildtech,BuildTech Supply,Midwest,94,LED Fixture,Electrical,223,linear_ft,47.05,USD,16
Q-RFQ-1006-buildtech-3,RFQ-1006,buildtech,BuildTech Supply,Midwest,94,Primer,Paint,239,sq_ft,36.94,USD,30
Q-RFQ-1006-buildtech-4,RFQ-1006,buildtech,BuildTech Supply,Midwest,94,Latex Paint,Paint,478,linear_ft,36.69,USD,22
Q-RFQ-1006-buildtech-5,RFQ-1006,buildtech,BuildTech Supply,Midwest,94,Concrete Mix,Concrete,340,linear_ft,165.25,USD,18
Q-RFQ-1006-buildtech-6,RFQ-1006,buildtech,BuildTech Supply,Midwest,94,Ready Mix Concrete,Concrete,136,linear_ft,128.81,USD,18
Q-RFQ-1006-buildtech-8,RFQ-1006,buildtech,BuildTech Supply,Midwest,94,Exterior Coating,Paint,56,linear_ft,30.87,USD,10
Q-RFQ-1006-buildtech-9,RFQ-1006,buildtech,BuildTech Supply,Midwest,94,Steel Plate,Steel,459,linear_ft,782.43,USD,12
Q-RFQ-1006-buildtech-10,RFQ-1006,buildtech,BuildTech Supply,Midwest,94,Paint Supplies,Paint,353,sq_ft,29.03,USD,14
Q-RFQ-1006-constructpro-1,RFQ-1006,constructpro,ConstructPro Materials,Northeast,88,Air Diffuser,HVAC,84,yd3,735.4,USD,17
Q-RFQ-1006-constructpro-2,RFQ-1006,constructpro,ConstructPro Materials,Northeast,88,LED Fixture,Electrical,223,linear_ft,59.87,USD,17
Q-RFQ-1006-constructpro-3,RFQ-1006,constructpro,ConstructPro Materials,Northeast,88,Interior Paint,Paint,239,sq_ft,40.92,USD,32
Q-RFQ-1006-constructpro-4,RFQ-1006,constructpro,ConstructPro Materials,Northeast,88,Interior Paint,Paint,478,linear_ft,34.89,USD,29
Q-RFQ-1006-constructpro-5,RFQ-1006,constructpro,ConstructPro Materials,Northeast,88,Ready Mix Concrete,Concrete,340,linear_ft,149.64,USD,15
Q-RFQ-1006-constructpro-6,RFQ-1006,constructpro,ConstructPro Materials,Northeast,88,Concrete,Concrete,136,linear_ft,131.58,USD,25
Q-RFQ-1006-constructpro-7,RFQ-1006,constructpro,ConstructPro Materials,Northeast,88,Rebar Grade 60,Steel,75,ea,981.22,USD,25
Q-RFQ-1006-constructpro-8,RFQ-1006,constructpro,ConstructPro Materials,Northeast,88,Paint Supplies,Paint,56,linear_ft,36.06,USD,18
Q-RFQ-1006-constructpro-9,RFQ-1006,constructpro,ConstructPro Materials,Northeast,88,Structural Steel Beam,Steel,459,linear_ft,845.01,USD,17
Q-RFQ-1006-constructpro-10,RFQ-1006,constructpro,ConstructPro Materials,Northeast,88,Latex Paint,Paint,353,sq_ft,39.95,USD,13
Q-RFQ-1006-urban-1,RFQ-1006,urban,UrbanBuild Wholesale,West,82,Ductwork,HVAC,84,yd3,644.46,USD,15
Q-RFQ-1006-urban-2,RFQ-1006,urban,UrbanBuild Wholesale,West,82,Junction Box,Electrical,223,linear_ft,52.52,USD,24
Q-RFQ-1006-urban-3,RFQ-1006,urban,UrbanBuild Wholesale,West,82,Exterior Coating,Paint,239,sq_ft,32.19,USD,30
Q-RFQ-1006-urban-4,RFQ-1006,urban,UrbanBuild Wholesale,West,82,Paint Supplies,Paint,478,linear_ft,34.88,USD,23
Q-RFQ-1006-urban-5,RFQ-1006,urban,UrbanBuild Wholesale,West,82,Portland Cement,Concrete,340,linear_ft,122.23,USD,11
Q-RFQ-1006-urban-6,RFQ-1006,urban,UrbanBuild Wholesale,West,82,Concrete Mix,Concrete,136,linear_ft,134.89,USD,24
Q-RFQ-1006-urban-7,RFQ-1006,urban,UrbanBuild Wholesale,West,82,I Beam Steel,Steel,75,ea,1019.19,USD,24
Q-RFQ-1006-urban-8,RFQ-1006,urban,UrbanBuild Wholesale,West,82,Paint Supplies,Paint,56,linear_ft,32.02,USD,23
Q-RFQ-1006-urban-9,RFQ-1006,urban,UrbanBuild Wholesale,West,82,Rebar Grade 60,Steel,459,linear_ft,766.03,USD,13
Q-RFQ-1006-urban-10,RFQ-1006,urban,UrbanBuild Wholesale,West,82,Latex Paint,Paint,353,sq_ft,28.85,USD,5
Q-RFQ-1006-apex-1,RFQ-1006,apex,Apex Industrial Supply,South,90,HVAC Air Handler,HVAC,84,yd3,689.72,USD,14
Q-RFQ-1006-apex-2,RFQ-1006,apex,Apex Industrial Supply,South,90,Breaker Panel,Electrical,223,linear_ft,53.77,USD,22
Q-RFQ-1006-apex-3,RFQ-1006,apex,Apex Industrial Supply,South,90,Latex Paint,Paint,239,sq_ft,33.91,USD,37
Q-RFQ-1006-apex-4,RFQ-1006,apex,Apex Industrial Supply,South,90,Latex Paint,Paint,478,linear_ft,35.92,USD,22
Q-RFQ-1006-apex-5,RFQ-1006,apex,Apex Industrial Supply,South,90,Concrete,Concrete,340,linear_ft,155.22,USD,10
Q-RFQ-1006-apex-6,RFQ-1006,apex,Apex Industrial Supply,South,90,Concrete,Concrete,136,linear_ft,157.31,USD,30
Q-RFQ-1006-apex-7,RFQ-1006,apex,Apex Industrial Supply,South,90,Steel Rebar,Steel,75,ea,793.0,USD,28
Q-RFQ-1006-apex-8,RFQ-1006,apex,Apex Industrial Supply,South,90,Interior Paint,Paint,56,linear_ft,30.0,USD,11
Q-RFQ-1006-apex-9,RFQ-1006,apex,Apex Industrial Supply,South,90,Steel Plate,Steel,459,linear_ft,854.54,USD,11
Q-RFQ-1006-apex-10,RFQ-1006,apex,Apex Industrial Supply,South,90,Exterior Coating,Paint,353,sq_ft,33.27,USD,14
Q-RFQ-1006-metro-1,RFQ-1006,metro,Metro Contractor Depot,National,86,HVAC Air Handler,HVAC,84,yd3,757.41,USD,11
Q-RFQ-1006-metro-2,RFQ-1006,metro,Metro Contractor Depot,National,86,Electrical Wire,Electrical,223,linear_ft,61.66,USD,17
Q-RFQ-1006-metro-3,RFQ-1006,metro,Metro Contractor Depot,National,86,Latex Paint,Paint,239,sq_ft,35.88,USD,32
Q-RFQ-1006-metro-4,RFQ-1006,metro,Metro Contractor Depot,National,86,Latex Paint,Paint,478,linear_ft,33.48,USD,23
Q-RFQ-1006-metro-5,RFQ-1006,metro,Metro Contractor Depot,National,86,Cement Blend,Concrete,340,linear_ft,137.64,USD,17
Q-RFQ-1006-metro-6,RFQ-1006,metro,Metro Contractor Depot,National,86,Concrete Mix,Concrete,136,linear_ft,147.35,USD,22
Q-RFQ-1006-metro-7,RFQ-1006,metro,Metro Contractor Depot,National,86,Steel Rebar,Steel,75,ea,855.77,USD,23
Q-RFQ-1006-metro-8,RFQ-1006,metro,Metro Contractor Depot,National,86,Exterior Coating,Paint,56,linear_ft,39.84,USD,14
Q-RFQ-1006-metro-9,RFQ-1006,metro,Metro Contractor Depot,National,86,Steel Plate,Steel,459,linear_ft,841.08,USD,6
Q-RFQ-1006-metro-10,RFQ-1006,metro,Metro Contractor Depot,National,86,Primer,Paint,353,sq_ft,37.14,USD,10
Q-RFQ-1007-buildtech-1,RFQ-1007,buildtech,BuildTech Supply,Midwest,94,Primer,Paint,61,linear_ft,32.05,USD,32
Q-RFQ-1007-buildtech-2,RFQ-1007,buildtech,BuildTech Supply,Midwest,94,Primer,Paint,248,yd3,31.06,USD,25
Q-RFQ-1007-buildtech-3,RFQ-1007,buildtech,BuildTech Supply,Midwest,94,Ready Mix Concrete,Concrete,319,linear_ft,155.13,USD,22
Q-RFQ-1007-buildtech-4,RFQ-1007,buildtech,BuildTech Supply,Midwest,94,Plumbing Fixture,Plumbing,173,yd3,87.47,USD,26
Q-RFQ-1007-buildtech-5,RFQ-1007,buildtech,BuildTech Supply,Midwest,94,Cement Blend,Concrete,112,sq_ft,147.04,USD,26
Q-RFQ-1007-buildtech-6,RFQ-1007,buildtech,BuildTech Supply,Midwest,94,Sheetrock,Drywall,70,linear_ft,18.5,USD,31
Q-RFQ-1007-buildtech-7,RFQ-1007,buildtech,BuildTech Supply,Midwest,94,Concrete,Concrete,248,sq_ft,142.06,USD,26
Q-RFQ-1007-buildtech-8,RFQ-1007,buildtech,BuildTech Supply,Midwest,94,LED Fixture,Electrical,227,ea,46.84,USD,26
Q-RFQ-1007-buildtech-9,RFQ-1007,buildtech,BuildTech Supply,Midwest,94,HVAC Air Handler,HVAC,195,ton,662.64,USD,9
Q-RFQ-1007-buildtech-10,RFQ-1007,buildtech,BuildTech Supply,Midwest,94,Electrical Wire,Electrical,296,sq_ft,47.19,USD,17
Q-RFQ-1007-constructpro-1,RFQ-1007,constructpro,ConstructPro Materials,Northeast,88,Latex Paint,Paint,61,linear_ft,34.43,USD,37
Q-RFQ-1007-constructpro-2,RFQ-1007,constructpro,ConstructPro Materials,Northeast,88,Interior Paint,Paint,248,yd3,38.4,USD,23
Q-RFQ-1007-constructpro-3,RFQ-1007,constructpro,ConstructPro Materials,Northeast,88,Concrete Mix,Concrete,319,linear_ft,155.76,USD,25
Q-RFQ-1007-constructpro-4,RFQ-1007,constructpro,ConstructPro Materials,Northeast,88,Copper Pipe,Plumbing,173,yd3,89.34,USD,21
Q-RFQ-1007-constructpro-5,RFQ-1007,constructpro,ConstructPro Materials,Northeast,88,Concrete,Concrete,112,sq_ft,171.41,USD,27
Q-RFQ-1007-constructpro-6,RFQ-1007,constructpro,ConstructPro Materials,Northeast,88,Drywall Sheet,Drywall,70,linear_ft,19.78,USD,32
Q-RFQ-1007-constructpro-7,RFQ-1007,constructpro,ConstructPro Materials,Northeast,88,Cement Blend,Concrete,248,sq_ft,175.8,USD,22
Q-RFQ-1007-constructpro-8,RFQ-1007,constructpro,ConstructPro Materials,Northeast,88,Breaker Panel,Electrical,227,ea,55.32,USD,31
Q-RFQ-1007-constructpro-9,RFQ-1007,constructpro,ConstructPro Materials,Northeast,88,VAV Box,HVAC,195,ton,678.18,USD,4
Q-RFQ-1007-constructpro-10,RFQ-1007,constructpro,ConstructPro Materials,Northeast,88,Electrical Wire,Electrical,296,sq_ft,60.45,USD,13
Q-RFQ-1007-urban-1,RFQ-1007,urban,UrbanBuild Wholesale,West,82,Exterior Coating,Paint,61,linear_ft,34.79,USD,33
Q-RFQ-1007-urban-2,RFQ-1007,urban,UrbanBuild Wholesale,West,82,Latex Paint,Paint,248,yd3,34.56,USD,29
Q-RFQ-1007-urban-3,RFQ-1007,urban,UrbanBuild Wholesale,West,82,Concrete Mix,Concrete,319,linear_ft,122.06,USD,34
Q-RFQ-1007-urban-4,RFQ-1007,urban,UrbanBuild Wholesale,West,82,Plumbing Fixture,Plumbing,173,yd3,94.45,USD,16
Q-RFQ-1007-urban-5,RFQ-1007,urban,UrbanBuild Wholesale,West,82,Concrete,Concrete,112,sq_ft,159.81,USD,24
Q-RFQ-1007-urban-6,RFQ-1007,urban,UrbanBuild Wholesale,West,82,Gypsum Board,Drywall,70,linear_ft,19.04,USD,39
Q-RFQ-1007-urban-7,RFQ-1007,urban,UrbanBuild Wholesale,West,82,Cement Blend,Concrete,248,sq_ft,160.21,USD,15
Q-RFQ-1007-urban-8,RFQ-1007,urban,UrbanBuild Wholesale,West,82,Breaker Panel,Electrical,227,ea,52.01,USD,25
Q-RFQ-1007-urban-9,RFQ-1007,urban,UrbanBuild Wholesale,West,82,Ductwork,HVAC,195,ton,592.82,USD,9
Q-RFQ-1007-urban-10,RFQ-1007,urban,UrbanBuild Wholesale,West,82,Conduit,Electrical,296,sq_ft,53.07,USD,10
Q-RFQ-1007-apex-1,RFQ-1007,apex,Apex Industrial Supply,South,90,Interior Paint,Paint,61,linear_ft,32.46,USD,37
Q-RFQ-1007-apex-2,RFQ-1007,apex,Apex Industrial Supply,South,90,Latex Paint,Paint,248,yd3,38.33,USD,16
Q-RFQ-1007-apex-3,RFQ-1007,apex,Apex Industrial Supply,South,90,Cement Blend,Concrete,319,linear_ft,165.36,USD,22
Q-RFQ-1007-apex-4,RFQ-1007,apex,Apex Industrial Supply,South,90,PVC Plumbing Pipe,Plumbing,173,yd3,77.3,USD,27
Q-RFQ-1007-apex-5,RFQ-1007,apex,Apex Industrial Supply,South,90,Concrete Mix,Concrete,112,sq_ft,153.69,USD,27
Q-RFQ-1007-apex-6,RFQ-1007,apex,Apex Industrial Supply,South,90,Gypsum Board,Drywall,70,linear_ft,17.85,USD,36
Q-RFQ-1007-apex-7,RFQ-1007,apex,Apex Industrial Supply,South,90,Portland Cement,Concrete,248,sq_ft,159.61,USD,17
Q-RFQ-1007-apex-8,RFQ-1007,apex,Apex Industrial Supply,South,90,Junction Box,Electrical,227,ea,52.75,USD,39
Q-RFQ-1007-apex-9,RFQ-1007,apex,Apex Industrial Supply,South,90,VAV Box,HVAC,195,ton,664.84,USD,11
Q-RFQ-1007-apex-10,RFQ-1007,apex,Apex Industrial Supply,South,90,Junction Box,Electrical,296,sq_ft,52.26,USD,16
Q-RFQ-1007-metro-1,RFQ-1007,metro,Metro Contractor Depot,National,86,Primer,Paint,61,linear_ft,42.14,USD,41
Q-RFQ-1007-metro-2,RFQ-1007,metro,Metro Contractor Depot,National,86,Interior Paint,Paint,248,yd3,41.06,USD,26
Q-RFQ-1007-metro-3,RFQ-1007,metro,Metro Contractor Depot,National,86,Ready Mix Concrete,Concrete,319,linear_ft,150.44,USD,31
Q-RFQ-1007-metro-4,RFQ-1007,metro,Metro Contractor Depot,National,86,Ball Valve,Plumbing,173,yd3,102.03,USD,15
Q-RFQ-1007-metro-5,RFQ-1007,metro,Metro Contractor Depot,National,86,Cement Blend,Concrete,112,sq_ft,145.6,USD,18
Q-RFQ-1007-metro-6,RFQ-1007,metro,Metro Contractor Depot,National,86,Gypsum Board,Drywall,70,linear_ft,16.97,USD,42
Q-RFQ-1007-metro-7,RFQ-1007,metro,Metro Contractor Depot,National,86,Ready Mix Concrete,Concrete,248,sq_ft,149.38,USD,20
Q-RFQ-1007-metro-8,RFQ-1007,metro,Metro Contractor Depot,National,86,Conduit,Electrical,227,ea,59.5,USD,31
Q-RFQ-1007-metro-9,RFQ-1007,metro,Metro Contractor Depot,National,86,HVAC Air Handler,HVAC,195,ton,706.36,USD,9
Q-RFQ-1007-metro-10,RFQ-1007,metro,Metro Contractor Depot,National,86,Breaker Panel,Electrical,296,sq_ft,65.79,USD,20
Q-RFQ-1008-buildtech-1,RFQ-1008,buildtech,BuildTech Supply,Midwest,94,Portland Cement,Concrete,494,linear_ft,131.79,USD,26
Q-RFQ-1008-buildtech-2,RFQ-1008,buildtech,BuildTech Supply,Midwest,94,Sheetrock,Drywall,413,linear_ft,15.49,USD,17
Q-RFQ-1008-buildtech-3,RFQ-1008,buildtech,BuildTech Supply,Midwest,94,LED Fixture,Electrical,488,yd3,55.17,USD,10
Q-RFQ-1008-buildtech-5,RFQ-1008,buildtech,BuildTech Supply,Midwest,94,Paint Supplies,Paint,295,linear_ft,28.82,USD,10
Q-RFQ-1008-buildtech-6,RFQ-1008,buildtech,BuildTech Supply,Midwest,94,Drywall Sheet,Drywall,146,ea,15.11,USD,10
Q-RFQ-1008-buildtech-7,RFQ-1008,buildtech,BuildTech Supply,Midwest,94,Ready Mix Concrete,Concrete,239,sq_ft,150.53,USD,28
Q-RFQ-1008-buildtech-8,RFQ-1008,buildtech,BuildTech Supply,Midwest,94,Concrete Mix,Concrete,453,linear_ft,155.02,USD,21
Q-RFQ-1008-buildtech-9,RFQ-1008,buildtech,BuildTech Supply,Midwest,94,Conduit,Electrical,348,sq_ft,51.66,USD,33
Q-RFQ-1008-buildtech-10,RFQ-1008,buildtech,BuildTech Supply,Midwest,94,Steel Plate,Steel,174,linear_ft,900.15,USD,12
Q-RFQ-1008-constructpro-1,RFQ-1008,constructpro,ConstructPro Materials,Northeast,88,Portland Cement,Concrete,494,linear_ft,134.89,USD,24
Q-RFQ-1008-constructpro-2,RFQ-1008,constructpro,ConstructPro Materials,Northeast,88,Gypsum Board,Drywall,413,linear_ft,16.2,USD,30
Q-RFQ-1008-constructpro-3,RFQ-1008,constructpro,ConstructPro Materials,Northeast,88,LED Fixture,Electrical,488,yd3,65.64,USD,8
Q-RFQ-1008-constructpro-4,RFQ-1008,constructpro,ConstructPro Materials,Northeast,88,HVAC Compressor,HVAC,452,ton,724.05,USD,19
Q-RFQ-1008-constructpro-5,RFQ-1008,constructpro,ConstructPro Materials,Northeast,88,Exterior Coating,Paint,295,linear_ft,32.26,USD,18
Q-RFQ-1008-constructpro-6,RFQ-1008,constructpro,ConstructPro Materials,Northeast,88,Sheetrock,Drywall,146,ea,21.08,USD,9
Q-RFQ-1008-constructpro-7,RFQ-1008,constructpro,ConstructPro Materials,Northeast,88,Portland Cement,Concrete,239,sq_ft,146.03,USD,27
Q-RFQ-1008-constructpro-8,RFQ-1008,constructpro,ConstructPro Materials,Northeast,88,Concrete,Concrete,453,linear_ft,174.15,USD,23
Q-RFQ-1008-constructpro-9,RFQ-1008,constructpro,ConstructPro Materials,Northeast,88,LED Fixture,Electrical,348,sq_ft,57.74,USD,24
Q-RFQ-1008-constructpro-10,RFQ-1008,constructpro,ConstructPro Materials,Northeast,88,Structural Steel Beam,Steel,174,linear_ft,1035.41,USD,8
Q-RFQ-1008-urban-1,RFQ-1008,urban,UrbanBuild Wholesale,West,82,Cement Blend,Concrete,494,linear_ft,154.71,USD,28
Q-RFQ-1008-urban-2,RFQ-1008,urban,UrbanBuild Wholesale,West,82,Sheetrock,Drywall,413,linear_ft,15.14,USD,20
Q-RFQ-1008-urban-3,RFQ-1008,urban,UrbanBuild Wholesale,West,82,Conduit,Electrical,488,yd3,56.93,USD,13
Q-RFQ-1008-urban-4,RFQ-1008,urban,UrbanBuild Wholesale,West,82,HVAC Compressor,HVAC,452,ton,647.99,USD,28
Q-RFQ-1008-urban-5,RFQ-1008,urban,UrbanBuild Wholesale,West,82,Interior Paint,Paint,295,linear_ft,30.62,USD,6
Q-RFQ-1008-urban-6,RFQ-1008,urban,UrbanBuild Wholesale,West,82,Drywall Screws,Drywall,146,ea,16.93,USD,17
Q-RFQ-1008-urban-7,RFQ-1008,urban,UrbanBuild Wholesale,West,82,Ready Mix Concrete,Concrete,239,sq_ft,125.52,USD,18
Q-RFQ-1008-urban-8,RFQ-1008,urban,UrbanBuild Wholesale,West,82,Portland Cement,Concrete,453,linear_ft,148.36,USD,21
Q-RFQ-1008-urban-9,RFQ-1008,urban,UrbanBuild Wholesale,West,82,Breaker Panel,Electrical,348,sq_ft,48.88,USD,25
Q-RFQ-1008-urban-10,RFQ-1008,urban,UrbanBuild Wholesale,West,82,I Beam Steel,Steel,174,linear_ft,910.29,USD,4
Q-RFQ-1008-apex-1,RFQ-1008,apex,Apex Industrial Supply,South,90,Concrete,Concrete,494,linear_ft,168.73,USD,31
Q-RFQ-1008-apex-2,RFQ-1008,apex,Apex Industrial Supply,South,90,Drywall Screws,Drywall,413,linear_ft,18.79,USD,21
Q-RFQ-1008-apex-3,RFQ-1008,apex,Apex Industrial Supply,South,90,Conduit,Electrical,488,yd3,58.73,USD,3
Q-RFQ-1008-apex-5,RFQ-1008,apex,Apex Industrial Supply,South,90,Latex Paint,Paint,295,linear_ft,34.87,USD,6
Q-RFQ-1008-apex-6,RFQ-1008,apex,Apex Industrial Supply,South,90,Joint Compound,Drywall,146,ea,16.98,USD,8
Q-RFQ-1008-apex-7,RFQ-1008,apex,Apex Industrial Supply,South,90,Portland Cement,Concrete,239,sq_ft,137.95,USD,19
Q-RFQ-1008-apex-8,RFQ-1008,apex,Apex Industrial Supply,South,90,Portland Cement,Concrete,453,linear_ft,164.27,USD,23
Q-RFQ-1008-apex-9,RFQ-1008,apex,Apex Industrial Supply,South,90,Electrical Wire,Electrical,348,sq_ft,55.13,USD,32
Q-RFQ-1008-apex-10,RFQ-1008,apex,Apex Industrial Supply,South,90,Rebar Grade 60,Steel,174,linear_ft,1040.12,USD,12
Q-RFQ-1008-metro-1,RFQ-1008,metro,Metro Contractor Depot,National,86,Cement Blend,Concrete,494,linear_ft,135.38,USD,28
Q-RFQ-1008-metro-2,RFQ-1008,metro,Metro Contractor Depot,National,86,Gypsum Board,Drywall,413,linear_ft,21.61,USD,28
Q-RFQ-1008-metro-3,RFQ-1008,metro,Metro Contractor Depot,National,86,Conduit,Electrical,488,yd3,54.32,USD,14
Q-RFQ-1008-metro-4,RFQ-1008,metro,Metro Contractor Depot,National,86,HVAC Air Handler,HVAC,452,ton,802.19,USD,24
Q-RFQ-1008-metro-5,RFQ-1008,metro,Metro Contractor Depot,National,86,Latex Paint,Paint,295,linear_ft,35.25,USD,7
Q-RFQ-1008-metro-6,RFQ-1008,metro,Metro Contractor Depot,National,86,Sheetrock,Drywall,146,ea,16.94,USD,11
Q-RFQ-1008-metro-7,RFQ-1008,metro,Metro Contractor Depot,National,86,Cement Blend,Concrete,239,sq_ft,167.54,USD,22
Q-RFQ-1008-metro-8,RFQ-1008,metro,Metro Contractor Depot,National,86,Ready Mix Concrete,Concrete,453,linear_ft,172.68,USD,23
Q-RFQ-1008-metro-9,RFQ-1008,metro,Metro Contractor Depot,National,86,Junction Box,Electrical,348,sq_ft,62.12,USD,27
Q-RFQ-1008-metro-10,RFQ-1008,metro,Metro Contractor Depot,National,86,I Beam Steel,Steel,174,linear_ft,946.18,USD,12
Q-RFQ-1009-buildtech-1,RFQ-1009,buildtech,BuildTech Supply,Midwest,94,Drywall Sheet,Drywall,246,sq_ft,18.47,USD,36
Q-RFQ-1009-buildtech-2,RFQ-1009,buildtech,BuildTech Supply,Midwest,94,Concrete,Concrete,290,ton,145.51,USD,18
Q-RFQ-1009-buildtech-3,RFQ-1009,buildtech,BuildTech Supply,Midwest,94,Steel Plate,Steel,190,ton,998.02,USD,17
Q-RFQ-1009-buildtech-4,RFQ-1009,buildtech,BuildTech Supply,Midwest,94,Conduit,Electrical,458,yd3,57.64,USD,17
Q-RFQ-1009-buildtech-5,RFQ-1009,buildtech,BuildTech Supply,Midwest,94,Rebar Grade 60,Steel,165,ton,900.09,USD,31
Q-RFQ-1009-buildtech-6,RFQ-1009,buildtech,BuildTech Supply,Midwest,94,HVAC Compressor,HVAC,298,yd3,749.09,USD,29
Q-RFQ-1009-buildtech-7,RFQ-1009,buildtech,BuildTech Supply,Midwest,94,Paint Supplies,Paint,328,sq_ft,32.01,USD,8
Q-RFQ-1009-buildtech-8,RFQ-1009,buildtech,BuildTech Supply,Midwest,94,Structural Steel Beam,Steel,393,sq_ft,914.53,USD,17
Q-RFQ-1009-buildtech-9,RFQ-1009,buildtech,BuildTech Supply,Midwest,94,Joint Compound,Drywall,46,yd3,15.7,USD,7
Q-RFQ-1009-buildtech-10,RFQ-1009,buildtech,BuildTech Supply,Midwest,94,Portland Cement,Concrete,160,ton,123.24,USD,39
Q-RFQ-1009-constructpro-1,RFQ-1009,constructpro,ConstructPro Materials,Northeast,88,Gypsum Board,Drywall,246,sq_ft,17.42,USD,42
Q-RFQ-1009-constructpro-2,RFQ-1009,constructpro,ConstructPro Materials,Northeast,88,Concrete,Concrete,290,ton,156.05,USD,14
Q-RFQ-1009-constructpro-3,RFQ-1009,constructpro,ConstructPro Materials,Northeast,88,I Beam Steel,Steel,190,ton,966.03,USD,20
Q-RFQ-1009-constructpro-4,RFQ-1009,constructpro,ConstructPro Materials,Northeast,88,Electrical Wire,Electrical,458,yd3,54.31,USD,11
Q-RFQ-1009-constructpro-5,RFQ-1009,constructpro,ConstructPro Materials,Northeast,88,Steel Rebar,Steel,165,ton,968.2,USD,25
Q-RFQ-1009-constructpro-6,RFQ-1009,constructpro,ConstructPro Materials,Northeast,88,HVAC Compressor,HVAC,298,yd3,613.25,USD,25
Q-RFQ-1009-constructpro-7,RFQ-1009,constructpro,ConstructPro Materials,Northeast,88,Paint Supplies,Paint,328,sq_ft,39.56,USD,10
Q-RFQ-1009-constructpro-8,RFQ-1009,constructpro,ConstructPro Materials,Northeast,88,Steel Plate,Steel,393,sq_ft,1071.83,USD,14
Q-RFQ-1009-constructpro-9,RFQ-1009,constructpro,ConstructPro Materials,Northeast,88,Joint Compound,Drywall,46,yd3,20.26,USD,9
Q-RFQ-1009-constructpro-10,RFQ-1009,constructpro,ConstructPro Materials,Northeast,88,Cement Blend,Concrete,160,ton,130.89,USD,29
Q-RFQ-1009-urban-1,RFQ-1009,urban,UrbanBuild Wholesale,West,82,Joint Compound,Drywall,246,sq_ft,16.29,USD,37
Q-RFQ-1009-urban-2,RFQ-1009,urban,UrbanBuild Wholesale,West,82,Cement Blend,Concrete,290,ton,142.7,USD,21
Q-RFQ-1009-urban-3,RFQ-1009,urban,UrbanBuild Wholesale,West,82,Structural Steel Beam,Steel,190,ton,787.62,USD,19
Q-RFQ-1009-urban-4,RFQ-1009,urban,UrbanBuild Wholesale,West,82,LED Fixture,Electrical,458,yd3,61.43,USD,15
Q-RFQ-1009-urban-5,RFQ-1009,urban,UrbanBuild Wholesale,West,82,I Beam Steel,Steel,165,ton,807.31,USD,28
Q-RFQ-1009-urban-6,RFQ-1009,urban,UrbanBuild Wholesale,West,82,Ductwork,HVAC,298,yd3,564.93,USD,29
Q-RFQ-1009-urban-7,RFQ-1009,urban,UrbanBuild Wholesale,West,82,Paint Supplies,Paint,328,sq_ft,32.67,USD,8
Q-RFQ-1009-urban-8,RFQ-1009,urban,UrbanBuild Wholesale,West,82,Rebar Grade 60,Steel,393,sq_ft,895.82,USD,26
Q-RFQ-1009-urban-9,RFQ-1009,urban,UrbanBuild Wholesale,West,82,Drywall Screws,Drywall,46,yd3,15.6,USD,15
Q-RFQ-1009-urban-10,RFQ-1009,urban,UrbanBuild Wholesale,West,82,Cement Blend,Concrete,160,ton,144.64,USD,39
Q-RFQ-1009-apex-1,RFQ-1009,apex,Apex Industrial Supply,South,90,Drywall Screws,Drywall,246,sq_ft,18.3,USD,33
Q-RFQ-1009-apex-2,RFQ-1009,apex,Apex Industrial Supply,South,90,Concrete,Concrete,290,ton,125.47,USD,21
Q-RFQ-1009-apex-3,RFQ-1009,apex,Apex Industrial Supply,South,90,Rebar Grade 60,Steel,190,ton,913.83,USD,25
Q-RFQ-1009-apex-4,RFQ-1009,apex,Apex Industrial Supply,South,90,Electrical Wire,Electrical,458,yd3,62.65,USD,19
Q-RFQ-1009-apex-5,RFQ-1009,apex,Apex Industrial Supply,South,90,I Beam Steel,Steel,165,ton,1075.91,USD,31
Q-RFQ-1009-apex-6,RFQ-1009,apex,Apex Industrial Supply,South,90,Air Diffuser,HVAC,298,yd3,595.97,USD,20
Q-RFQ-1009-apex-7,RFQ-1009,apex,Apex Industrial Supply,South,90,Paint Supplies,Paint,328,sq_ft,37.09,USD,8
Q-RFQ-1009-apex-8,RFQ-1009,apex,Apex Industrial Supply,South,90,I Beam Steel,Steel,393,sq_ft,862.5,USD,23
Q-RFQ-1009-apex-9,RFQ-1009,apex,Apex Industrial Supply,South,90,Sheetrock,Drywall,46,yd3,15.59,USD,10
Q-RFQ-1009-apex-10,RFQ-1009,apex,Apex Industrial Supply,South,90,Portland Cement,Concrete,160,ton,156.74,USD,34
Q-RFQ-1009-metro-1,RFQ-1009,metro,Metro Contractor Depot,National,86,Drywall Sheet,Drywall,246,sq_ft,22.03,USD,40
Q-RFQ-1009-metro-2,RFQ-1009,metro,Metro Contractor Depot,National,86,Concrete,Concrete,290,ton,142.38,USD,21
Q-RFQ-1009-metro-3,RFQ-1009,metro,Metro Contractor Depot,National,86,Steel Rebar,Steel,190,ton,956.27,USD,20
Q-RFQ-1009-metro-4,RFQ-1009,metro,Metro Contractor Depot,National,86,Breaker Panel,Electrical,458,yd3,56.52,USD,20
Q-RFQ-1009-metro-5,RFQ-1009,metro,Metro Contractor Depot,National,86,Rebar Grade 60,Steel,165,ton,1063.65,USD,31
Q-RFQ-1009-metro-6,RFQ-1009,metro,Metro Contractor Depot,National,86,HVAC Compressor,HVAC,298,yd3,840.7,USD,26
Q-RFQ-1009-metro-7,RFQ-1009,metro,Metro Contractor Depot,National,86,Exterior Coating,Paint,328,sq_ft,41.85,USD,18
Q-RFQ-1009-metro-8,RFQ-1009,metro,Metro Contractor Depot,National,86,Steel Plate,Steel,393,sq_ft,903.36,USD,17
Q-RFQ-1009-metro-9,RFQ-1009,metro,Metro Contractor Depot,National,86,Sheetrock,Drywall,46,yd3,19.83,USD,8
Q-RFQ-1009-metro-10,RFQ-1009,metro,Metro Contractor Depot,National,86,Portland Cement,Concrete,160,ton,165.46,USD,40
Q-RFQ-1010-buildtech-1,RFQ-1010,buildtech,BuildTech Supply,Midwest,94,HVAC Air Handler,HVAC,173,yd3,579.74,USD,21
Q-RFQ-1010-buildtech-2,RFQ-1010,buildtech,BuildTech Supply,Midwest,94,Interior Paint,Paint,202,linear_ft,34.01,USD,36
Q-RFQ-1010-buildtech-3,RFQ-1010,buildtech,BuildTech Supply,Midwest,94,Ductwork,HVAC,134,ton,655.46,USD,42
Q-RFQ-1010-buildtech-4,RFQ-1010,buildtech,BuildTech Supply,Midwest,94,Junction Box,Electrical,312,ea,62.9,USD,18
Q-RFQ-1010-buildtech-5,RFQ-1010,buildtech,BuildTech Supply,Midwest,94,Concrete,Concrete,404,sq_ft,163.11,USD,23
Q-RFQ-1010-buildtech-7,RFQ-1010,buildtech,BuildTech Supply,Midwest,94,Exterior Coating,Paint,51,yd3,34.72,USD,19
Q-RFQ-1010-buildtech-8,RFQ-1010,buildtech,BuildTech Supply,Midwest,94,VAV Box,HVAC,76,ton,702.62,USD,9
Q-RFQ-1010-buildtech-9,RFQ-1010,buildtech,BuildTech Supply,Midwest,94,LED Fixture,Electrical,233,linear_ft,48.17,USD,24
Q-RFQ-1010-buildtech-10,RFQ-1010,buildtech,BuildTech Supply,Midwest,94,Exterior Coating,Paint,412,ea,36.9,USD,14
Q-RFQ-1010-constructpro-1,RFQ-1010,constructpro,ConstructPro Materials,Northeast,88,Ductwork,HVAC,173,yd3,747.64,USD,11
Q-RFQ-1010-constructpro-2,RFQ-1010,constructpro,ConstructPro Materials,Northeast,88,Latex Paint,Paint,202,linear_ft,38.98,USD,32
Q-RFQ-1010-constructpro-3,RFQ-1010,constructpro,ConstructPro Materials,Northeast,88,Air Diffuser,HVAC,134,ton,641.68,USD,41
Q-RFQ-1010-constructpro-4,RFQ-1010,constructpro,ConstructPro Materials,Northeast,88,Junction Box,Electrical,312,ea,54.66,USD,16
Q-RFQ-1010-constructpro-5,RFQ-1010,constructpro,ConstructPro Materials,Northeast,88,Portland Cement,Concrete,404,sq_ft,175.36,USD,14
Q-RFQ-1010-constructpro-6,RFQ-1010,constructpro,ConstructPro Materials,Northeast,88,Steel Plate,Steel,367,sq_ft,817.01,USD,12
Q-RFQ-1010-constructpro-7,RFQ-1010,constructpro,ConstructPro Materials,Northeast,88,Exterior Coating,Paint,51,yd3,33.11,USD,19
Q-RFQ-1010-constructpro-8,RFQ-1010,constructpro,ConstructPro Materials,Northeast,88,HVAC Compressor,HVAC,76,ton,730.74,USD,12
Q-RFQ-1010-constructpro-9,RFQ-1010,constructpro,ConstructPro Materials,Northeast,88,Electrical Wire,Electrical,233,linear_ft,53.0,USD,24
Q-RFQ-1010-constructpro-10,RFQ-1010,constructpro,ConstructPro Materials,Northeast,88,Latex Paint,Paint,412,ea,34.66,USD,26
Q-RFQ-1010-urban-1,RFQ-1010,urban,UrbanBuild Wholesale,West,82,HVAC Compressor,HVAC,173,yd3,701.0,USD,22
Q-RFQ-1010-urban-2,RFQ-1010,urban,UrbanBuild Wholesale,West,82,Exterior Coating,Paint,202,linear_ft,37.25,USD,27
Q-RFQ-1010-urban-3,RFQ-1010,urban,UrbanBuild Wholesale,West,82,Ductwork,HVAC,134,ton,600.86,USD,35
Q-RFQ-1010-urban-4,RFQ-1010,urban,UrbanBuild Wholesale,West,82,LED Fixture,Electrical,312,ea,57.44,USD,11
Q-RFQ-1010-urban-5,RFQ-1010,urban,UrbanBuild Wholesale,West,82,Portland Cement,Concrete,404,sq_ft,142.68,USD,21
Q-RFQ-1010-urban-6,RFQ-1010,urban,UrbanBuild Wholesale,West,82,Steel Rebar,Steel,367,sq_ft,937.37,USD,21
Q-RFQ-1010-urban-7,RFQ-1010,urban,UrbanBuild Wholesale,West,82,Interior Paint,Paint,51,yd3,35.58,USD,23
Q-RFQ-1010-urban-8,RFQ-1010,urban,UrbanBuild Wholesale,West,82,HVAC Air Handler,HVAC,76,ton,701.04,USD,16
Q-RFQ-1010-urban-9,RFQ-1010,urban,UrbanBuild Wholesale,West,82,LED Fixture,Electrical,233,linear_ft,45.97,USD,31
Q-RFQ-1010-urban-10,RFQ-1010,urban,UrbanBuild Wholesale,West,82,Primer,Paint,412,ea,33.7,USD,14
Q-RFQ-1010-apex-1,RFQ-1010,apex,Apex Industrial Supply,South,90,HVAC Air Handler,HVAC,173,yd3,698.03,USD,21
Q-RFQ-1010-apex-2,RFQ-1010,apex,Apex Industrial Supply,South,90,Interior Paint,Paint,202,linear_ft,35.58,USD,36
Q-RFQ-1010-apex-3,RFQ-1010,apex,Apex Industrial Supply,South,90,Air Diffuser,HVAC,134,ton,760.77,USD,30
Q-RFQ-1010-apex-4,RFQ-1010,apex,Apex Industrial Supply,South,90,Electrical Wire,Electrical,312,ea,55.34,USD,14
Q-RFQ-1010-apex-5,RFQ-1010,apex,Apex Industrial Supply,South,90,Ready Mix Concrete,Concrete,404,sq_ft,162.14,USD,15
Q-RFQ-1010-apex-6,RFQ-1010,apex,Apex Industrial Supply,South,90,Steel Rebar,Steel,367,sq_ft,792.09,USD,18
Q-RFQ-1010-apex-7,RFQ-1010,apex,Apex Industrial Supply,South,90,Interior Paint,Paint,51,yd3,33.85,USD,23
Q-RFQ-1010-apex-8,RFQ-1010,apex,Apex Industrial Supply,South,90,HVAC Air Handler,HVAC,76,ton,788.17,USD,16
Q-RFQ-1010-apex-9,RFQ-1010,apex,Apex Industrial Supply,South,90,Conduit,Electrical,233,linear_ft,52.35,USD,29
Q-RFQ-1010-apex-10,RFQ-1010,apex,Apex Industrial Supply,South,90,Paint Supplies,Paint,412,ea,36.22,USD,17
Q-RFQ-1010-metro-1,RFQ-1010,metro,Metro Contractor Depot,National,86,Air Diffuser,HVAC,173,yd3,708.11,USD,17
Q-RFQ-1010-metro-2,RFQ-1010,metro,Metro Contractor Depot,National,86,Latex Paint,Paint,202,linear_ft,42.11,USD,24
Q-RFQ-1010-metro-3,RFQ-1010,metro,Metro Contractor Depot,National,86,Ductwork,HVAC,134,ton,700.1,USD,36
Q-RFQ-1010-metro-4,RFQ-1010,metro,Metro Contractor Depot,National,86,Conduit,Electrical,312,ea,52.51,USD,19
Q-RFQ-1010-metro-7,RFQ-1010,metro,Metro Contractor Depot,National,86,Latex Paint,Paint,51,yd3,38.76,USD,21
Q-RFQ-1010-metro-8,RFQ-1010,metro,Metro Contractor Depot,National,86,Ductwork,HVAC,76,ton,809.8,USD,9
Q-RFQ-1010-metro-9,RFQ-1010,metro,Metro Contractor Depot,National,86,Electrical Wire,Electrical,233,linear_ft,55.28,USD,17
Q-RFQ-1010-metro-10,RFQ-1010,metro,Metro Contractor Depot,National,86,Interior Paint,Paint,412,ea,35.83,USD,15
Q-RFQ-1011-buildtech-1,RFQ-1011,buildtech,BuildTech Supply,Midwest,94,Portland Cement,Concrete,42,linear_ft,152.3,USD,23
Q-RFQ-1011-buildtech-2,RFQ-1011,buildtech,BuildTech Supply,Midwest,94,Latex Paint,Paint,150,yd3,30.3,USD,21
Q-RFQ-1011-buildtech-3,RFQ-1011,buildtech,BuildTech Supply,Midwest,94,PVC Plumbing Pipe,Plumbing,301,ton,76.85,USD,38
Q-RFQ-1011-buildtech-4,RFQ-1011,buildtech,BuildTech Supply,Midwest,94,Joint Compound,Drywall,96,sq_ft,15.34,USD,17
Q-RFQ-1011-buildtech-5,RFQ-1011,buildtech,BuildTech Supply,Midwest,94,Steel Rebar,Steel,188,sq_ft,805.76,USD,25
Q-RFQ-1011-buildtech-6,RFQ-1011,buildtech,BuildTech Supply,Midwest,94,Joint Compound,Drywall,146,ea,18.63,USD,43
Q-RFQ-1011-buildtech-7,RFQ-1011,buildtech,BuildTech Supply,Midwest,94,Steel Rebar,Steel,138,linear_ft,920.42,USD,11
Q-RFQ-1011-buildtech-8,RFQ-1011,buildtech,BuildTech Supply,Midwest,94,VAV Box,HVAC,310,sq_ft,709.45,USD,30
Q-RFQ-1011-buildtech-9,RFQ-1011,buildtech,BuildTech Supply,Midwest,94,Latex Paint,Paint,345,linear_ft,30.35,USD,30
Q-RFQ-1011-buildtech-10,RFQ-1011,buildtech,BuildTech Supply,Midwest,94,PVC Plumbing Pipe,Plumbing,201,linear_ft,76.63,USD,40
Q-RFQ-1011-constructpro-1,RFQ-1011,constructpro,ConstructPro Materials,Northeast,88,Ready Mix Concrete,Concrete,42,linear_ft,142.93,USD,24
Q-RFQ-1011-constructpro-2,RFQ-1011,constructpro,ConstructPro Materials,Northeast,88,Interior Paint,Paint,150,yd3,40.9,USD,25
Q-RFQ-1011-constructpro-3,RFQ-1011,constructpro,ConstructPro Materials,Northeast,88,PVC Plumbing Pipe,Plumbing,301,ton,88.71,USD,37
Q-RFQ-1011-constructpro-4,RFQ-1011,constructpro,ConstructPro Materials,Northeast,88,Gypsum Board,Drywall,96,sq_ft,17.16,USD,19
Q-RFQ-1011-constructpro-5,RFQ-1011,constructpro,ConstructPro Materials,Northeast,88,Steel Plate,Steel,188,sq_ft,900.77,USD,29
Q-RFQ-1011-constructpro-6,RFQ-1011,constructpro,ConstructPro Materials,Northeast,88,Sheetrock,Drywall,146,ea,17.77,USD,38
Q-RFQ-1011-constructpro-7,RFQ-1011,constructpro,ConstructPro Materials,Northeast,88,Steel Plate,Steel,138,linear_ft,956.24,USD,23
Q-RFQ-1011-constructpro-8,RFQ-1011,constructpro,ConstructPro Materials,Northeast,88,HVAC Compressor,HVAC,310,sq_ft,807.27,USD,35
Q-RFQ-1011-constructpro-9,RFQ-1011,constructpro,ConstructPro Materials,Northeast,88,Primer,Paint,345,linear_ft,36.42,USD,30
Q-RFQ-1011-constructpro-10,RFQ-1011,constructpro,ConstructPro Materials,Northeast,88,Pipe Fittings,Plumbing,201,linear_ft,82.6,USD,36
Q-RFQ-1011-urban-1,RFQ-1011,urban,UrbanBuild Wholesale,West,82,Concrete Mix,Concrete,42,linear_ft,131.48,USD,26
Q-RFQ-1011-urban-2,RFQ-1011,urban,UrbanBuild Wholesale,West,82,Primer,Paint,150,yd3,33.67,USD,21
Q-RFQ-1011-urban-3,RFQ-1011,urban,UrbanBuild Wholesale,West,82,Ball Valve,Plumbing,301,ton,93.82,USD,30
Q-RFQ-1011-urban-4,RFQ-1011,urban,UrbanBuild Wholesale,West,82,Joint Compound,Drywall,96,sq_ft,17.38,USD,18
Q-RFQ-1011-urban-5,RFQ-1011,urban,UrbanBuild Wholesale,West,82,Steel Rebar,Steel,188,sq_ft,973.98,USD,23
Q-RFQ-1011-urban-6,RFQ-1011,urban,UrbanBuild Wholesale,West,82,Drywall Screws,Drywall,146,ea,17.38,USD,40
Q-RFQ-1011-urban-7,RFQ-1011,urban,UrbanBuild Wholesale,West,82,Structural Steel Beam,Steel,138,linear_ft,898.18,USD,24
Q-RFQ-1011-urban-8,RFQ-1011,urban,UrbanBuild Wholesale,West,82,Air Diffuser,HVAC,310,sq_ft,713.56,USD,32
Q-RFQ-1011-urban-9,RFQ-1011,urban,UrbanBuild Wholesale,West,82,Primer,Paint,345,linear_ft,30.17,USD,19
Q-RFQ-1011-urban-10,RFQ-1011,urban,UrbanBuild Wholesale,West,82,Copper Pipe,Plumbing,201,linear_ft,81.23,USD,36
Q-RFQ-1011-apex-1,RFQ-1011,apex,Apex Industrial Supply,South,90,Portland Cement,Concrete,42,linear_ft,168.03,USD,31
Q-RFQ-1011-apex-2,RFQ-1011,apex,Apex Industrial Supply,South,90,Latex Paint,Paint,150,yd3,29.31,USD,20
Q-RFQ-1011-apex-4,RFQ-1011,apex,Apex Industrial Supply,South,90,Sheetrock,Drywall,96,sq_ft,17.06,USD,11
Q-RFQ-1011-apex-5,RFQ-1011,apex,Apex Industrial Supply,South,90,Steel Plate,Steel,188,sq_ft,996.65,USD,33
Q-RFQ-1011-apex-6,RFQ-1011,apex,Apex Industrial Supply,South,90,Drywall Sheet,Drywall,146,ea,16.51,USD,38
Q-RFQ-1011-apex-7,RFQ-1011,apex,Apex Industrial Supply,South,90,I Beam Steel,Steel,138,linear_ft,847.7,USD,15
Q-RFQ-1011-apex-8,RFQ-1011,apex,Apex Industrial Supply,South,90,Air Diffuser,HVAC,310,sq_ft,642.97,USD,31
Q-RFQ-1011-apex-9,RFQ-1011,apex,Apex Industrial Supply,South,90,Latex Paint,Paint,345,linear_ft,33.66,USD,22
Q-RFQ-1011-apex-10,RFQ-1011,apex,Apex Industrial Supply,South,90,Copper Pipe,Plumbing,201,linear_ft,79.24,USD,37
Q-RFQ-1011-metro-1,RFQ-1011,metro,Metro Contractor Depot,National,86,Ready Mix Concrete,Concrete,42,linear_ft,164.15,USD,22
Q-RFQ-1011-metro-2,RFQ-1011,metro,Metro Contractor Depot,National,86,Paint Supplies,Paint,150,yd3,35.34,USD,14
Q-RFQ-1011-metro-3,RFQ-1011,metro,Metro Contractor Depot,National,86,Copper Pipe,Plumbing,301,ton,97.75,USD,33
Q-RFQ-1011-metro-4,RFQ-1011,metro,Metro Contractor Depot,National,86,Sheetrock,Drywall,96,sq_ft,20.35,USD,20
Q-RFQ-1011-metro-5,RFQ-1011,metro,Metro Contractor Depot,National,86,I Beam Steel,Steel,188,sq_ft,1142.57,USD,35
Q-RFQ-1011-metro-6,RFQ-1011,metro,Metro Contractor Depot,National,86,Drywall Screws,Drywall,146,ea,17.7,USD,37
Q-RFQ-1011-metro-7,RFQ-1011,metro,Metro Contractor Depot,National,86,Rebar Grade 60,Steel,138,linear_ft,1127.07,USD,25
Q-RFQ-1011-metro-8,RFQ-1011,metro,Metro Contractor Depot,National,86,Ductwork,HVAC,310,sq_ft,771.68,USD,44
Q-RFQ-1011-metro-9,RFQ-1011,metro,Metro Contractor Depot,National,86,Primer,Paint,345,linear_ft,31.17,USD,28
Q-RFQ-1011-metro-10,RFQ-1011,metro,Metro Contractor Depot,National,86,Plumbing Fixture,Plumbing,201,linear_ft,101.15,USD,41
Q-RFQ-1012-buildtech-1,RFQ-1012,buildtech,BuildTech Supply,Midwest,94,Steel Plate,Steel,148,sq_ft,843.99,USD,39
Q-RFQ-1012-buildtech-2,RFQ-1012,buildtech,BuildTech Supply,Midwest,94,Joint Compound,Drywall,371,sq_ft,15.88,USD,17
Q-RFQ-1012-buildtech-3,RFQ-1012,buildtech,BuildTech Supply,Midwest,94,Ball Valve,Plumbing,429,yd3,73.32,USD,25
Q-RFQ-1012-buildtech-4,RFQ-1012,buildtech,BuildTech Supply,Midwest,94,Primer,Paint,52,yd3,31.21,USD,16
Q-RFQ-1012-buildtech-5,RFQ-1012,buildtech,BuildTech Supply,Midwest,94,I Beam Steel,Steel,199,sq_ft,895.64,USD,34
Q-RFQ-1012-buildtech-6,RFQ-1012,buildtech,BuildTech Supply,Midwest,94,Breaker Panel,Electrical,228,ea,46.33,USD,10
Q-RFQ-1012-buildtech-7,RFQ-1012,buildtech,BuildTech Supply,Midwest,94,Exterior Coating,Paint,426,linear_ft,34.67,USD,30
Q-RFQ-1012-buildtech-8,RFQ-1012,buildtech,BuildTech Supply,Midwest,94,Steel Plate,Steel,308,linear_ft,850.81,USD,27
Q-RFQ-1012-buildtech-9,RFQ-1012,buildtech,BuildTech Supply,Midwest,94,Steel Rebar,Steel,363,linear_ft,1024.8,USD,13
Q-RFQ-1012-buildtech-10,RFQ-1012,buildtech,BuildTech Supply,Midwest,94,Gypsum Board,Drywall,176,ton,18.84,USD,26
Q-RFQ-1012-constructpro-1,RFQ-1012,constructpro,ConstructPro Materials,Northeast,88,Steel Rebar,Steel,148,sq_ft,896.33,USD,29
Q-RFQ-1012-constructpro-2,RFQ-1012,constructpro,ConstructPro Materials,Northeast,88,Sheetrock,Drywall,371,sq_ft,17.58,USD,19
Q-RFQ-1012-constructpro-3,RFQ-1012,constructpro,ConstructPro Materials,Northeast,88,PVC Plumbing Pipe,Plumbing,429,yd3,85.41,USD,29
Q-RFQ-1012-constructpro-4,RFQ-1012,constructpro,ConstructPro Materials,Northeast,88,Primer,Paint,52,yd3,36.77,USD,22
Q-RFQ-1012-constructpro-5,RFQ-1012,constructpro,ConstructPro Materials,Northeast,88,Steel Plate,Steel,199,sq_ft,907.32,USD,31
Q-RFQ-1012-constructpro-6,RFQ-1012,constructpro,ConstructPro Materials,Northeast,88,Breaker Panel,Electrical,228,ea,55.61,USD,9
Q-RFQ-1012-constructpro-7,RFQ-1012,constructpro,ConstructPro Materials,Northeast,88,Latex Paint,Paint,426,linear_ft,39.26,USD,19
Q-RFQ-1012-constructpro-8,RFQ-1012,constructpro,ConstructPro Materials,Northeast,88,Steel Rebar,Steel,308,linear_ft,997.85,USD,22
Q-RFQ-1012-constructpro-9,RFQ-1012,constructpro,ConstructPro Materials,Northeast,88,Rebar Grade 60,Steel,363,linear_ft,1107.43,USD,8
Q-RFQ-1012-constructpro-10,RFQ-1012,constructpro,ConstructPro Materials,Northeast,88,Drywall Screws,Drywall,176,ton,19.7,USD,36
Q-RFQ-1012-urban-1,RFQ-1012,urban,UrbanBuild Wholesale,West,82,Steel Plate,Steel,148,sq_ft,856.82,USD,33
Q-RFQ-1012-urban-2,RFQ-1012,urban,UrbanBuild Wholesale,West,82,Drywall Screws,Drywall,371,sq_ft,17.79,USD,20
Q-RFQ-1012-urban-3,RFQ-1012,urban,UrbanBuild Wholesale,West,82,Copper Pipe,Plumbing,429,yd3,89.28,USD,29
Q-RFQ-1012-urban-4,RFQ-1012,urban,UrbanBuild Wholesale,West,82,Paint Supplies,Paint,52,yd3,35.1,USD,27
Q-RFQ-1012-urban-5,RFQ-1012,urban,UrbanBuild Wholesale,West,82,Steel Plate,Steel,199,sq_ft,945.41,USD,36
Q-RFQ-1012-urban-6,RFQ-1012,urban,UrbanBuild Wholesale,West,82,Conduit,Electrical,228,ea,55.52,USD,6
Q-RFQ-1012-urban-7,RFQ-1012,urban,UrbanBuild Wholesale,West,82,Paint Supplies,Paint,426,linear_ft,35.17,USD,18
Q-RFQ-1012-urban-8,RFQ-1012,urban,UrbanBuild Wholesale,West,82,I Beam Steel,Steel,308,linear_ft,918.87,USD,21
Q-RFQ-1012-urban-9,RFQ-1012,urban,UrbanBuild Wholesale,West,82,Steel Plate,Steel,363,linear_ft,1009.92,USD,12
Q-RFQ-1012-apex-1,RFQ-1012,apex,Apex Industrial Supply,South,90,I Beam Steel,Steel,148,sq_ft,997.76,USD,37
Q-RFQ-1012-apex-2,RFQ-1012,apex,Apex Industrial Supply,South,90,Gypsum Board,Drywall,371,sq_ft,15.97,USD,22
Q-RFQ-1012-apex-3,RFQ-1012,apex,Apex Industrial Supply,South,90,Pipe Fittings,Plumbing,429,yd3,77.62,USD,18
Q-RFQ-1012-apex-4,RFQ-1012,apex,Apex Industrial Supply,South,90,Paint Supplies,Paint,52,yd3,36.26,USD,27
Q-RFQ-1012-apex-5,RFQ-1012,apex,Apex Industrial Supply,South,90,Structural Steel Beam,Steel,199,sq_ft,1025.61,USD,26
Q-RFQ-1012-apex-6,RFQ-1012,apex,Apex Industrial Supply,South,90,LED Fixture,Electrical,228,ea,51.21,USD,10
Q-RFQ-1012-apex-7,RFQ-1012,apex,Apex Industrial Supply,South,90,Paint Supplies,Paint,426,linear_ft,35.5,USD,22
Q-RFQ-1012-apex-8,RFQ-1012,apex,Apex Industrial Supply,South,90,I Beam Steel,Steel,308,linear_ft,1018.58,USD,26
Q-RFQ-1012-apex-9,RFQ-1012,apex,Apex Industrial Supply,South,90,Structural Steel Beam,Steel,363,linear_ft,892.76,USD,11
Q-RFQ-1012-apex-10,RFQ-1012,apex,Apex Industrial Supply,South,90,Drywall Sheet,Drywall,176,ton,17.88,USD,25
Q-RFQ-1012-metro-1,RFQ-1012,metro,Metro Contractor Depot,National,86,Rebar Grade 60,Steel,148,sq_ft,1066.53,USD,32
Q-RFQ-1012-metro-2,RFQ-1012,metro,Metro Contractor Depot,National,86,Drywall Screws,Drywall,371,sq_ft,21.2,USD,19
Q-RFQ-1012-metro-3,RFQ-1012,metro,Metro Contractor Depot,National,86,Plumbing Fixture,Plumbing,429,yd3,80.3,USD,23
Q-RFQ-1012-metro-4,RFQ-1012,metro,Metro Contractor Depot,National,86,Interior Paint,Paint,52,yd3,31.51,USD,15
Q-RFQ-1012-metro-5,RFQ-1012,metro,Metro Contractor Depot,National,86,Steel Rebar,Steel,199,sq_ft,1040.88,USD,40
Q-RFQ-1012-metro-6,RFQ-1012,metro,Metro Contractor Depot,National,86,Conduit,Electrical,228,ea,54.69,USD,10
Q-RFQ-1012-metro-7,RFQ-1012,metro,Metro Contractor Depot,National,86,Paint Supplies,Paint,426,linear_ft,37.45,USD,20
Q-RFQ-1012-metro-8,RFQ-1012,metro,Metro Contractor Depot,National,86,Steel Rebar,Steel,308,linear_ft,1035.2,USD,25
Q-RFQ-1012-metro-9,RFQ-1012,metro,Metro Contractor Depot,National,86,I Beam Steel,Steel,363,linear_ft,962.12,USD,18
Q-RFQ-1012-metro-10,RFQ-1012,metro,Metro Contractor Depot,National,86,Joint Compound,Drywall,176,ton,20.02,USD,24
Q-RFQ-1013-buildtech-1,RFQ-1013,buildtech,BuildTech Supply,Midwest,94,Ductwork,HVAC,320,yd3,648.25,USD,34
Q-RFQ-1013-buildtech-2,RFQ-1013,buildtech,BuildTech Supply,Midwest,94,Gypsum Board,Drywall,120,ea,18.89,USD,20
Q-RFQ-1013-buildtech-3,RFQ-1013,buildtech,BuildTech Supply,Midwest,94,Steel Rebar,Steel,83,ea,849.95,USD,28
Q-RFQ-1013-buildtech-4,RFQ-1013,buildtech,BuildTech Supply,Midwest,94,Sheetrock,Drywall,295,ea,18.48,USD,21
Q-RFQ-1013-buildtech-5,RFQ-1013,buildtech,BuildTech Supply,Midwest,94,Plumbing Fixture,Plumbing,225,sq_ft,76.06,USD,13
Q-RFQ-1013-buildtech-6,RFQ-1013,buildtech,BuildTech Supply,Midwest,94,Air Diffuser,HVAC,457,linear_ft,671.73,USD,27
Q-RFQ-1013-buildtech-7,RFQ-1013,buildtech,BuildTech Supply,Midwest,94,Steel Rebar,Steel,495,sq_ft,894.21,USD,21
Q-RFQ-1013-buildtech-8,RFQ-1013,buildtech,BuildTech Supply,Midwest,94,Concrete Mix,Concrete,185,yd3,156.78,USD,13
Q-RFQ-1013-buildtech-10,RFQ-1013,buildtech,BuildTech Supply,Midwest,94,Steel Plate,Steel,223,linear_ft,849.9,USD,30
Q-RFQ-1013-constructpro-1,RFQ-1013,constructpro,ConstructPro Materials,Northeast,88,VAV Box,HVAC,320,yd3,774.01,USD,35
Q-RFQ-1013-constructpro-2,RFQ-1013,constructpro,ConstructPro Materials,Northeast,88,Drywall Screws,Drywall,120,ea,16.62,USD,25
Q-RFQ-1013-constructpro-3,RFQ-1013,constructpro,ConstructPro Materials,Northeast,88,Structural Steel Beam,Steel,83,ea,979.3,USD,35
Q-RFQ-1013-constructpro-4,RFQ-1013,constructpro,ConstructPro Materials,Northeast,88,Joint Compound,Drywall,295,ea,19.19,USD,22
Q-RFQ-1013-constructpro-5,RFQ-1013,constructpro,ConstructPro Materials,Northeast,88,PVC Plumbing Pipe,Plumbing,225,sq_ft,93.61,USD,9
Q-RFQ-1013-constructpro-6,RFQ-1013,constructpro,ConstructPro Materials,Northeast,88,HVAC Compressor,HVAC,457,linear_ft,609.57,USD,26
Q-RFQ-1013-constructpro-7,RFQ-1013,constructpro,ConstructPro Materials,Northeast,88,Structural Steel Beam,Steel,495,sq_ft,841.31,USD,32
Q-RFQ-1013-constructpro-8,RFQ-1013,constructpro,ConstructPro Materials,Northeast,88,Cement Blend,Concrete,185,yd3,138.47,USD,20
Q-RFQ-1013-constructpro-9,RFQ-1013,constructpro,ConstructPro Materials,Northeast,88,Air Diffuser,HVAC,118,ea,761.64,USD,26
Q-RFQ-1013-constructpro-10,RFQ-1013,constructpro,ConstructPro Materials,Northeast,88,Steel Rebar,Steel,223,linear_ft,1052.93,USD,33
Q-RFQ-1013-urban-1,RFQ-1013,urban,UrbanBuild Wholesale,West,82,HVAC Compressor,HVAC,320,yd3,628.08,USD,36
Q-RFQ-1013-urban-2,RFQ-1013,urban,UrbanBuild Wholesale,West,82,Sheetrock,Drywall,120,ea,16.48,USD,16
Q-RFQ-1013-urban-3,RFQ-1013,urban,UrbanBuild Wholesale,West,82,I Beam Steel,Steel,83,ea,1018.01,USD,37
Q-RFQ-1013-urban-4,RFQ-1013,urban,UrbanBuild Wholesale,West,82,Joint Compound,Drywall,295,ea,15.23,USD,35
Q-RFQ-1013-urban-5,RFQ-1013,urban,UrbanBuild Wholesale,West,82,PVC Plumbing Pipe,Plumbing,225,sq_ft,76.61,USD,16
Q-RFQ-1013-urban-6,RFQ-1013,urban,UrbanBuild Wholesale,West,82,HVAC Compressor,HVAC,457,linear_ft,607.17,USD,34
Q-RFQ-1013-urban-7,RFQ-1013,urban,UrbanBuild Wholesale,West,82,Steel Plate,Steel,495,sq_ft,987.57,USD,27
Q-RFQ-1013-urban-8,RFQ-1013,urban,UrbanBuild Wholesale,West,82,Portland Cement,Concrete,185,yd3,146.34,USD,15
Q-RFQ-1013-urban-9,RFQ-1013,urban,UrbanBuild Wholesale,West,82,HVAC Air Handler,HVAC,118,ea,686.54,USD,30
Q-RFQ-1013-urban-10,RFQ-1013,urban,UrbanBuild Wholesale,West,82,Rebar Grade 60,Steel,223,linear_ft,829.45,USD,28
Q-RFQ-1013-apex-1,RFQ-1013,apex,Apex Industrial Supply,South,90,HVAC Air Handler,HVAC,320,yd3,656.02,USD,40
Q-RFQ-1013-apex-2,RFQ-1013,apex,Apex Industrial Supply,South,90,Joint Compound,Drywall,120,ea,19.7,USD,22
Q-RFQ-1013-apex-3,RFQ-1013,apex,Apex Industrial Supply,South,90,Structural Steel Beam,Steel,83,ea,896.66,USD,35
Q-RFQ-1013-apex-4,RFQ-1013,apex,Apex Industrial Supply,South,90,Joint Compound,Drywall,295,ea,16.73,USD,34
Q-RFQ-1013-apex-5,RFQ-1013,apex,Apex Industrial Supply,South,90,Ball Valve,Plumbing,225,sq_ft,80.4,USD,10
Q-RFQ-1013-apex-6,RFQ-1013,apex,Apex Industrial Supply,South,90,Air Diffuser,HVAC,457,linear_ft,613.22,USD,33
Q-RFQ-1013-apex-7,RFQ-1013,apex,Apex Industrial Supply,South,90,Structural Steel Beam,Steel,495,sq_ft,992.14,USD,20
Q-RFQ-1013-apex-8,RFQ-1013,apex,Apex Industrial Supply,South,90,Portland Cement,Concrete,185,yd3,161.07,USD,9
Q-RFQ-1013-apex-9,RFQ-1013,apex,Apex Industrial Supply,South,90,Air Diffuser,HVAC,118,ea,771.42,USD,31
Q-RFQ-1013-metro-1,RFQ-1013,metro,Metro Contractor Depot,National,86,Ductwork,HVAC,320,yd3,666.55,USD,41
Q-RFQ-1013-metro-2,RFQ-1013,metro,Metro Contractor Depot,National,86,Sheetrock,Drywall,120,ea,17.38,USD,13
Q-RFQ-1013-metro-3,RFQ-1013,metro,Metro Contractor Depot,National,86,Rebar Grade 60,Steel,83,ea,916.81,USD,33
Q-RFQ-1013-metro-4,RFQ-1013,metro,Metro Contractor Depot,National,86,Joint Compound,Drywall,295,ea,17.42,USD,31
Q-RFQ-1013-metro-5,RFQ-1013,metro,Metro Contractor Depot,National,86,PVC Plumbing Pipe,Plumbing,225,sq_ft,97.65,USD,11
Q-RFQ-1013-metro-6,RFQ-1013,metro,Metro Contractor Depot,National,86,HVAC Air Handler,HVAC,457,linear_ft,782.2,USD,24
Q-RFQ-1013-metro-7,RFQ-1013,metro,Metro Contractor Depot,National,86,Steel Rebar,Steel,495,sq_ft,880.08,USD,28
Q-RFQ-1013-metro-8,RFQ-1013,metro,Metro Contractor Depot,National,86,Concrete,Concrete,185,yd3,132.64,USD,22
Q-RFQ-1013-metro-9,RFQ-1013,metro,Metro Contractor Depot,National,86,Ductwork,HVAC,118,ea,818.33,USD,31
Q-RFQ-1013-metro-10,RFQ-1013,metro,Metro Contractor Depot,National,86,Structural Steel Beam,Steel,223,linear_ft,958.21,USD,22
Q-RFQ-1014-buildtech-1,RFQ-1014,buildtech,BuildTech Supply,Midwest,94,Ductwork,HVAC,220,ton,752.12,USD,30
Q-RFQ-1014-buildtech-2,RFQ-1014,buildtech,BuildTech Supply,Midwest,94,Paint Supplies,Paint,60,sq_ft,30.35,USD,24
Q-RFQ-1014-buildtech-3,RFQ-1014,buildtech,BuildTech Supply,Midwest,94,Concrete Mix,Concrete,357,ton,156.24,USD,23
Q-RFQ-1014-buildtech-4,RFQ-1014,buildtech,BuildTech Supply,Midwest,94,VAV Box,HVAC,346,ton,618.14,USD,16
Q-RFQ-1014-buildtech-5,RFQ-1014,buildtech,BuildTech Supply,Midwest,94,Breaker Panel,Electrical,465,ton,62.57,USD,18
Q-RFQ-1014-buildtech-6,RFQ-1014,buildtech,BuildTech Supply,Midwest,94,Cement Blend,Concrete,410,yd3,138.37,USD,26
Q-RFQ-1014-buildtech-7,RFQ-1014,buildtech,BuildTech Supply,Midwest,94,Paint Supplies,Paint,204,linear_ft,35.57,USD,24
Q-RFQ-1014-buildtech-8,RFQ-1014,buildtech,BuildTech Supply,Midwest,94,Drywall Sheet,Drywall,151,ea,18.3,USD,26
Q-RFQ-1014-buildtech-9,RFQ-1014,buildtech,BuildTech Supply,Midwest,94,Portland Cement,Concrete,308,sq_ft,162.48,USD,29
Q-RFQ-1014-buildtech-10,RFQ-1014,buildtech,BuildTech Supply,Midwest,94,Paint Supplies,Paint,170,yd3,35.88,USD,35
Q-RFQ-1014-constructpro-1,RFQ-1014,constructpro,ConstructPro Materials,Northeast,88,VAV Box,HVAC,220,ton,620.82,USD,30
Q-RFQ-1014-constructpro-2,RFQ-1014,constructpro,ConstructPro Materials,Northeast,88,Exterior Coating,Paint,60,sq_ft,33.23,USD,21
Q-RFQ-1014-constructpro-3,RFQ-1014,constructpro,ConstructPro Materials,Northeast,88,Concrete Mix,Concrete,357,ton,138.15,USD,24
Q-RFQ-1014-constructpro-4,RFQ-1014,constructpro,ConstructPro Materials,Northeast,88,HVAC Air Handler,HVAC,346,ton,733.78,USD,19
Q-RFQ-1014-constructpro-5,RFQ-1014,constructpro,ConstructPro Materials,Northeast,88,Conduit,Electrical,465,ton,61.95,USD,4
Q-RFQ-1014-constructpro-6,RFQ-1014,constructpro,ConstructPro Materials,Northeast,88,Ready Mix Concrete,Concrete,410,yd3,172.63,USD,27
Q-RFQ-1014-constructpro-7,RFQ-1014,constructpro,ConstructPro Materials,Northeast,88,Primer,Paint,204,linear_ft,30.73,USD,13
Q-RFQ-1014-constructpro-9,RFQ-1014,constructpro,ConstructPro Materials,Northeast,88,Portland Cement,Concrete,308,sq_ft,128.98,USD,26
Q-RFQ-1014-constructpro-10,RFQ-1014,constructpro,ConstructPro Materials,Northeast,88,Exterior Coating,Paint,170,yd3,38.89,USD,31
Q-RFQ-1014-urban-1,RFQ-1014,urban,UrbanBuild Wholesale,West,82,HVAC Compressor,HVAC,220,ton,710.55,USD,33
Q-RFQ-1014-urban-2,RFQ-1014,urban,UrbanBuild Wholesale,West,82,Interior Paint,Paint,60,sq_ft,35.75,USD,25
Q-RFQ-1014-urban-3,RFQ-1014,urban,UrbanBuild Wholesale,West,82,Ready Mix Concrete,Concrete,357,ton,130.45,USD,20
Q-RFQ-1014-urban-4,RFQ-1014,urban,UrbanBuild Wholesale,West,82,HVAC Air Handler,HVAC,346,ton,674.77,USD,22
Q-RFQ-1014-urban-5,RFQ-1014,urban,UrbanBuild Wholesale,West,82,Junction Box,Electrical,465,ton,50.96,USD,17
Q-RFQ-1014-urban-6,RFQ-1014,urban,UrbanBuild Wholesale,West,82,Concrete,Concrete,410,yd3,134.67,USD,32
Q-RFQ-1014-urban-7,RFQ-1014,urban,UrbanBuild Wholesale,West,82,Interior Paint,Paint,204,linear_ft,33.71,USD,15
Q-RFQ-1014-urban-8,RFQ-1014,urban,UrbanBuild Wholesale,West,82,Drywall Sheet,Drywall,151,ea,14.72,USD,25
Q-RFQ-1014-urban-9,RFQ-1014,urban,UrbanBuild Wholesale,West,82,Concrete Mix,Concrete,308,sq_ft,134.51,USD,23
Q-RFQ-1014-urban-10,RFQ-1014,urban,UrbanBuild Wholesale,West,82,Latex Paint,Paint,170,yd3,36.64,USD,41
Q-RFQ-1014-apex-1,RFQ-1014,apex,Apex Industrial Supply,South,90,Air Diffuser,HVAC,220,ton,745.97,USD,25
Q-RFQ-1014-apex-2,RFQ-1014,apex,Apex Industrial Supply,South,90,Exterior Coating,Paint,60,sq_ft,33.77,USD,24
Q-RFQ-1014-apex-3,RFQ-1014,apex,Apex Industrial Supply,South,90,Ready Mix Concrete,Concrete,357,ton,151.22,USD,24
Q-RFQ-1014-apex-4,RFQ-1014,apex,Apex Industrial Supply,South,90,Ductwork,HVAC,346,ton,596.26,USD,27
Q-RFQ-1014-apex-5,RFQ-1014,apex,Apex Industrial Supply,South,90,Junction Box,Electrical,465,ton,48.11,USD,5
Q-RFQ-1014-apex-6,RFQ-1014,apex,Apex Industrial Supply,South,90,Concrete,Concrete,410,yd3,164.88,USD,25
Q-RFQ-1014-apex-7,RFQ-1014,apex,Apex Industrial Supply,South,90,Exterior Coating,Paint,204,linear_ft,34.21,USD,15
Q-RFQ-1014-apex-8,RFQ-1014,apex,Apex Industrial Supply,South,90,Drywall Screws,Drywall,151,ea,20.0,USD,25
Q-RFQ-1014-apex-9,RFQ-1014,apex,Apex Industrial Supply,South,90,Portland Cement,Concrete,308,sq_ft,152.15,USD,33
Q-RFQ-1014-apex-10,RFQ-1014,apex,Apex Industrial Supply,South,90,Latex Paint,Paint,170,yd3,37.21,USD,41
Q-RFQ-1014-metro-1,RFQ-1014,metro,Metro Contractor Depot,National,86,Air Diffuser,HVAC,220,ton,654.62,USD,22
Q-RFQ-1014-metro-2,RFQ-1014,metro,Metro Contractor Depot,National,86,Interior Paint,Paint,60,sq_ft,34.99,USD,25
Q-RFQ-1014-metro-4,RFQ-1014,metro,Metro Contractor Depot,National,86,HVAC Compressor,HVAC,346,ton,815.72,USD,16
Q-RFQ-1014-metro-5,RFQ-1014,metro,Metro Contractor Depot,National,86,Junction Box,Electrical,465,ton,68.48,USD,11
Q-RFQ-1014-metro-6,RFQ-1014,metro,Metro Contractor Depot,National,86,Concrete Mix,Concrete,410,yd3,180.02,USD,31
Q-RFQ-1014-metro-7,RFQ-1014,metro,Metro Contractor Depot,National,86,Primer,Paint,204,linear_ft,31.5,USD,26
Q-RFQ-1014-metro-8,RFQ-1014,metro,Metro Contractor Depot,National,86,Sheetrock,Drywall,151,ea,18.93,USD,29
Q-RFQ-1014-metro-9,RFQ-1014,metro,Metro Contractor Depot,National,86,Ready Mix Concrete,Concrete,308,sq_ft,136.36,USD,29
Q-RFQ-1014-metro-10,RFQ-1014,metro,Metro Contractor Depot,National,86,Interior Paint,Paint,170,yd3,40.45,USD,38
Q-RFQ-1015-buildtech-1,RFQ-1015,buildtech,BuildTech Supply,Midwest,94,Pipe Fittings,Plumbing,146,ea,80.29,USD,10
Q-RFQ-1015-buildtech-2,RFQ-1015,buildtech,BuildTech Supply,Midwest,94,Gypsum Board,Drywall,499,linear_ft,16.47,USD,24
Q-RFQ-1015-buildtech-3,RFQ-1015,buildtech,BuildTech Supply,Midwest,94,Drywall Screws,Drywall,187,linear_ft,19.79,USD,21
Q-RFQ-1015-buildtech-4,RFQ-1015,buildtech,BuildTech Supply,Midwest,94,Structural Steel Beam,Steel,128,ton,794.51,USD,38
Q-RFQ-1015-buildtech-5,RFQ-1015,buildtech,BuildTech Supply,Midwest,94,Drywall Sheet,Drywall,80,ton,15.69,USD,18
Q-RFQ-1015-buildtech-6,RFQ-1015,buildtech,BuildTech Supply,Midwest,94,Steel Rebar,Steel,263,ea,830.94,USD,28
Q-RFQ-1015-buildtech-7,RFQ-1015,buildtech,BuildTech Supply,Midwest,94,Ready Mix Concrete,Concrete,208,ton,151.85,USD,25
Q-RFQ-1015-buildtech-8,RFQ-1015,buildtech,BuildTech Supply,Midwest,94,HVAC Air Handler,HVAC,160,yd3,760.9,USD,4
Q-RFQ-1015-buildtech-9,RFQ-1015,buildtech,BuildTech Supply,Midwest,94,Steel Plate,Steel,448,sq_ft,823.94,USD,15
Q-RFQ-1015-buildtech-10,RFQ-1015,buildtech,BuildTech Supply,Midwest,94,Rebar Grade 60,Steel,100,yd3,1025.93,USD,25
Q-RFQ-1015-constructpro-1,RFQ-1015,constructpro,ConstructPro Materials,Northeast,88,PVC Plumbing Pipe,Plumbing,146,ea,88.21,USD,24
Q-RFQ-1015-constructpro-2,RFQ-1015,constructpro,ConstructPro Materials,Northeast,88,Joint Compound,Drywall,499,linear_ft,20.82,USD,31
Q-RFQ-1015-constructpro-4,RFQ-1015,constructpro,ConstructPro Materials,Northeast,88,Steel Rebar,Steel,128,ton,867.34,USD,40
Q-RFQ-1015-constructpro-5,RFQ-1015,constructpro,ConstructPro Materials,Northeast,88,Gypsum Board,Drywall,80,ton,17.6,USD,5
Q-RFQ-1015-constructpro-6,RFQ-1015,constructpro,ConstructPro Materials,Northeast,88,Rebar Grade 60,Steel,263,ea,1002.02,USD,22
Q-RFQ-1015-constructpro-7,RFQ-1015,constructpro,ConstructPro Materials,Northeast,88,Ready Mix Concrete,Concrete,208,ton,154.76,USD,17
Q-RFQ-1015-constructpro-8,RFQ-1015,constructpro,ConstructPro Materials,Northeast,88,Ductwork,HVAC,160,yd3,633.1,USD,14
Q-RFQ-1015-constructpro-9,RFQ-1015,constructpro,ConstructPro Materials,Northeast,88,I Beam Steel,Steel,448,sq_ft,974.38,USD,15
Q-RFQ-1015-urban-1,RFQ-1015,urban,UrbanBuild Wholesale,West,82,Plumbing Fixture,Plumbing,146,ea,87.88,USD,18
Q-RFQ-1015-urban-2,RFQ-1015,urban,UrbanBuild Wholesale,West,82,Drywall Screws,Drywall,499,linear_ft,16.59,USD,32
Q-RFQ-1015-urban-3,RFQ-1015,urban,UrbanBuild Wholesale,West,82,Drywall Sheet,Drywall,187,linear_ft,16.19,USD,15
Q-RFQ-1015-urban-4,RFQ-1015,urban,UrbanBuild Wholesale,West,82,Rebar Grade 60,Steel,128,ton,759.84,USD,26
Q-RFQ-1015-urban-5,RFQ-1015,urban,UrbanBuild Wholesale,West,82,Sheetrock,Drywall,80,ton,17.29,USD,17
Q-RFQ-1015-urban-6,RFQ-1015,urban,UrbanBuild Wholesale,West,82,Steel Rebar,Steel,263,ea,816.74,USD,16
Q-RFQ-1015-urban-7,RFQ-1015,urban,UrbanBuild Wholesale,West,82,Cement Blend,Concrete,208,ton,129.1,USD,29
Q-RFQ-1015-urban-8,RFQ-1015,urban,UrbanBuild Wholesale,West,82,Ductwork,HVAC,160,yd3,707.93,USD,13
Q-RFQ-1015-urban-9,RFQ-1015,urban,UrbanBuild Wholesale,West,82,Rebar Grade 60,Steel,448,sq_ft,974.65,USD,17
Q-RFQ-1015-urban-10,RFQ-1015,urban,UrbanBuild Wholesale,West,82,Steel Rebar,Steel,100,yd3,988.03,USD,27
Q-RFQ-1015-apex-1,RFQ-1015,apex,Apex Industrial Supply,South,90,Ball Valve,Plumbing,146,ea,95.03,USD,24
Q-RFQ-1015-apex-2,RFQ-1015,apex,Apex Industrial Supply,South,90,Sheetrock,Drywall,499,linear_ft,19.53,USD,33
Q-RFQ-1015-apex-3,RFQ-1015,apex,Apex Industrial Supply,South,90,Gypsum Board,Drywall,187,linear_ft,18.72,USD,23
Q-RFQ-1015-apex-4,RFQ-1015,apex,Apex Industrial Supply,South,90,Steel Plate,Steel,128,ton,1050.75,USD,34
Q-RFQ-1015-apex-5,RFQ-1015,apex,Apex Industrial Supply,South,90,Drywall Sheet,Drywall,80,ton,18.3,USD,5
Q-RFQ-1015-apex-6,RFQ-1015,apex,Apex Industrial Supply,South,90,I Beam Steel,Steel,263,ea,855.62,USD,22
Q-RFQ-1015-apex-8,RFQ-1015,apex,Apex Industrial Supply,South,90,Ductwork,HVAC,160,yd3,628.64,USD,9
Q-RFQ-1015-apex-9,RFQ-1015,apex,Apex Industrial Supply,South,90,Rebar Grade 60,Steel,448,sq_ft,1061.69,USD,3
Q-RFQ-1015-metro-1,RFQ-1015,metro,Metro Contractor Depot,National,86,Copper Pipe,Plumbing,146,ea,103.93,USD,23
Q-RFQ-1015-metro-2,RFQ-1015,metro,Metro Contractor Depot,National,86,Drywall Sheet,Drywall,499,linear_ft,18.64,USD,29
Q-RFQ-1015-metro-3,RFQ-1015,metro,Metro Contractor Depot,National,86,Drywall Screws,Drywall,187,linear_ft,20.45,USD,11
Q-RFQ-1015-metro-4,RFQ-1015,metro,Metro Contractor Depot,National,86,Steel Rebar,Steel,128,ton,939.34,USD,37
Q-RFQ-1015-metro-5,RFQ-1015,metro,Metro Contractor Depot,National,86,Joint Compound,Drywall,80,ton,21.24,USD,15
Q-RFQ-1015-metro-6,RFQ-1015,metro,Metro Contractor Depot,National,86,I Beam Steel,Steel,263,ea,1059.36,USD,26
Q-RFQ-1015-metro-7,RFQ-1015,metro,Metro Contractor Depot,National,86,Concrete,Concrete,208,ton,162.37,USD,19
Q-RFQ-1015-metro-8,RFQ-1015,metro,Metro Contractor Depot,National,86,Air Diffuser,HVAC,160,yd3,807.75,USD,8
Q-RFQ-1015-metro-9,RFQ-1015,metro,Metro Contractor Depot,National,86,Steel Rebar,Steel,448,sq_ft,930.58,USD,14
Q-RFQ-1016-buildtech-1,RFQ-1016,buildtech,BuildTech Supply,Midwest,94,Gypsum Board,Drywall,41,ton,18.65,USD,23
Q-RFQ-1016-buildtech-2,RFQ-1016,buildtech,BuildTech Supply,Midwest,94,HVAC Air Handler,HVAC,138,sq_ft,735.94,USD,9
Q-RFQ-1016-buildtech-4,RFQ-1016,buildtech,BuildTech Supply,Midwest,94,HVAC Compressor,HVAC,110,yd3,589.36,USD,30
Q-RFQ-1016-buildtech-5,RFQ-1016,buildtech,BuildTech Supply,Midwest,94,Interior Paint,Paint,253,yd3,30.06,USD,18
Q-RFQ-1016-buildtech-6,RFQ-1016,buildtech,BuildTech Supply,Midwest,94,Rebar Grade 60,Steel,379,yd3,1046.76,USD,22
Q-RFQ-1016-buildtech-7,RFQ-1016,buildtech,BuildTech Supply,Midwest,94,HVAC Air Handler,HVAC,393,yd3,755.79,USD,9
Q-RFQ-1016-buildtech-8,RFQ-1016,buildtech,BuildTech Supply,Midwest,94,Plumbing Fixture,Plumbing,400,linear_ft,75.26,USD,9
Q-RFQ-1016-buildtech-9,RFQ-1016,buildtech,BuildTech Supply,Midwest,94,PVC Plumbing Pipe,Plumbing,476,linear_ft,79.64,USD,19
Q-RFQ-1016-buildtech-10,RFQ-1016,buildtech,BuildTech Supply,Midwest,94,LED Fixture,Electrical,76,linear_ft,58.21,USD,31
Q-RFQ-1016-constructpro-1,RFQ-1016,constructpro,ConstructPro Materials,Northeast,88,Drywall Sheet,Drywall,41,ton,17.71,USD,21
Q-RFQ-1016-constructpro-2,RFQ-1016,constructpro,ConstructPro Materials,Northeast,88,Air Diffuser,HVAC,138,sq_ft,725.54,USD,7
Q-RFQ-1016-constructpro-3,RFQ-1016,constructpro,ConstructPro Materials,Northeast,88,Copper Pipe,Plumbing,194,yd3,75.4,USD,13
Q-RFQ-1016-constructpro-4,RFQ-1016,constructpro,ConstructPro Materials,Northeast,88,Air Diffuser,HVAC,110,yd3,742.44,USD,31
Q-RFQ-1016-constructpro-5,RFQ-1016,constructpro,ConstructPro Materials,Northeast,88,Exterior Coating,Paint,253,yd3,32.44,USD,11
Q-RFQ-1016-constructpro-6,RFQ-1016,constructpro,ConstructPro Materials,Northeast,88,Steel Plate,Steel,379,yd3,849.96,USD,20
Q-RFQ-1016-constructpro-7,RFQ-1016,constructpro,ConstructPro Materials,Northeast,88,HVAC Air Handler,HVAC,393,yd3,750.5,USD,13
Q-RFQ-1016-constructpro-8,RFQ-1016,constructpro,ConstructPro Materials,Northeast,88,Plumbing Fixture,Plumbing,400,linear_ft,80.47,USD,12
Q-RFQ-1016-constructpro-9,RFQ-1016,constructpro,ConstructPro Materials,Northeast,88,Plumbing Fixture,Plumbing,476,linear_ft,76.54,USD,20
Q-RFQ-1016-constructpro-10,RFQ-1016,constructpro,ConstructPro Materials,Northeast,88,LED Fixture,Electrical,76,linear_ft,63.89,USD,27
Q-RFQ-1016-urban-1,RFQ-1016,urban,UrbanBuild Wholesale,West,82,Drywall Sheet,Drywall,41,ton,18.52,USD,22
Q-RFQ-1016-urban-2,RFQ-1016,urban,UrbanBuild Wholesale,West,82,Air Diffuser,HVAC,138,sq_ft,722.63,USD,17
Q-RFQ-1016-urban-3,RFQ-1016,urban,UrbanBuild Wholesale,West,82,Plumbing Fixture,Plumbing,194,yd3,83.75,USD,22
Q-RFQ-1016-urban-4,RFQ-1016,urban,UrbanBuild Wholesale,West,82,Air Diffuser,HVAC,110,yd3,755.17,USD,37
Q-RFQ-1016-urban-5,RFQ-1016,urban,UrbanBuild Wholesale,West,82,Interior Paint,Paint,253,yd3,32.7,USD,16
Q-RFQ-1016-urban-6,RFQ-1016,urban,UrbanBuild Wholesale,West,82,I Beam Steel,Steel,379,yd3,951.42,USD,22
Q-RFQ-1016-urban-7,RFQ-1016,urban,UrbanBuild Wholesale,West,82,VAV Box,HVAC,393,yd3,721.03,USD,5
Q-RFQ-1016-urban-8,RFQ-1016,urban,UrbanBuild Wholesale,West,82,PVC Plumbing Pipe,Plumbing,400,linear_ft,89.01,USD,9
Q-RFQ-1016-urban-9,RFQ-1016,urban,UrbanBuild Wholesale,West,82,PVC Plumbing Pipe,Plumbing,476,linear_ft,90.34,USD,13
Q-RFQ-1016-urban-10,RFQ-1016,urban,UrbanBuild Wholesale,West,82,Junction Box,Electrical,76,linear_ft,61.46,USD,30
Q-RFQ-1016-apex-1,RFQ-1016,apex,Apex Industrial Supply,South,90,Drywall Screws,Drywall,41,ton,19.09,USD,25
Q-RFQ-1016-apex-2,RFQ-1016,apex,Apex Industrial Supply,South,90,HVAC Air Handler,HVAC,138,sq_ft,743.02,USD,6
Q-RFQ-1016-apex-3,RFQ-1016,apex,Apex Industrial Supply,South,90,Ball Valve,Plumbing,194,yd3,83.91,USD,22
Q-RFQ-1016-apex-4,RFQ-1016,apex,Apex Industrial Supply,South,90,HVAC Air Handler,HVAC,110,yd3,684.5,USD,40
Q-RFQ-1016-apex-5,RFQ-1016,apex,Apex Industrial Supply,South,90,Paint Supplies,Paint,253,yd3,35.63,USD,11
Q-RFQ-1016-apex-6,RFQ-1016,apex,Apex Industrial Supply,South,90,I Beam Steel,Steel,379,yd3,834.83,USD,22
Q-RFQ-1016-apex-7,RFQ-1016,apex,Apex Industrial Supply,South,90,HVAC Air Handler,HVAC,393,yd3,789.27,USD,12
Q-RFQ-1016-apex-8,RFQ-1016,apex,Apex Industrial Supply,South,90,Pipe Fittings,Plumbing,400,linear_ft,94.47,USD,21
Q-RFQ-1016-apex-9,RFQ-1016,apex,Apex Industrial Supply,South,90,Plumbing Fixture,Plumbing,476,linear_ft,84.28,USD,23
Q-RFQ-1016-apex-10,RFQ-1016,apex,Apex Industrial Supply,South,90,Electrical Wire,Electrical,76,linear_ft,58.02,USD,29
Q-RFQ-1016-metro-1,RFQ-1016,metro,Metro Contractor Depot,National,86,Drywall Screws,Drywall,41,ton,17.29,USD,31
Q-RFQ-1016-metro-2,RFQ-1016,metro,Metro Contractor Depot,National,86,HVAC Compressor,HVAC,138,sq_ft,628.83,USD,16
Q-RFQ-1016-metro-3,RFQ-1016,metro,Metro Contractor Depot,National,86,Ball Valve,Plumbing,194,yd3,98.99,USD,23
Q-RFQ-1016-metro-4,RFQ-1016,metro,Metro Contractor Depot,National,86,HVAC Compressor,HVAC,110,yd3,697.82,USD,32
Q-RFQ-1016-metro-5,RFQ-1016,metro,Metro Contractor Depot,National,86,Interior Paint,Paint,253,yd3,36.66,USD,23
Q-RFQ-1016-metro-6,RFQ-1016,metro,Metro Contractor Depot,National,86,Steel Plate,Steel,379,yd3,932.44,USD,25
Q-RFQ-1016-metro-7,RFQ-1016,metro,Metro Contractor Depot,National,86,Air Diffuser,HVAC,393,yd3,682.03,USD,12
Q-RFQ-1016-metro-8,RFQ-1016,metro,Metro Contractor Depot,National,86,PVC Plumbing Pipe,Plumbing,400,linear_ft,82.9,USD,21
Q-RFQ-1016-metro-9,RFQ-1016,metro,Metro Contractor Depot,National,86,Pipe Fittings,Plumbing,476,linear_ft,98.85,USD,26
Q-RFQ-1016-metro-10,RFQ-1016,metro,Metro Contractor Depot,National,86,Conduit,Electrical,76,linear_ft,51.19,USD,28
Q-RFQ-1017-buildtech-1,RFQ-1017,buildtech,BuildTech Supply,Midwest,94,Conduit,Electrical,94,sq_ft,60.46,USD,43
Q-RFQ-1017-buildtech-2,RFQ-1017,buildtech,BuildTech Supply,Midwest,94,Conduit,Electrical,113,ton,49.72,USD,34
Q-RFQ-1017-buildtech-3,RFQ-1017,buildtech,BuildTech Supply,Midwest,94,Drywall Sheet,Drywall,453,yd3,17.88,USD,16
Q-RFQ-1017-buildtech-4,RFQ-1017,buildtech,BuildTech Supply,Midwest,94,Cement Blend,Concrete,50,ea,150.1,USD,36
Q-RFQ-1017-buildtech-6,RFQ-1017,buildtech,BuildTech Supply,Midwest,94,Ball Valve,Plumbing,373,yd3,92.15,USD,20
Q-RFQ-1017-buildtech-7,RFQ-1017,buildtech,BuildTech Supply,Midwest,94,Air Diffuser,HVAC,329,linear_ft,702.92,USD,21
Q-RFQ-1017-buildtech-8,RFQ-1017,buildtech,BuildTech Supply,Midwest,94,Sheetrock,Drywall,325,sq_ft,16.96,USD,16
Q-RFQ-1017-buildtech-9,RFQ-1017,buildtech,BuildTech Supply,Midwest,94,VAV Box,HVAC,453,ea,710.19,USD,31
Q-RFQ-1017-buildtech-10,RFQ-1017,buildtech,BuildTech Supply,Midwest,94,Sheetrock,Drywall,170,yd3,15.06,USD,22
Q-RFQ-1017-constructpro-1,RFQ-1017,constructpro,ConstructPro Materials,Northeast,88,Breaker Panel,Electrical,94,sq_ft,59.76,USD,40
Q-RFQ-1017-constructpro-2,RFQ-1017,constructpro,ConstructPro Materials,Northeast,88,Breaker Panel,Electrical,113,ton,49.88,USD,40
Q-RFQ-1017-constructpro-3,RFQ-1017,constructpro,ConstructPro Materials,Northeast,88,Sheetrock,Drywall,453,yd3,17.59,USD,12
Q-RFQ-1017-constructpro-4,RFQ-1017,constructpro,ConstructPro Materials,Northeast,88,Ready Mix Concrete,Concrete,50,ea,165.02,USD,36
Q-RFQ-1017-constructpro-5,RFQ-1017,constructpro,ConstructPro Materials,Northeast,88,Steel Plate,Steel,213,linear_ft,1060.56,USD,28
Q-RFQ-1017-constructpro-6,RFQ-1017,constructpro,ConstructPro Materials,Northeast,88,Copper Pipe,Plumbing,373,yd3,79.21,USD,19
Q-RFQ-1017-constructpro-7,RFQ-1017,constructpro,ConstructPro Materials,Northeast,88,Air Diffuser,HVAC,329,linear_ft,668.6,USD,13
Q-RFQ-1017-constructpro-8,RFQ-1017,constructpro,ConstructPro Materials,Northeast,88,Drywall Screws,Drywall,325,sq_ft,16.15,USD,26
Q-RFQ-1017-constructpro-9,RFQ-1017,constructpro,ConstructPro Materials,Northeast,88,Ductwork,HVAC,453,ea,765.18,USD,35
Q-RFQ-1017-constructpro-10,RFQ-1017,constructpro,ConstructPro Materials,Northeast,88,Sheetrock,Drywall,170,yd3,20.6,USD,22
Q-RFQ-1017-urban-1,RFQ-1017,urban,UrbanBuild Wholesale,West,82,LED Fixture,Electrical,94,sq_ft,47.78,USD,32
Q-RFQ-1017-urban-2,RFQ-1017,urban,UrbanBuild Wholesale,West,82,Breaker Panel,Electrical,113,ton,52.81,USD,41
Q-RFQ-1017-urban-3,RFQ-1017,urban,UrbanBuild Wholesale,West,82,Gypsum Board,Drywall,453,yd3,18.88,USD,19
Q-RFQ-1017-urban-4,RFQ-1017,urban,UrbanBuild Wholesale,West,82,Concrete Mix,Concrete,50,ea,147.31,USD,29
Q-RFQ-1017-urban-5,RFQ-1017,urban,UrbanBuild Wholesale,West,82,Steel Plate,Steel,213,linear_ft,995.36,USD,30
Q-RFQ-1017-urban-6,RFQ-1017,urban,UrbanBuild Wholesale,West,82,Pipe Fittings,Plumbing,373,yd3,79.05,USD,13
Q-RFQ-1017-urban-7,RFQ-1017,urban,UrbanBuild Wholesale,West,82,HVAC Air Handler,HVAC,329,linear_ft,579.91,USD,20
Q-RFQ-1017-urban-8,RFQ-1017,urban,UrbanBuild Wholesale,West,82,Drywall Screws,Drywall,325,sq_ft,17.88,USD,14
Q-RFQ-1017-urban-9,RFQ-1017,urban,UrbanBuild Wholesale,West,82,HVAC Air Handler,HVAC,453,ea,595.78,USD,38
Q-RFQ-1017-urban-10,RFQ-1017,urban,UrbanBuild Wholesale,West,82,Joint Compound,Drywall,170,yd3,17.61,USD,14
Q-RFQ-1017-apex-1,RFQ-1017,apex,Apex Industrial Supply,South,90,Conduit,Electrical,94,sq_ft,49.95,USD,35
Q-RFQ-1017-apex-2,RFQ-1017,apex,Apex Industrial Supply,South,90,Junction Box,Electrical,113,ton,57.32,USD,32
Q-RFQ-1017-apex-3,RFQ-1017,apex,Apex Industrial Supply,South,90,Drywall Sheet,Drywall,453,yd3,19.6,USD,16
Q-RFQ-1017-apex-4,RFQ-1017,apex,Apex Industrial Supply,South,90,Concrete,Concrete,50,ea,170.48,USD,34
Q-RFQ-1017-apex-5,RFQ-1017,apex,Apex Industrial Supply,South,90,Steel Rebar,Steel,213,linear_ft,924.28,USD,30
Q-RFQ-1017-apex-6,RFQ-1017,apex,Apex Industrial Supply,South,90,PVC Plumbing Pipe,Plumbing,373,yd3,88.77,USD,16
Q-RFQ-1017-apex-7,RFQ-1017,apex,Apex Industrial Supply,South,90,Ductwork,HVAC,329,linear_ft,754.47,USD,16
Q-RFQ-1017-apex-8,RFQ-1017,apex,Apex Industrial Supply,South,90,Joint Compound,Drywall,325,sq_ft,17.95,USD,20
Q-RFQ-1017-apex-9,RFQ-1017,apex,Apex Industrial Supply,South,90,Ductwork,HVAC,453,ea,593.01,USD,36
Q-RFQ-1017-apex-10,RFQ-1017,apex,Apex Industrial Supply,South,90,Sheetrock,Drywall,170,yd3,15.56,USD,26
Q-RFQ-1017-metro-1,RFQ-1017,metro,Metro Contractor Depot,National,86,Electrical Wire,Electrical,94,sq_ft,53.69,USD,40
Q-RFQ-1017-metro-2,RFQ-1017,metro,Metro Contractor Depot,National,86,Breaker Panel,Electrical,113,ton,54.36,USD,34
Q-RFQ-1017-metro-3,RFQ-1017,metro,Metro Contractor Depot,National,86,Drywall Screws,Drywall,453,yd3,18.75,USD,13
Q-RFQ-1017-metro-4,RFQ-1017,metro,Metro Contractor Depot,National,86,Concrete,Concrete,50,ea,172.7,USD,28
Q-RFQ-1017-metro-5,RFQ-1017,metro,Metro Contractor Depot,National,86,I Beam Steel,Steel,213,linear_ft,1001.04,USD,23
Q-RFQ-1017-metro-6,RFQ-1017,metro,Metro Contractor Depot,National,86,PVC Plumbing Pipe,Plumbing,373,yd3,97.29,USD,14
Q-RFQ-1017-metro-7,RFQ-1017,metro,Metro Contractor Depot,National,86,Ductwork,HVAC,329,linear_ft,732.95,USD,9
Q-RFQ-1017-metro-8,RFQ-1017,metro,Metro Contractor Depot,National,86,Joint Compound,Drywall,325,sq_ft,22.01,USD,13
Q-RFQ-1017-metro-9,RFQ-1017,metro,Metro Contractor Depot,National,86,Ductwork,HVAC,453,ea,787.61,USD,28
Q-RFQ-1017-metro-10,RFQ-1017,metro,Metro Contractor Depot,National,86,Gypsum Board,Drywall,170,yd3,20.01,USD,15
Q-RFQ-1018-buildtech-1,RFQ-1018,buildtech,BuildTech Supply,Midwest,94,Exterior Coating,Paint,217,ea,30.47,USD,39
Q-RFQ-1018-buildtech-2,RFQ-1018,buildtech,BuildTech Supply,Midwest,94,Junction Box,Electrical,49,sq_ft,49.32,USD,7
Q-RFQ-1018-buildtech-3,RFQ-1018,buildtech,BuildTech Supply,Midwest,94,Primer,Paint,359,yd3,34.15,USD,14
Q-RFQ-1018-buildtech-4,RFQ-1018,buildtech,BuildTech Supply,Midwest,94,Interior Paint,Paint,238,linear_ft,31.85,USD,14
Q-RFQ-1018-buildtech-5,RFQ-1018,buildtech,BuildTech Supply,Midwest,94,Cement Blend,Concrete,154,linear_ft,161.78,USD,34
Q-RFQ-1018-buildtech-6,RFQ-1018,buildtech,BuildTech Supply,Midwest,94,I Beam Steel,Steel,380,yd3,1038.6,USD,12
Q-RFQ-1018-buildtech-7,RFQ-1018,buildtech,BuildTech Supply,Midwest,94,Ball Valve,Plumbing,364,sq_ft,73.58,USD,20
Q-RFQ-1018-buildtech-8,RFQ-1018,buildtech,BuildTech Supply,Midwest,94,Breaker Panel,Electrical,383,ton,62.76,USD,19
Q-RFQ-1018-buildtech-9,RFQ-1018,buildtech,BuildTech Supply,Midwest,94,Gypsum Board,Drywall,286,sq_ft,15.57,USD,18
Q-RFQ-1018-constructpro-1,RFQ-1018,constructpro,ConstructPro Materials,Northeast,88,Exterior Coating,Paint,217,ea,39.1,USD,32
Q-RFQ-1018-constructpro-2,RFQ-1018,constructpro,ConstructPro Materials,Northeast,88,Electrical Wire,Electrical,49,sq_ft,50.44,USD,3
Q-RFQ-1018-constructpro-3,RFQ-1018,constructpro,ConstructPro Materials,Northeast,88,Primer,Paint,359,yd3,37.55,USD,8
Q-RFQ-1018-constructpro-4,RFQ-1018,constructpro,ConstructPro Materials,Northeast,88,Latex Paint,Paint,238,linear_ft,35.02,USD,18
Q-RFQ-1018-constructpro-5,RFQ-1018,constructpro,ConstructPro Materials,Northeast,88,Concrete,Concrete,154,linear_ft,132.88,USD,26
Q-RFQ-1018-constructpro-6,RFQ-1018,constructpro,ConstructPro Materials,Northeast,88,Steel Plate,Steel,380,yd3,936.3,USD,15
Q-RFQ-1018-constructpro-7,RFQ-1018,constructpro,ConstructPro Materials,Northeast,88,Plumbing Fixture,Plumbing,364,sq_ft,94.62,USD,22
Q-RFQ-1018-constructpro-8,RFQ-1018,constructpro,ConstructPro Materials,Northeast,88,Conduit,Electrical,383,ton,64.78,USD,16
Q-RFQ-1018-constructpro-9,RFQ-1018,constructpro,ConstructPro Materials,Northeast,88,Gypsum Board,Drywall,286,sq_ft,20.25,USD,6
Q-RFQ-1018-constructpro-10,RFQ-1018,constructpro,ConstructPro Materials,Northeast,88,VAV Box,HVAC,426,yd3,734.75,USD,27
Q-RFQ-1018-urban-1,RFQ-1018,urban,UrbanBuild Wholesale,West,82,Exterior Coating,Paint,217,ea,34.1,USD,35
Q-RFQ-1018-urban-3,RFQ-1018,urban,UrbanBuild Wholesale,West,82,Primer,Paint,359,yd3,36.45,USD,10
Q-RFQ-1018-urban-4,RFQ-1018,urban,UrbanBuild Wholesale,West,82,Paint Supplies,Paint,238,linear_ft,28.95,USD,21
Q-RFQ-1018-urban-5,RFQ-1018,urban,UrbanBuild Wholesale,West,82,Concrete,Concrete,154,linear_ft,130.0,USD,24
Q-RFQ-1018-urban-6,RFQ-1018,urban,UrbanBuild Wholesale,West,82,I Beam Steel,Steel,380,yd3,941.24,USD,22
Q-RFQ-1018-urban-7,RFQ-1018,urban,UrbanBuild Wholesale,West,82,Ball Valve,Plumbing,364,sq_ft,94.71,USD,18
Q-RFQ-1018-urban-8,RFQ-1018,urban,UrbanBuild Wholesale,West,82,Electrical Wire,Electrical,383,ton,56.65,USD,21
Q-RFQ-1018-urban-9,RFQ-1018,urban,UrbanBuild Wholesale,West,82,Sheetrock,Drywall,286,sq_ft,16.07,USD,15
Q-RFQ-1018-urban-10,RFQ-1018,urban,UrbanBuild Wholesale,West,82,VAV Box,HVAC,426,yd3,635.12,USD,31
Q-RFQ-1018-apex-1,RFQ-1018,apex,Apex Industrial Supply,South,90,Primer,Paint,217,ea,29.83,USD,34
Q-RFQ-1018-apex-2,RFQ-1018,apex,Apex Industrial Supply,South,90,Conduit,Electrical,49,sq_ft,62.29,USD,4
Q-RFQ-1018-apex-3,RFQ-1018,apex,Apex Industrial Supply,South,90,Exterior Coating,Paint,359,yd3,32.73,USD,7
Q-RFQ-1018-apex-4,RFQ-1018,apex,Apex Industrial Supply,South,90,Paint Supplies,Paint,238,linear_ft,31.66,USD,20
Q-RFQ-1018-apex-5,RFQ-1018,apex,Apex Industrial Supply,South,90,Portland Cement,Concrete,154,linear_ft,128.36,USD,36
Q-RFQ-1018-apex-6,RFQ-1018,apex,Apex Industrial Supply,South,90,Steel Plate,Steel,380,yd3,817.11,USD,18
Q-RFQ-1018-apex-7,RFQ-1018,apex,Apex Industrial Supply,South,90,Copper Pipe,Plumbing,364,sq_ft,99.77,USD,11
Q-RFQ-1018-apex-8,RFQ-1018,apex,Apex Industrial Supply,South,90,LED Fixture,Electrical,383,ton,47.93,USD,15
Q-RFQ-1018-apex-9,RFQ-1018,apex,Apex Industrial Supply,South,90,Drywall Screws,Drywall,286,sq_ft,20.04,USD,15
Q-RFQ-1018-apex-10,RFQ-1018,apex,Apex Industrial Supply,South,90,Ductwork,HVAC,426,yd3,695.41,USD,27
Q-RFQ-1018-metro-1,RFQ-1018,metro,Metro Contractor Depot,National,86,Exterior Coating,Paint,217,ea,41.95,USD,39
Q-RFQ-1018-metro-2,RFQ-1018,metro,Metro Contractor Depot,National,86,Junction Box,Electrical,49,sq_ft,54.3,USD,8
Q-RFQ-1018-metro-3,RFQ-1018,metro,Metro Contractor Depot,National,86,Paint Supplies,Paint,359,yd3,38.14,USD,14
Q-RFQ-1018-metro-4,RFQ-1018,metro,Metro Contractor Depot,National,86,Interior Paint,Paint,238,linear_ft,39.25,USD,15
Q-RFQ-1018-metro-5,RFQ-1018,metro,Metro Contractor Depot,National,86,Concrete,Concrete,154,linear_ft,143.09,USD,29
Q-RFQ-1018-metro-6,RFQ-1018,metro,Metro Contractor Depot,National,86,Rebar Grade 60,Steel,380,yd3,1139.64,USD,19
Q-RFQ-1018-metro-7,RFQ-1018,metro,Metro Contractor Depot,National,86,Copper Pipe,Plumbing,364,sq_ft,97.73,USD,24
Q-RFQ-1018-metro-8,RFQ-1018,metro,Metro Contractor Depot,National,86,Junction Box,Electrical,383,ton,52.76,USD,16
Q-RFQ-1018-metro-9,RFQ-1018,metro,Metro Contractor Depot,National,86,Drywall Sheet,Drywall,286,sq_ft,17.61,USD,19
Q-RFQ-1018-metro-10,RFQ-1018,metro,Metro Contractor Depot,National,86,Ductwork,HVAC,426,yd3,669.62,USD,28
Q-RFQ-1019-buildtech-1,RFQ-1019,buildtech,BuildTech Supply,Midwest,94,Drywall Screws,Drywall,48,sq_ft,17.88,USD,18
Q-RFQ-1019-buildtech-2,RFQ-1019,buildtech,BuildTech Supply,Midwest,94,Drywall Screws,Drywall,259,sq_ft,19.13,USD,28
Q-RFQ-1019-buildtech-3,RFQ-1019,buildtech,BuildTech Supply,Midwest,94,Rebar Grade 60,Steel,27,sq_ft,827.35,USD,35
Q-RFQ-1019-buildtech-4,RFQ-1019,buildtech,BuildTech Supply,Midwest,94,Concrete Mix,Concrete,246,sq_ft,151.22,USD,25
Q-RFQ-1019-buildtech-5,RFQ-1019,buildtech,BuildTech Supply,Midwest,94,Electrical Wire,Electrical,379,sq_ft,56.75,USD,19
Q-RFQ-1019-buildtech-6,RFQ-1019,buildtech,BuildTech Supply,Midwest,94,Latex Paint,Paint,78,linear_ft,33.43,USD,33
Q-RFQ-1019-buildtech-7,RFQ-1019,buildtech,BuildTech Supply,Midwest,94,LED Fixture,Electrical,476,ea,57.39,USD,22
Q-RFQ-1019-buildtech-8,RFQ-1019,buildtech,BuildTech Supply,Midwest,94,Copper Pipe,Plumbing,336,ton,82.05,USD,18
Q-RFQ-1019-buildtech-9,RFQ-1019,buildtech,BuildTech Supply,Midwest,94,Copper Pipe,Plumbing,175,linear_ft,80.96,USD,37
Q-RFQ-1019-buildtech-10,RFQ-1019,buildtech,BuildTech Supply,Midwest,94,Steel Rebar,Steel,236,sq_ft,843.7,USD,28
Q-RFQ-1019-constructpro-1,RFQ-1019,constructpro,ConstructPro Materials,Northeast,88,Drywall Sheet,Drywall,48,sq_ft,16.81,USD,16
Q-RFQ-1019-constructpro-2,RFQ-1019,constructpro,ConstructPro Materials,Northeast,88,Drywall Screws,Drywall,259,sq_ft,17.15,USD,18
Q-RFQ-1019-constructpro-3,RFQ-1019,constructpro,ConstructPro Materials,Northeast,88,I Beam Steel,Steel,27,sq_ft,952.18,USD,38
Q-RFQ-1019-constructpro-4,RFQ-1019,constructpro,ConstructPro Materials,Northeast,88,Concrete Mix,Concrete,246,sq_ft,155.29,USD,28
Q-RFQ-1019-constructpro-5,RFQ-1019,constructpro,ConstructPro Materials,Northeast,88,LED Fixture,Electrical,379,sq_ft,55.77,USD,19
Q-RFQ-1019-constructpro-6,RFQ-1019,constructpro,ConstructPro Materials,Northeast,88,Interior Paint,Paint,78,linear_ft,37.92,USD,37
Q-RFQ-1019-constructpro-7,RFQ-1019,constructpro,ConstructPro Materials,Northeast,88,Breaker Panel,Electrical,476,ea,56.27,USD,26
Q-RFQ-1019-constructpro-8,RFQ-1019,constructpro,ConstructPro Materials,Northeast,88,PVC Plumbing Pipe,Plumbing,336,ton,96.13,USD,19
Q-RFQ-1019-constructpro-9,RFQ-1019,constructpro,ConstructPro Materials,Northeast,88,Plumbing Fixture,Plumbing,175,linear_ft,99.4,USD,40
Q-RFQ-1019-constructpro-10,RFQ-1019,constructpro,ConstructPro Materials,Northeast,88,Rebar Grade 60,Steel,236,sq_ft,1007.12,USD,36
Q-RFQ-1019-urban-1,RFQ-1019,urban,UrbanBuild Wholesale,West,82,Gypsum Board,Drywall,48,sq_ft,18.75,USD,17
Q-RFQ-1019-urban-2,RFQ-1019,urban,UrbanBuild Wholesale,West,82,Joint Compound,Drywall,259,sq_ft,15.76,USD,20
Q-RFQ-1019-urban-3,RFQ-1019,urban,UrbanBuild Wholesale,West,82,Steel Rebar,Steel,27,sq_ft,772.47,USD,36
Q-RFQ-1019-urban-4,RFQ-1019,urban,UrbanBuild Wholesale,West,82,Portland Cement,Concrete,246,sq_ft,135.09,USD,21
Q-RFQ-1019-urban-5,RFQ-1019,urban,UrbanBuild Wholesale,West,82,LED Fixture,Electrical,379,sq_ft,47.11,USD,20
Q-RFQ-1019-urban-6,RFQ-1019,urban,UrbanBuild Wholesale,West,82,Primer,Paint,78,linear_ft,31.19,USD,23
Q-RFQ-1019-urban-7,RFQ-1019,urban,UrbanBuild Wholesale,West,82,Electrical Wire,Electrical,476,ea,50.33,USD,30
Q-RFQ-1019-urban-8,RFQ-1019,urban,UrbanBuild Wholesale,West,82,Ball Valve,Plumbing,336,ton,85.35,USD,17
Q-RFQ-1019-urban-9,RFQ-1019,urban,UrbanBuild Wholesale,West,82,Copper Pipe,Plumbing,175,linear_ft,83.66,USD,39
Q-RFQ-1019-urban-10,RFQ-1019,urban,UrbanBuild Wholesale,West,82,Steel Rebar,Steel,236,sq_ft,898.58,USD,32
Q-RFQ-1019-apex-1,RFQ-1019,apex,Apex Industrial Supply,South,90,Joint Compound,Drywall,48,sq_ft,18.39,USD,13
Q-RFQ-1019-apex-2,RFQ-1019,apex,Apex Industrial Supply,South,90,Gypsum Board,Drywall,259,sq_ft,16.01,USD,32
Q-RFQ-1019-apex-3,RFQ-1019,apex,Apex Industrial Supply,South,90,Rebar Grade 60,Steel,27,sq_ft,888.91,USD,29
Q-RFQ-1019-apex-4,RFQ-1019,apex,Apex Industrial Supply,South,90,Cement Blend,Concrete,246,sq_ft,159.62,USD,24
Q-RFQ-1019-apex-5,RFQ-1019,apex,Apex Industrial Supply,South,90,Electrical Wire,Electrical,379,sq_ft,61.8,USD,8
Q-RFQ-1019-apex-6,RFQ-1019,apex,Apex Industrial Supply,South,90,Latex Paint,Paint,78,linear_ft,34.09,USD,37
Q-RFQ-1019-apex-7,RFQ-1019,apex,Apex Industrial Supply,South,90,Breaker Panel,Electrical,476,ea,64.18,USD,24
Q-RFQ-1019-apex-8,RFQ-1019,apex,Apex Industrial Supply,South,90,Plumbing Fixture,Plumbing,336,ton,98.8,USD,14
Q-RFQ-1019-apex-9,RFQ-1019,apex,Apex Industrial Supply,South,90,Pipe Fittings,Plumbing,175,linear_ft,80.79,USD,40
Q-RFQ-1019-apex-10,RFQ-1019,apex,Apex Industrial Supply,South,90,I Beam Steel,Steel,236,sq_ft,942.61,USD,31
Q-RFQ-1019-metro-1,RFQ-1019,metro,Metro Contractor Depot,National,86,Gypsum Board,Drywall,48,sq_ft,18.22,USD,10
Q-RFQ-1019-metro-2,RFQ-1019,metro,Metro Contractor Depot,National,86,Gypsum Board,Drywall,259,sq_ft,22.2,USD,30
Q-RFQ-1019-metro-3,RFQ-1019,metro,Metro Contractor Depot,National,86,Structural Steel Beam,Steel,27,sq_ft,840.96,USD,28
Q-RFQ-1019-metro-4,RFQ-1019,metro,Metro Contractor Depot,National,86,Portland Cement,Concrete,246,sq_ft,170.23,USD,30
Q-RFQ-1019-metro-5,RFQ-1019,metro,Metro Contractor Depot,National,86,Junction Box,Electrical,379,sq_ft,60.17,USD,17
Q-RFQ-1019-metro-6,RFQ-1019,metro,Metro Contractor Depot,National,86,Primer,Paint,78,linear_ft,31.83,USD,23
Q-RFQ-1019-metro-7,RFQ-1019,metro,Metro Contractor Depot,National,86,Electrical Wire,Electrical,476,ea,56.33,USD,19
Q-RFQ-1019-metro-8,RFQ-1019,metro,Metro Contractor Depot,National,86,Pipe Fittings,Plumbing,336,ton,100.38,USD,11
Q-RFQ-1019-metro-9,RFQ-1019,metro,Metro Contractor Depot,National,86,Ball Valve,Plumbing,175,linear_ft,84.05,USD,33
Q-RFQ-1019-metro-10,RFQ-1019,metro,Metro Contractor Depot,National,86,Steel Plate,Steel,236,sq_ft,1035.34,USD,29
Q-RFQ-1020-buildtech-1,RFQ-1020,buildtech,BuildTech Supply,Midwest,94,Latex Paint,Paint,298,yd3,32.52,USD,23
Q-RFQ-1020-buildtech-2,RFQ-1020,buildtech,BuildTech Supply,Midwest,94,Exterior Coating,Paint,57,sq_ft,36.26,USD,6
Q-RFQ-1020-buildtech-3,RFQ-1020,buildtech,BuildTech Supply,Midwest,94,Latex Paint,Paint,208,sq_ft,35.18,USD,7
Q-RFQ-1020-buildtech-4,RFQ-1020,buildtech,BuildTech Supply,Midwest,94,HVAC Compressor,HVAC,335,yd3,613.86,USD,14
Q-RFQ-1020-buildtech-5,RFQ-1020,buildtech,BuildTech Supply,Midwest,94,Drywall Screws,Drywall,220,linear_ft,18.76,USD,41
Q-RFQ-1020-buildtech-6,RFQ-1020,buildtech,BuildTech Supply,Midwest,94,Latex Paint,Paint,267,ton,36.29,USD,26
Q-RFQ-1020-buildtech-7,RFQ-1020,buildtech,BuildTech Supply,Midwest,94,Structural Steel Beam,Steel,407,linear_ft,788.35,USD,31
Q-RFQ-1020-buildtech-8,RFQ-1020,buildtech,BuildTech Supply,Midwest,94,Joint Compound,Drywall,176,ton,19.07,USD,16
Q-RFQ-1020-buildtech-9,RFQ-1020,buildtech,BuildTech Supply,Midwest,94,Primer,Paint,30,sq_ft,35.45,USD,30
Q-RFQ-1020-buildtech-10,RFQ-1020,buildtech,BuildTech Supply,Midwest,94,Conduit,Electrical,88,yd3,47.07,USD,7
Q-RFQ-1020-constructpro-1,RFQ-1020,constructpro,ConstructPro Materials,Northeast,88,Exterior Coating,Paint,298,yd3,33.8,USD,33
Q-RFQ-1020-constructpro-2,RFQ-1020,constructpro,ConstructPro Materials,Northeast,88,Exterior Coating,Paint,57,sq_ft,36.46,USD,15
Q-RFQ-1020-constructpro-3,RFQ-1020,constructpro,ConstructPro Materials,Northeast,88,Interior Paint,Paint,208,sq_ft,34.92,USD,10
Q-RFQ-1020-constructpro-4,RFQ-1020,constructpro,ConstructPro Materials,Northeast,88,Air Diffuser,HVAC,335,yd3,651.99,USD,15
Q-RFQ-1020-constructpro-5,RFQ-1020,constructpro,ConstructPro Materials,Northeast,88,Sheetrock,Drywall,220,linear_ft,16.74,USD,42
Q-RFQ-1020-constructpro-6,RFQ-1020,constructpro,ConstructPro Materials,Northeast,88,Exterior Coating,Paint,267,ton,35.11,USD,26
Q-RFQ-1020-constructpro-7,RFQ-1020,constructpro,ConstructPro Materials,Northeast,88,I Beam Steel,Steel,407,linear_ft,868.24,USD,28
Q-RFQ-1020-constructpro-8,RFQ-1020,constructpro,ConstructPro Materials,Northeast,88,Gypsum Board,Drywall,176,ton,21.04,USD,25
Q-RFQ-1020-constructpro-9,RFQ-1020,constructpro,ConstructPro Materials,Northeast,88,Interior Paint,Paint,30,sq_ft,33.07,USD,40
Q-RFQ-1020-constructpro-10,RFQ-1020,constructpro,ConstructPro Materials,Northeast,88,LED Fixture,Electrical,88,yd3,49.06,USD,12
Q-RFQ-1020-urban-2,RFQ-1020,urban,UrbanBuild Wholesale,West,82,Latex Paint,Paint,57,sq_ft,31.97,USD,6
Q-RFQ-1020-urban-3,RFQ-1020,urban,UrbanBuild Wholesale,West,82,Latex Paint,Paint,208,sq_ft,33.48,USD,19
Q-RFQ-1020-urban-4,RFQ-1020,urban,UrbanBuild Wholesale,West,82,Ductwork,HVAC,335,yd3,653.15,USD,16
Q-RFQ-1020-urban-5,RFQ-1020,urban,UrbanBuild Wholesale,West,82,Drywall Screws,Drywall,220,linear_ft,19.58,USD,39
Q-RFQ-1020-urban-6,RFQ-1020,urban,UrbanBuild Wholesale,West,82,Latex Paint,Paint,267,ton,29.16,USD,27
Q-RFQ-1020-urban-7,RFQ-1020,urban,UrbanBuild Wholesale,West,82,Structural Steel Beam,Steel,407,linear_ft,853.41,USD,37
Q-RFQ-1020-urban-8,RFQ-1020,urban,UrbanBuild Wholesale,West,82,Drywall Screws,Drywall,176,ton,19.98,USD,21
Q-RFQ-1020-urban-9,RFQ-1020,urban,UrbanBuild Wholesale,West,82,Paint Supplies,Paint,30,sq_ft,33.09,USD,31
Q-RFQ-1020-urban-10,RFQ-1020,urban,UrbanBuild Wholesale,West,82,Conduit,Electrical,88,yd3,60.8,USD,13
Q-RFQ-1020-apex-1,RFQ-1020,apex,Apex Industrial Supply,South,90,Interior Paint,Paint,298,yd3,39.46,USD,25
Q-RFQ-1020-apex-2,RFQ-1020,apex,Apex Industrial Supply,South,90,Exterior Coating,Paint,57,sq_ft,31.76,USD,8
Q-RFQ-1020-apex-3,RFQ-1020,apex,Apex Industrial Supply,South,90,Latex Paint,Paint,208,sq_ft,36.51,USD,19
Q-RFQ-1020-apex-4,RFQ-1020,apex,Apex Industrial Supply,South,90,Air Diffuser,HVAC,335,yd3,669.25,USD,25
Q-RFQ-1020-apex-5,RFQ-1020,apex,Apex Industrial Supply,South,90,Sheetrock,Drywall,220,linear_ft,21.13,USD,29
Q-RFQ-1020-apex-6,RFQ-1020,apex,Apex Industrial Supply,South,90,Exterior Coating,Paint,267,ton,34.91,USD,32
Q-RFQ-1020-apex-7,RFQ-1020,apex,Apex Industrial Supply,South,90,I Beam Steel,Steel,407,linear_ft,961.55,USD,29
Q-RFQ-1020-apex-8,RFQ-1020,apex,Apex Industrial Supply,South,90,Drywall Screws,Drywall,176,ton,17.66,USD,21
Q-RFQ-1020-apex-9,RFQ-1020,apex,Apex Industrial Supply,South,90,Exterior Coating,Paint,30,sq_ft,30.09,USD,35
Q-RFQ-1020-apex-10,RFQ-1020,apex,Apex Industrial Supply,South,90,Junction Box,Electrical,88,yd3,51.22,USD,7
Q-RFQ-1020-metro-1,RFQ-1020,metro,Metro Contractor Depot,National,86,Paint Supplies,Paint,298,yd3,34.97,USD,36
Q-RFQ-1020-metro-2,RFQ-1020,metro,Metro Contractor Depot,National,86,Primer,Paint,57,sq_ft,36.78,USD,10
Q-RFQ-1020-metro-3,RFQ-1020,metro,Metro Contractor Depot,National,86,Exterior Coating,Paint,208,sq_ft,31.88,USD,8
Q-RFQ-1020-metro-4,RFQ-1020,metro,Metro Contractor Depot,National,86,VAV Box,HVAC,335,yd3,656.18,USD,22
Q-RFQ-1020-metro-5,RFQ-1020,metro,Metro Contractor Depot,National,86,Joint Compound,Drywall,220,linear_ft,20.45,USD,40
Q-RFQ-1020-metro-6,RFQ-1020,metro,Metro Contractor Depot,National,86,Paint Supplies,Paint,267,ton,32.3,USD,26
Q-RFQ-1020-metro-7,RFQ-1020,metro,Metro Contractor Depot,National,86,Steel Plate,Steel,407,linear_ft,888.99,USD,27
Q-RFQ-1020-metro-8,RFQ-1020,metro,Metro Contractor Depot,National,86,Drywall Screws,Drywall,176,ton,17.19,USD,13
Q-RFQ-1020-metro-9,RFQ-1020,metro,Metro Contractor Depot,National,86,Latex Paint,Paint,30,sq_ft,36.91,USD,31
Q-RFQ-1020-metro-10,RFQ-1020,metro,Metro Contractor Depot,National,86,Conduit,Electrical,88,yd3,54.96,USD,10
Q-RFQ-1021-buildtech-1,RFQ-1021,buildtech,BuildTech Supply,Midwest,94,LED Fixture,Electrical,474,ea,56.12,USD,12
Q-RFQ-1021-buildtech-2,RFQ-1021,buildtech,BuildTech Supply,Midwest,94,Steel Rebar,Steel,335,linear_ft,794.08,USD,43
Q-RFQ-1021-buildtech-3,RFQ-1021,buildtech,BuildTech Supply,Midwest,94,Plumbing Fixture,Plumbing,137,linear_ft,92.74,USD,29
Q-RFQ-1021-buildtech-4,RFQ-1021,buildtech,BuildTech Supply,Midwest,94,I Beam Steel,Steel,445,ton,1017.29,USD,27
Q-RFQ-1021-buildtech-5,RFQ-1021,buildtech,BuildTech Supply,Midwest,94,Paint Supplies,Paint,160,ton,36.83,USD,30
Q-RFQ-1021-buildtech-6,RFQ-1021,buildtech,BuildTech Supply,Midwest,94,Latex Paint,Paint,497,linear_ft,36.19,USD,22
Q-RFQ-1021-buildtech-7,RFQ-1021,buildtech,BuildTech Supply,Midwest,94,Conduit,Electrical,142,linear_ft,50.23,USD,28
Q-RFQ-1021-buildtech-8,RFQ-1021,buildtech,BuildTech Supply,Midwest,94,I Beam Steel,Steel,33,ton,848.36,USD,24
Q-RFQ-1021-buildtech-9,RFQ-1021,buildtech,BuildTech Supply,Midwest,94,Drywall Sheet,Drywall,375,linear_ft,15.05,USD,37
Q-RFQ-1021-buildtech-10,RFQ-1021,buildtech,BuildTech Supply,Midwest,94,Steel Plate,Steel,74,ton,915.89,USD,27
Q-RFQ-1021-constructpro-1,RFQ-1021,constructpro,ConstructPro Materials,Northeast,88,Junction Box,Electrical,474,ea,63.3,USD,9
Q-RFQ-1021-constructpro-2,RFQ-1021,constructpro,ConstructPro Materials,Northeast,88,I Beam Steel,Steel,335,linear_ft,944.13,USD,33
Q-RFQ-1021-constructpro-3,RFQ-1021,constructpro,ConstructPro Materials,Northeast,88,Pipe Fittings,Plumbing,137,linear_ft,90.31,USD,26
Q-RFQ-1021-constructpro-4,RFQ-1021,constructpro,ConstructPro Materials,Northeast,88,Steel Plate,Steel,445,ton,1115.68,USD,33
Q-RFQ-1021-constructpro-5,RFQ-1021,constructpro,ConstructPro Materials,Northeast,88,Latex Paint,Paint,160,ton,36.3,USD,32
Q-RFQ-1021-constructpro-6,RFQ-1021,constructpro,ConstructPro Materials,Northeast,88,Paint Supplies,Paint,497,linear_ft,36.38,USD,25
Q-RFQ-1021-constructpro-7,RFQ-1021,constructpro,ConstructPro Materials,Northeast,88,Junction Box,Electrical,142,linear_ft,59.19,USD,25
Q-RFQ-1021-constructpro-8,RFQ-1021,constructpro,ConstructPro Materials,Northeast,88,Structural Steel Beam,Steel,33,ton,1076.88,USD,29
Q-RFQ-1021-constructpro-9,RFQ-1021,constructpro,ConstructPro Materials,Northeast,88,Gypsum Board,Drywall,375,linear_ft,20.59,USD,29
Q-RFQ-1021-constructpro-10,RFQ-1021,constructpro,ConstructPro Materials,Northeast,88,Rebar Grade 60,Steel,74,ton,936.4,USD,29
Q-RFQ-1021-urban-1,RFQ-1021,urban,UrbanBuild Wholesale,West,82,Electrical Wire,Electrical,474,ea,56.59,USD,6
Q-RFQ-1021-urban-2,RFQ-1021,urban,UrbanBuild Wholesale,West,82,Structural Steel Beam,Steel,335,linear_ft,929.48,USD,42
Q-RFQ-1021-urban-3,RFQ-1021,urban,UrbanBuild Wholesale,West,82,Plumbing Fixture,Plumbing,137,linear_ft,93.37,USD,22
Q-RFQ-1021-urban-4,RFQ-1021,urban,UrbanBuild Wholesale,West,82,Structural Steel Beam,Steel,445,ton,813.66,USD,30
Q-RFQ-1021-urban-6,RFQ-1021,urban,UrbanBuild Wholesale,West,82,Latex Paint,Paint,497,linear_ft,37.95,USD,31
Q-RFQ-1021-urban-7,RFQ-1021,urban,UrbanBuild Wholesale,West,82,LED Fixture,Electrical,142,linear_ft,56.83,USD,14
Q-RFQ-1021-urban-8,RFQ-1021,urban,UrbanBuild Wholesale,West,82,Steel Plate,Steel,33,ton,981.04,USD,25
Q-RFQ-1021-urban-10,RFQ-1021,urban,UrbanBuild Wholesale,West,82,I Beam Steel,Steel,74,ton,1011.95,USD,21
Q-RFQ-1021-apex-1,RFQ-1021,apex,Apex Industrial Supply,South,90,LED Fixture,Electrical,474,ea,61.1,USD,12
Q-RFQ-1021-apex-2,RFQ-1021,apex,Apex Industrial Supply,South,90,Structural Steel Beam,Steel,335,linear_ft,972.31,USD,34
Q-RFQ-1021-apex-3,RFQ-1021,apex,Apex Industrial Supply,South,90,PVC Plumbing Pipe,Plumbing,137,linear_ft,73.11,USD,22
Q-RFQ-1021-apex-4,RFQ-1021,apex,Apex Industrial Supply,South,90,Rebar Grade 60,Steel,445,ton,1020.74,USD,31
Q-RFQ-1021-apex-5,RFQ-1021,apex,Apex Industrial Supply,South,90,Latex Paint,Paint,160,ton,35.62,USD,25
Q-RFQ-1021-apex-6,RFQ-1021,apex,Apex Industrial Supply,South,90,Interior Paint,Paint,497,linear_ft,29.99,USD,29
Q-RFQ-1021-apex-7,RFQ-1021,apex,Apex Industrial Supply,South,90,LED Fixture,Electrical,142,linear_ft,61.9,USD,19
Q-RFQ-1021-apex-8,RFQ-1021,apex,Apex Industrial Supply,South,90,Steel Rebar,Steel,33,ton,1031.29,USD,27
Q-RFQ-1021-apex-9,RFQ-1021,apex,Apex Industrial Supply,South,90,Joint Compound,Drywall,375,linear_ft,18.1,USD,37
Q-RFQ-1021-metro-1,RFQ-1021,metro,Metro Contractor Depot,National,86,LED Fixture,Electrical,474,ea,59.58,USD,5
Q-RFQ-1021-metro-2,RFQ-1021,metro,Metro Contractor Depot,National,86,Structural Steel Beam,Steel,335,linear_ft,944.76,USD,41
Q-RFQ-1021-metro-3,RFQ-1021,metro,Metro Contractor Depot,National,86,Pipe Fittings,Plumbing,137,linear_ft,84.92,USD,34
Q-RFQ-1021-metro-4,RFQ-1021,metro,Metro Contractor Depot,National,86,Steel Plate,Steel,445,ton,916.73,USD,27
Q-RFQ-1021-metro-5,RFQ-1021,metro,Metro Contractor Depot,National,86,Exterior Coating,Paint,160,ton,39.87,USD,37
Q-RFQ-1021-metro-6,RFQ-1021,metro,Metro Contractor Depot,National,86,Latex Paint,Paint,497,linear_ft,36.31,USD,34
Q-RFQ-1021-metro-8,RFQ-1021,metro,Metro Contractor Depot,National,86,Steel Rebar,Steel,33,ton,859.75,USD,28
Q-RFQ-1021-metro-9,RFQ-1021,metro,Metro Contractor Depot,National,86,Joint Compound,Drywall,375,linear_ft,21.29,USD,33
Q-RFQ-1021-metro-10,RFQ-1021,metro,Metro Contractor Depot,National,86,Rebar Grade 60,Steel,74,ton,841.71,USD,20
Q-RFQ-1022-buildtech-1,RFQ-1022,buildtech,BuildTech Supply,Midwest,94,Pipe Fittings,Plumbing,63,sq_ft,75.73,USD,11
Q-RFQ-1022-buildtech-2,RFQ-1022,buildtech,BuildTech Supply,Midwest,94,PVC Plumbing Pipe,Plumbing,206,ton,90.7,USD,30
Q-RFQ-1022-buildtech-3,RFQ-1022,buildtech,BuildTech Supply,Midwest,94,LED Fixture,Electrical,118,ton,53.11,USD,17
Q-RFQ-1022-buildtech-4,RFQ-1022,buildtech,BuildTech Supply,Midwest,94,Primer,Paint,145,ton,32.52,USD,36
Q-RFQ-1022-buildtech-5,RFQ-1022,buildtech,BuildTech Supply,Midwest,94,Air Diffuser,HVAC,142,ton,714.64,USD,33
Q-RFQ-1022-buildtech-6,RFQ-1022,buildtech,BuildTech Supply,Midwest,94,Steel Rebar,Steel,207,ton,770.84,USD,32
Q-RFQ-1022-buildtech-7,RFQ-1022,buildtech,BuildTech Supply,Midwest,94,Cement Blend,Concrete,496,yd3,135.61,USD,36
Q-RFQ-1022-buildtech-8,RFQ-1022,buildtech,BuildTech Supply,Midwest,94,Primer,Paint,339,yd3,34.15,USD,30
Q-RFQ-1022-buildtech-9,RFQ-1022,buildtech,BuildTech Supply,Midwest,94,Sheetrock,Drywall,46,linear_ft,18.44,USD,15
Q-RFQ-1022-buildtech-10,RFQ-1022,buildtech,BuildTech Supply,Midwest,94,Breaker Panel,Electrical,277,sq_ft,49.48,USD,34
Q-RFQ-1022-constructpro-1,RFQ-1022,constructpro,ConstructPro Materials,Northeast,88,PVC Plumbing Pipe,Plumbing,63,sq_ft,83.13,USD,16
Q-RFQ-1022-constructpro-2,RFQ-1022,constructpro,ConstructPro Materials,Northeast,88,PVC Plumbing Pipe,Plumbing,206,ton,91.43,USD,43
Q-RFQ-1022-constructpro-3,RFQ-1022,constructpro,ConstructPro Materials,Northeast,88,Conduit,Electrical,118,ton,53.61,USD,25
Q-RFQ-1022-constructpro-4,RFQ-1022,constructpro,ConstructPro Materials,Northeast,88,Primer,Paint,145,ton,34.39,USD,41
Q-RFQ-1022-constructpro-5,RFQ-1022,constructpro,ConstructPro Materials,Northeast,88,HVAC Air Handler,HVAC,142,ton,635.86,USD,30
Q-RFQ-1022-constructpro-6,RFQ-1022,constructpro,ConstructPro Materials,Northeast,88,I Beam Steel,Steel,207,ton,855.71,USD,34
Q-RFQ-1022-constructpro-7,RFQ-1022,constructpro,ConstructPro Materials,Northeast,88,Concrete,Concrete,496,yd3,165.97,USD,27
Q-RFQ-1022-constructpro-8,RFQ-1022,constructpro,ConstructPro Materials,Northeast,88,Paint Supplies,Paint,339,yd3,36.48,USD,27
Q-RFQ-1022-constructpro-9,RFQ-1022,constructpro,ConstructPro Materials,Northeast,88,Sheetrock,Drywall,46,linear_ft,16.3,USD,20
Q-RFQ-1022-constructpro-10,RFQ-1022,constructpro,ConstructPro Materials,Northeast,88,Breaker Panel,Electrical,277,sq_ft,50.46,USD,33
Q-RFQ-1022-urban-1,RFQ-1022,urban,UrbanBuild Wholesale,West,82,Ball Valve,Plumbing,63,sq_ft,83.92,USD,12
Q-RFQ-1022-urban-3,RFQ-1022,urban,UrbanBuild Wholesale,West,82,LED Fixture,Electrical,118,ton,59.44,USD,20
Q-RFQ-1022-urban-4,RFQ-1022,urban,UrbanBuild Wholesale,West,82,Latex Paint,Paint,145,ton,34.5,USD,31
Q-RFQ-1022-urban-5,RFQ-1022,urban,UrbanBuild Wholesale,West,82,HVAC Compressor,HVAC,142,ton,614.39,USD,38
Q-RFQ-1022-urban-6,RFQ-1022,urban,UrbanBuild Wholesale,West,82,Steel Plate,Steel,207,ton,968.32,USD,40
Q-RFQ-1022-urban-7,RFQ-1022,urban,UrbanBuild Wholesale,West,82,Portland Cement,Concrete,496,yd3,145.52,USD,33
Q-RFQ-1022-urban-8,RFQ-1022,urban,UrbanBuild Wholesale,West,82,Exterior Coating,Paint,339,yd3,36.75,USD,32
Q-RFQ-1022-urban-9,RFQ-1022,urban,UrbanBuild Wholesale,West,82,Drywall Sheet,Drywall,46,linear_ft,17.83,USD,14
Q-RFQ-1022-urban-10,RFQ-1022,urban,UrbanBuild Wholesale,West,82,Breaker Panel,Electrical,277,sq_ft,48.75,USD,39
Q-RFQ-1022-apex-1,RFQ-1022,apex,Apex Industrial Supply,South,90,Plumbing Fixture,Plumbing,63,sq_ft,80.38,USD,11
Q-RFQ-1022-apex-2,RFQ-1022,apex,Apex Industrial Supply,South,90,Ball Valve,Plumbing,206,ton,94.34,USD,41
Q-RFQ-1022-apex-3,RFQ-1022,apex,Apex Industrial Supply,South,90,Junction Box,Electrical,118,ton,64.29,USD,19
Q-RFQ-1022-apex-4,RFQ-1022,apex,Apex Industrial Supply,South,90,Primer,Paint,145,ton,29.49,USD,39
Q-RFQ-1022-apex-5,RFQ-1022,apex,Apex Industrial Supply,South,90,HVAC Air Handler,HVAC,142,ton,746.67,USD,31
Q-RFQ-1022-apex-6,RFQ-1022,apex,Apex Industrial Supply,South,90,Structural Steel Beam,Steel,207,ton,821.53,USD,40
Q-RFQ-1022-apex-7,RFQ-1022,apex,Apex Industrial Supply,South,90,Ready Mix Concrete,Concrete,496,yd3,150.15,USD,35
Q-RFQ-1022-apex-8,RFQ-1022,apex,Apex Industrial Supply,South,90,Interior Paint,Paint,339,yd3,37.56,USD,27
Q-RFQ-1022-apex-9,RFQ-1022,apex,Apex Industrial Supply,South,90,Joint Compound,Drywall,46,linear_ft,16.37,USD,17
Q-RFQ-1022-apex-10,RFQ-1022,apex,Apex Industrial Supply,South,90,Junction Box,Electrical,277,sq_ft,60.28,USD,39
Q-RFQ-1022-metro-1,RFQ-1022,metro,Metro Contractor Depot,National,86,PVC Plumbing Pipe,Plumbing,63,sq_ft,92.67,USD,7
Q-RFQ-1022-metro-3,RFQ-1022,metro,Metro Contractor Depot,National,86,Junction Box,Electrical,118,ton,67.21,USD,24
Q-RFQ-1022-metro-4,RFQ-1022,metro,Metro Contractor Depot,National,86,Exterior Coating,Paint,145,ton,37.23,USD,37
Q-RFQ-1022-metro-5,RFQ-1022,metro,Metro Contractor Depot,National,86,VAV Box,HVAC,142,ton,843.52,USD,30
Q-RFQ-1022-metro-6,RFQ-1022,metro,Metro Contractor Depot,National,86,I Beam Steel,Steel,207,ton,981.14,USD,32
Q-RFQ-1022-metro-7,RFQ-1022,metro,Metro Contractor Depot,National,86,Concrete,Concrete,496,yd3,163.64,USD,37
Q-RFQ-1022-metro-8,RFQ-1022,metro,Metro Contractor Depot,National,86,Interior Paint,Paint,339,yd3,37.22,USD,33
Q-RFQ-1022-metro-9,RFQ-1022,metro,Metro Contractor Depot,National,86,Gypsum Board,Drywall,46,linear_ft,18.93,USD,17
Q-RFQ-1023-buildtech-1,RFQ-1023,buildtech,BuildTech Supply,Midwest,94,Joint Compound,Drywall,201,ea,15.63,USD,26
Q-RFQ-1023-buildtech-2,RFQ-1023,buildtech,BuildTech Supply,Midwest,94,Junction Box,Electrical,377,linear_ft,57.84,USD,29
Q-RFQ-1023-buildtech-3,RFQ-1023,buildtech,BuildTech Supply,Midwest,94,Pipe Fittings,Plumbing,29,linear_ft,74.92,USD,27
Q-RFQ-1023-buildtech-4,RFQ-1023,buildtech,BuildTech Supply,Midwest,94,HVAC Compressor,HVAC,143,yd3,588.84,USD,21
Q-RFQ-1023-buildtech-5,RFQ-1023,buildtech,BuildTech Supply,Midwest,94,Ductwork,HVAC,235,sq_ft,720.73,USD,16
Q-RFQ-1023-buildtech-6,RFQ-1023,buildtech,BuildTech Supply,Midwest,94,Ball Valve,Plumbing,108,linear_ft,83.93,USD,34
Q-RFQ-1023-buildtech-7,RFQ-1023,buildtech,BuildTech Supply,Midwest,94,Ball Valve,Plumbing,159,yd3,92.0,USD,22
Q-RFQ-1023-buildtech-8,RFQ-1023,buildtech,BuildTech Supply,Midwest,94,Interior Paint,Paint,289,sq_ft,28.7,USD,40
Q-RFQ-1023-buildtech-9,RFQ-1023,buildtech,BuildTech Supply,Midwest,94,Exterior Coating,Paint,170,sq_ft,29.9,USD,39
Q-RFQ-1023-buildtech-10,RFQ-1023,buildtech,BuildTech Supply,Midwest,94,Ductwork,HVAC,121,yd3,681.91,USD,10
Q-RFQ-1023-constructpro-1,RFQ-1023,constructpro,ConstructPro Materials,Northeast,88,Joint Compound,Drywall,201,ea,17.43,USD,30
Q-RFQ-1023-constructpro-3,RFQ-1023,constructpro,ConstructPro Materials,Northeast,88,Plumbing Fixture,Plumbing,29,linear_ft,95.32,USD,39
Q-RFQ-1023-constructpro-4,RFQ-1023,constructpro,ConstructPro Materials,Northeast,88,HVAC Air Handler,HVAC,143,yd3,657.74,USD,22
Q-RFQ-1023-constructpro-5,RFQ-1023,constructpro,ConstructPro Materials,Northeast,88,VAV Box,HVAC,235,sq_ft,775.15,USD,25
Q-RFQ-1023-constructpro-6,RFQ-1023,constructpro,ConstructPro Materials,Northeast,88,Ball Valve,Plumbing,108,linear_ft,88.54,USD,42
Q-RFQ-1023-constructpro-7,RFQ-1023,constructpro,ConstructPro Materials,Northeast,88,Copper Pipe,Plumbing,159,yd3,92.92,USD,26
Q-RFQ-1023-constructpro-8,RFQ-1023,constructpro,ConstructPro Materials,Northeast,88,Exterior Coating,Paint,289,sq_ft,35.95,USD,34
Q-RFQ-1023-constructpro-9,RFQ-1023,constructpro,ConstructPro Materials,Northeast,88,Interior Paint,Paint,170,sq_ft,32.34,USD,40
Q-RFQ-1023-constructpro-10,RFQ-1023,constructpro,ConstructPro Materials,Northeast,88,Ductwork,HVAC,121,yd3,820.48,USD,17
Q-RFQ-1023-urban-1,RFQ-1023,urban,UrbanBuild Wholesale,West,82,Sheetrock,Drywall,201,ea,14.79,USD,26
Q-RFQ-1023-urban-2,RFQ-1023,urban,UrbanBuild Wholesale,West,82,Electrical Wire,Electrical,377,linear_ft,58.13,USD,26
Q-RFQ-1023-urban-3,RFQ-1023,urban,UrbanBuild Wholesale,West,82,Pipe Fittings,Plumbing,29,linear_ft,87.29,USD,29
Q-RFQ-1023-urban-4,RFQ-1023,urban,UrbanBuild Wholesale,West,82,Ductwork,HVAC,143,yd3,574.06,USD,26
Q-RFQ-1023-urban-5,RFQ-1023,urban,UrbanBuild Wholesale,West,82,HVAC Air Handler,HVAC,235,sq_ft,683.45,USD,15
Q-RFQ-1023-urban-6,RFQ-1023,urban,UrbanBuild Wholesale,West,82,Pipe Fittings,Plumbing,108,linear_ft,73.42,USD,40
Q-RFQ-1023-urban-7,RFQ-1023,urban,UrbanBuild Wholesale,West,82,Ball Valve,Plumbing,159,yd3,82.05,USD,23
Q-RFQ-1023-urban-8,RFQ-1023,urban,UrbanBuild Wholesale,West,82,Paint Supplies,Paint,289,sq_ft,35.6,USD,38
Q-RFQ-1023-urban-9,RFQ-1023,urban,UrbanBuild Wholesale,West,82,Exterior Coating,Paint,170,sq_ft,34.9,USD,38
Q-RFQ-1023-urban-10,RFQ-1023,urban,UrbanBuild Wholesale,West,82,Air Diffuser,HVAC,121,yd3,741.33,USD,18
Q-RFQ-1023-apex-1,RFQ-1023,apex,Apex Industrial Supply,South,90,Joint Compound,Drywall,201,ea,17.18,USD,20
Q-RFQ-1023-apex-2,RFQ-1023,apex,Apex Industrial Supply,South,90,Breaker Panel,Electrical,377,linear_ft,56.87,USD,37
Q-RFQ-1023-apex-3,RFQ-1023,apex,Apex Industrial Supply,South,90,Pipe Fittings,Plumbing,29,linear_ft,96.7,USD,41
Q-RFQ-1023-apex-4,RFQ-1023,apex,Apex Industrial Supply,South,90,VAV Box,HVAC,143,yd3,619.69,USD,21
Q-RFQ-1023-apex-5,RFQ-1023,apex,Apex Industrial Supply,South,90,VAV Box,HVAC,235,sq_ft,763.11,USD,20
Q-RFQ-1023-apex-6,RFQ-1023,apex,Apex Industrial Supply,South,90,Pipe Fittings,Plumbing,108,linear_ft,94.2,USD,34
Q-RFQ-1023-apex-7,RFQ-1023,apex,Apex Industrial Supply,South,90,Pipe Fittings,Plumbing,159,yd3,97.12,USD,28
Q-RFQ-1023-apex-8,RFQ-1023,apex,Apex Industrial Supply,South,90,Exterior Coating,Paint,289,sq_ft,35.99,USD,38
Q-RFQ-1023-apex-9,RFQ-1023,apex,Apex Industrial Supply,South,90,Paint Supplies,Paint,170,sq_ft,39.76,USD,30
Q-RFQ-1023-apex-10,RFQ-1023,apex,Apex Industrial Supply,South,90,VAV Box,HVAC,121,yd3,693.07,USD,9
Q-RFQ-1023-metro-1,RFQ-1023,metro,Metro Contractor Depot,National,86,Sheetrock,Drywall,201,ea,18.38,USD,18
Q-RFQ-1023-metro-2,RFQ-1023,metro,Metro Contractor Depot,National,86,Electrical Wire,Electrical,377,linear_ft,62.43,USD,39
Q-RFQ-1023-metro-3,RFQ-1023,metro,Metro Contractor Depot,National,86,Copper Pipe,Plumbing,29,linear_ft,82.64,USD,30
Q-RFQ-1023-metro-4,RFQ-1023,metro,Metro Contractor Depot,National,86,HVAC Air Handler,HVAC,143,yd3,664.09,USD,28
Q-RFQ-1023-metro-5,RFQ-1023,metro,Metro Contractor Depot,National,86,Air Diffuser,HVAC,235,sq_ft,709.52,USD,23
Q-RFQ-1023-metro-6,RFQ-1023,metro,Metro Contractor Depot,National,86,Copper Pipe,Plumbing,108,linear_ft,94.51,USD,33
Q-RFQ-1023-metro-7,RFQ-1023,metro,Metro Contractor Depot,National,86,Copper Pipe,Plumbing,159,yd3,98.18,USD,29
Q-RFQ-1023-metro-8,RFQ-1023,metro,Metro Contractor Depot,National,86,Interior Paint,Paint,289,sq_ft,38.56,USD,34
Q-RFQ-1023-metro-9,RFQ-1023,metro,Metro Contractor Depot,National,86,Latex Paint,Paint,170,sq_ft,31.69,USD,38
Q-RFQ-1023-metro-10,RFQ-1023,metro,Metro Contractor Depot,National,86,HVAC Compressor,HVAC,121,yd3,715.83,USD,19
Q-RFQ-1024-buildtech-1,RFQ-1024,buildtech,BuildTech Supply,Midwest,94,LED Fixture,Electrical,295,yd3,61.29,USD,30
Q-RFQ-1024-buildtech-2,RFQ-1024,buildtech,BuildTech Supply,Midwest,94,Portland Cement,Concrete,64,ton,139.52,USD,31
Q-RFQ-1024-buildtech-3,RFQ-1024,buildtech,BuildTech Supply,Midwest,94,Cement Blend,Concrete,396,ton,148.34,USD,27
Q-RFQ-1024-buildtech-4,RFQ-1024,buildtech,BuildTech Supply,Midwest,94,Ball Valve,Plumbing,123,sq_ft,91.11,USD,28
Q-RFQ-1024-buildtech-5,RFQ-1024,buildtech,BuildTech Supply,Midwest,94,Steel Plate,Steel,345,ton,895.26,USD,19
Q-RFQ-1024-buildtech-6,RFQ-1024,buildtech,BuildTech Supply,Midwest,94,Latex Paint,Paint,237,yd3,38.74,USD,26
Q-RFQ-1024-buildtech-7,RFQ-1024,buildtech,BuildTech Supply,Midwest,94,Exterior Coating,Paint,208,linear_ft,38.85,USD,24
Q-RFQ-1024-buildtech-8,RFQ-1024,buildtech,BuildTech Supply,Midwest,94,Exterior Coating,Paint,477,yd3,30.7,USD,7
Q-RFQ-1024-buildtech-9,RFQ-1024,buildtech,BuildTech Supply,Midwest,94,Sheetrock,Drywall,306,linear_ft,20.29,USD,32
Q-RFQ-1024-buildtech-10,RFQ-1024,buildtech,BuildTech Supply,Midwest,94,VAV Box,HVAC,298,sq_ft,684.68,USD,18
Q-RFQ-1024-constructpro-1,RFQ-1024,constructpro,ConstructPro Materials,Northeast,88,Conduit,Electrical,295,yd3,57.06,USD,27
Q-RFQ-1024-constructpro-2,RFQ-1024,constructpro,ConstructPro Materials,Northeast,88,Concrete Mix,Concrete,64,ton,170.96,USD,21
Q-RFQ-1024-constructpro-3,RFQ-1024,constructpro,ConstructPro Materials,Northeast,88,Cement Blend,Concrete,396,ton,142.79,USD,25
Q-RFQ-1024-constructpro-4,RFQ-1024,constructpro,ConstructPro Materials,Northeast,88,Copper Pipe,Plumbing,123,sq_ft,81.38,USD,34
Q-RFQ-1024-constructpro-5,RFQ-1024,constructpro,ConstructPro Materials,Northeast,88,Steel Plate,Steel,345,ton,961.26,USD,32
Q-RFQ-1024-constructpro-6,RFQ-1024,constructpro,ConstructPro Materials,Northeast,88,Interior Paint,Paint,237,yd3,37.99,USD,35
Q-RFQ-1024-constructpro-7,RFQ-1024,constructpro,ConstructPro Materials,Northeast,88,Latex Paint,Paint,208,linear_ft,30.54,USD,30
Q-RFQ-1024-constructpro-8,RFQ-1024,constructpro,ConstructPro Materials,Northeast,88,Exterior Coating,Paint,477,yd3,30.74,USD,12
Q-RFQ-1024-constructpro-9,RFQ-1024,constructpro,ConstructPro Materials,Northeast,88,Drywall Sheet,Drywall,306,linear_ft,18.52,USD,31
Q-RFQ-1024-constructpro-10,RFQ-1024,constructpro,ConstructPro Materials,Northeast,88,VAV Box,HVAC,298,sq_ft,769.92,USD,30
Q-RFQ-1024-urban-2,RFQ-1024,urban,UrbanBuild Wholesale,West,82,Concrete,Concrete,64,ton,135.33,USD,26
Q-RFQ-1024-urban-3,RFQ-1024,urban,UrbanBuild Wholesale,West,82,Concrete Mix,Concrete,396,ton,142.27,USD,24
Q-RFQ-1024-urban-4,RFQ-1024,urban,UrbanBuild Wholesale,West,82,Copper Pipe,Plumbing,123,sq_ft,75.15,USD,33
Q-RFQ-1024-urban-5,RFQ-1024,urban,UrbanBuild Wholesale,West,82,Steel Plate,Steel,345,ton,861.52,USD,31
Q-RFQ-1024-urban-6,RFQ-1024,urban,UrbanBuild Wholesale,West,82,Primer,Paint,237,yd3,32.99,USD,32
Q-RFQ-1024-urban-7,RFQ-1024,urban,UrbanBuild Wholesale,West,82,Primer,Paint,208,linear_ft,31.85,USD,29
Q-RFQ-1024-urban-8,RFQ-1024,urban,UrbanBuild Wholesale,West,82,Interior Paint,Paint,477,yd3,33.68,USD,15
Q-RFQ-1024-urban-9,RFQ-1024,urban,UrbanBuild Wholesale,West,82,Drywall Screws,Drywall,306,linear_ft,15.17,USD,24
Q-RFQ-1024-urban-10,RFQ-1024,urban,UrbanBuild Wholesale,West,82,Ductwork,HVAC,298,sq_ft,582.51,USD,23
Q-RFQ-1024-apex-1,RFQ-1024,apex,Apex Industrial Supply,South,90,LED Fixture,Electrical,295,yd3,55.89,USD,28
Q-RFQ-1024-apex-2,RFQ-1024,apex,Apex Industrial Supply,South,90,Cement Blend,Concrete,64,ton,170.96,USD,21
Q-RFQ-1024-apex-3,RFQ-1024,apex,Apex Industrial Supply,South,90,Portland Cement,Concrete,396,ton,137.05,USD,24
Q-RFQ-1024-apex-4,RFQ-1024,apex,Apex Industrial Supply,South,90,Copper Pipe,Plumbing,123,sq_ft,88.77,USD,33
Q-RFQ-1024-apex-5,RFQ-1024,apex,Apex Industrial Supply,South,90,Steel Rebar,Steel,345,ton,898.73,USD,24
Q-RFQ-1024-apex-6,RFQ-1024,apex,Apex Industrial Supply,South,90,Exterior Coating,Paint,237,yd3,36.37,USD,28
Q-RFQ-1024-apex-7,RFQ-1024,apex,Apex Industrial Supply,South,90,Paint Supplies,Paint,208,linear_ft,35.94,USD,33
Q-RFQ-1024-apex-8,RFQ-1024,apex,Apex Industrial Supply,South,90,Primer,Paint,477,yd3,29.73,USD,10
Q-RFQ-1024-apex-9,RFQ-1024,apex,Apex Industrial Supply,South,90,Drywall Sheet,Drywall,306,linear_ft,16.38,USD,19
Q-RFQ-1024-apex-10,RFQ-1024,apex,Apex Industrial Supply,South,90,VAV Box,HVAC,298,sq_ft,637.69,USD,30
Q-RFQ-1024-metro-1,RFQ-1024,metro,Metro Contractor Depot,National,86,Breaker Panel,Electrical,295,yd3,65.67,USD,25
Q-RFQ-1024-metro-2,RFQ-1024,metro,Metro Contractor Depot,National,86,Concrete,Concrete,64,ton,171.74,USD,25
Q-RFQ-1024-metro-3,RFQ-1024,metro,Metro Contractor Depot,National,86,Cement Blend,Concrete,396,ton,148.51,USD,22
Q-RFQ-1024-metro-4,RFQ-1024,metro,Metro Contractor Depot,National,86,Ball Valve,Plumbing,123,sq_ft,92.57,USD,31
Q-RFQ-1024-metro-5,RFQ-1024,metro,Metro Contractor Depot,National,86,Steel Rebar,Steel,345,ton,1066.45,USD,30
Q-RFQ-1024-metro-6,RFQ-1024,metro,Metro Contractor Depot,National,86,Latex Paint,Paint,237,yd3,31.21,USD,40
Q-RFQ-1024-metro-7,RFQ-1024,metro,Metro Contractor Depot,National,86,Primer,Paint,208,linear_ft,31.5,USD,24
Q-RFQ-1024-metro-8,RFQ-1024,metro,Metro Contractor Depot,National,86,Latex Paint,Paint,477,yd3,40.1,USD,11
Q-RFQ-1024-metro-9,RFQ-1024,metro,Metro Contractor Depot,National,86,Drywall Sheet,Drywall,306,linear_ft,20.41,USD,19
Q-RFQ-1024-metro-10,RFQ-1024,metro,Metro Contractor Depot,National,86,HVAC Compressor,HVAC,298,sq_ft,682.47,USD,29
Q-RFQ-1025-buildtech-1,RFQ-1025,buildtech,BuildTech Supply,Midwest,94,Air Diffuser,HVAC,143,linear_ft,596.23,USD,26
Q-RFQ-1025-buildtech-2,RFQ-1025,buildtech,BuildTech Supply,Midwest,94,Primer,Paint,487,ea,34.83,USD,23
Q-RFQ-1025-buildtech-3,RFQ-1025,buildtech,BuildTech Supply,Midwest,94,Sheetrock,Drywall,297,yd3,15.87,USD,21
Q-RFQ-1025-buildtech-4,RFQ-1025,buildtech,BuildTech Supply,Midwest,94,Steel Rebar,Steel,259,sq_ft,895.73,USD,27
Q-RFQ-1025-buildtech-5,RFQ-1025,buildtech,BuildTech Supply,Midwest,94,Concrete Mix,Concrete,151,sq_ft,147.11,USD,24
Q-RFQ-1025-buildtech-6,RFQ-1025,buildtech,BuildTech Supply,Midwest,94,VAV Box,HVAC,226,ton,712.59,USD,16
Q-RFQ-1025-buildtech-7,RFQ-1025,buildtech,BuildTech Supply,Midwest,94,Ductwork,HVAC,206,ea,777.42,USD,19
Q-RFQ-1025-buildtech-8,RFQ-1025,buildtech,BuildTech Supply,Midwest,94,Breaker Panel,Electrical,440,yd3,61.54,USD,23
Q-RFQ-1025-buildtech-9,RFQ-1025,buildtech,BuildTech Supply,Midwest,94,HVAC Air Handler,HVAC,480,yd3,767.48,USD,21
Q-RFQ-1025-buildtech-10,RFQ-1025,buildtech,BuildTech Supply,Midwest,94,HVAC Air Handler,HVAC,102,ea,752.92,USD,42
Q-RFQ-1025-constructpro-1,RFQ-1025,constructpro,ConstructPro Materials,Northeast,88,Air Diffuser,HVAC,143,linear_ft,820.4,USD,22
Q-RFQ-1025-constructpro-2,RFQ-1025,constructpro,ConstructPro Materials,Northeast,88,Exterior Coating,Paint,487,ea,40.58,USD,19
Q-RFQ-1025-constructpro-3,RFQ-1025,constructpro,ConstructPro Materials,Northeast,88,Gypsum Board,Drywall,297,yd3,16.58,USD,7
Q-RFQ-1025-constructpro-4,RFQ-1025,constructpro,ConstructPro Materials,Northeast,88,Rebar Grade 60,Steel,259,sq_ft,1000.51,USD,33
Q-RFQ-1025-constructpro-5,RFQ-1025,constructpro,ConstructPro Materials,Northeast,88,Concrete Mix,Concrete,151,sq_ft,139.48,USD,14
Q-RFQ-1025-constructpro-6,RFQ-1025,constructpro,ConstructPro Materials,Northeast,88,Air Diffuser,HVAC,226,ton,682.86,USD,4
Q-RFQ-1025-constructpro-7,RFQ-1025,constructpro,ConstructPro Materials,Northeast,88,HVAC Compressor,HVAC,206,ea,737.88,USD,11
Q-RFQ-1025-constructpro-8,RFQ-1025,constructpro,ConstructPro Materials,Northeast,88,Conduit,Electrical,440,yd3,57.63,USD,24
Q-RFQ-1025-constructpro-9,RFQ-1025,constructpro,ConstructPro Materials,Northeast,88,HVAC Air Handler,HVAC,480,yd3,609.57,USD,33
Q-RFQ-1025-constructpro-10,RFQ-1025,constructpro,ConstructPro Materials,Northeast,88,Ductwork,HVAC,102,ea,694.92,USD,42
Q-RFQ-1025-urban-1,RFQ-1025,urban,UrbanBuild Wholesale,West,82,Air Diffuser,HVAC,143,linear_ft,592.17,USD,31
Q-RFQ-1025-urban-2,RFQ-1025,urban,UrbanBuild Wholesale,West,82,Paint Supplies,Paint,487,ea,34.89,USD,31
Q-RFQ-1025-urban-3,RFQ-1025,urban,UrbanBuild Wholesale,West,82,Drywall Sheet,Drywall,297,yd3,16.92,USD,16
Q-RFQ-1025-urban-4,RFQ-1025,urban,UrbanBuild Wholesale,West,82,Rebar Grade 60,Steel,259,sq_ft,858.02,USD,30
Q-RFQ-1025-urban-5,RFQ-1025,urban,UrbanBuild Wholesale,West,82,Cement Blend,Concrete,151,sq_ft,151.19,USD,19
Q-RFQ-1025-urban-6,RFQ-1025,urban,UrbanBuild Wholesale,West,82,HVAC Air Handler,HVAC,226,ton,736.6,USD,10
Q-RFQ-1025-urban-7,RFQ-1025,urban,UrbanBuild Wholesale,West,82,HVAC Air Handler,HVAC,206,ea,650.01,USD,23
Q-RFQ-1025-urban-8,RFQ-1025,urban,UrbanBuild Wholesale,West,82,Junction Box,Electrical,440,yd3,53.61,USD,33
Q-RFQ-1025-urban-10,RFQ-1025,urban,UrbanBuild Wholesale,West,82,HVAC Air Handler,HVAC,102,ea,713.73,USD,33
Q-RFQ-1025-apex-1,RFQ-1025,apex,Apex Industrial Supply,South,90,HVAC Compressor,HVAC,143,linear_ft,671.41,USD,30
Q-RFQ-1025-apex-2,RFQ-1025,apex,Apex Industrial Supply,South,90,Paint Supplies,Paint,487,ea,34.26,USD,21
Q-RFQ-1025-apex-3,RFQ-1025,apex,Apex Industrial Supply,South,90,Drywall Screws,Drywall,297,yd3,15.79,USD,21
Q-RFQ-1025-apex-4,RFQ-1025,apex,Apex Industrial Supply,South,90,Steel Plate,Steel,259,sq_ft,1035.52,USD,25
Q-RFQ-1025-apex-5,RFQ-1025,apex,Apex Industrial Supply,South,90,Cement Blend,Concrete,151,sq_ft,129.95,USD,25
Q-RFQ-1025-apex-6,RFQ-1025,apex,Apex Industrial Supply,South,90,Air Diffuser,HVAC,226,ton,614.24,USD,7
Q-RFQ-1025-apex-7,RFQ-1025,apex,Apex Industrial Supply,South,90,VAV Box,HVAC,206,ea,623.72,USD,23
Q-RFQ-1025-apex-8,RFQ-1025,apex,Apex Industrial Supply,South,90,Junction Box,Electrical,440,yd3,50.85,USD,23
Q-RFQ-1025-apex-9,RFQ-1025,apex,Apex Industrial Supply,South,90,Ductwork,HVAC,480,yd3,735.32,USD,30
Q-RFQ-1025-apex-10,RFQ-1025,apex,Apex Industrial Supply,South,90,Air Diffuser,HVAC,102,ea,604.64,USD,40
Q-RFQ-1025-metro-1,RFQ-1025,metro,Metro Contractor Depot,National,86,Air Diffuser,HVAC,143,linear_ft,740.71,USD,29
Q-RFQ-1025-metro-2,RFQ-1025,metro,Metro Contractor Depot,National,86,Primer,Paint,487,ea,36.9,USD,23
Q-RFQ-1025-metro-3,RFQ-1025,metro,Metro Contractor Depot,National,86,Gypsum Board,Drywall,297,yd3,16.68,USD,21
Q-RFQ-1025-metro-4,RFQ-1025,metro,Metro Contractor Depot,National,86,Steel Rebar,Steel,259,sq_ft,1110.58,USD,26
Q-RFQ-1025-metro-5,RFQ-1025,metro,Metro Contractor Depot,National,86,Ready Mix Concrete,Concrete,151,sq_ft,140.98,USD,17
Q-RFQ-1025-metro-6,RFQ-1025,metro,Metro Contractor Depot,National,86,Air Diffuser,HVAC,226,ton,788.3,USD,6
Q-RFQ-1025-metro-7,RFQ-1025,metro,Metro Contractor Depot,National,86,Ductwork,HVAC,206,ea,647.0,USD,12
Q-RFQ-1025-metro-9,RFQ-1025,metro,Metro Contractor Depot,National,86,Air Diffuser,HVAC,480,yd3,622.7,USD,32
Q-RFQ-1025-metro-10,RFQ-1025,metro,Metro Contractor Depot,National,86,VAV Box,HVAC,102,ea,806.13,USD,44
Q-RFQ-1026-buildtech-1,RFQ-1026,buildtech,BuildTech Supply,Midwest,94,Structural Steel Beam,Steel,362,linear_ft,1033.46,USD,28
Q-RFQ-1026-buildtech-2,RFQ-1026,buildtech,BuildTech Supply,Midwest,94,Plumbing Fixture,Plumbing,65,sq_ft,80.63,USD,34
Q-RFQ-1026-buildtech-3,RFQ-1026,buildtech,BuildTech Supply,Midwest,94,Cement Blend,Concrete,476,sq_ft,140.19,USD,11
Q-RFQ-1026-buildtech-4,RFQ-1026,buildtech,BuildTech Supply,Midwest,94,Breaker Panel,Electrical,444,ton,48.18,USD,8
Q-RFQ-1026-buildtech-5,RFQ-1026,buildtech,BuildTech Supply,Midwest,94,Steel Rebar,Steel,53,ea,917.29,USD,12
Q-RFQ-1026-buildtech-6,RFQ-1026,buildtech,BuildTech Supply,Midwest,94,I Beam Steel,Steel,366,sq_ft,930.63,USD,29
Q-RFQ-1026-buildtech-7,RFQ-1026,buildtech,BuildTech Supply,Midwest,94,Breaker Panel,Electrical,194,yd3,57.64,USD,9
Q-RFQ-1026-buildtech-8,RFQ-1026,buildtech,BuildTech Supply,Midwest,94,Cement Blend,Concrete,116,ton,135.2,USD,32
Q-RFQ-1026-buildtech-9,RFQ-1026,buildtech,BuildTech Supply,Midwest,94,Ductwork,HVAC,363,sq_ft,641.94,USD,29
Q-RFQ-1026-buildtech-10,RFQ-1026,buildtech,BuildTech Supply,Midwest,94,Joint Compound,Drywall,115,linear_ft,17.92,USD,32
Q-RFQ-1026-constructpro-1,RFQ-1026,constructpro,ConstructPro Materials,Northeast,88,Steel Rebar,Steel,362,linear_ft,1082.89,USD,27
Q-RFQ-1026-constructpro-2,RFQ-1026,constructpro,ConstructPro Materials,Northeast,88,Copper Pipe,Plumbing,65,sq_ft,80.72,USD,21
Q-RFQ-1026-constructpro-3,RFQ-1026,constructpro,ConstructPro Materials,Northeast,88,Concrete Mix,Concrete,476,sq_ft,166.52,USD,22
Q-RFQ-1026-constructpro-4,RFQ-1026,constructpro,ConstructPro Materials,Northeast,88,Electrical Wire,Electrical,444,ton,56.24,USD,8
Q-RFQ-1026-constructpro-5,RFQ-1026,constructpro,ConstructPro Materials,Northeast,88,Steel Rebar,Steel,53,ea,1059.35,USD,3
Q-RFQ-1026-constructpro-6,RFQ-1026,constructpro,ConstructPro Materials,Northeast,88,Rebar Grade 60,Steel,366,sq_ft,1024.17,USD,40
Q-RFQ-1026-constructpro-7,RFQ-1026,constructpro,ConstructPro Materials,Northeast,88,LED Fixture,Electrical,194,yd3,54.16,USD,8
Q-RFQ-1026-constructpro-8,RFQ-1026,constructpro,ConstructPro Materials,Northeast,88,Concrete,Concrete,116,ton,133.88,USD,28
Q-RFQ-1026-constructpro-9,RFQ-1026,constructpro,ConstructPro Materials,Northeast,88,HVAC Air Handler,HVAC,363,sq_ft,729.86,USD,33
Q-RFQ-1026-constructpro-10,RFQ-1026,constructpro,ConstructPro Materials,Northeast,88,Sheetrock,Drywall,115,linear_ft,17.91,USD,39
Q-RFQ-1026-urban-1,RFQ-1026,urban,UrbanBuild Wholesale,West,82,Structural Steel Beam,Steel,362,linear_ft,1007.87,USD,26
Q-RFQ-1026-urban-2,RFQ-1026,urban,UrbanBuild Wholesale,West,82,Plumbing Fixture,Plumbing,65,sq_ft,73.46,USD,35
Q-RFQ-1026-urban-3,RFQ-1026,urban,UrbanBuild Wholesale,West,82,Portland Cement,Concrete,476,sq_ft,157.96,USD,22
Q-RFQ-1026-urban-4,RFQ-1026,urban,UrbanBuild Wholesale,West,82,Electrical Wire,Electrical,444,ton,60.45,USD,16
Q-RFQ-1026-urban-5,RFQ-1026,urban,UrbanBuild Wholesale,West,82,Rebar Grade 60,Steel,53,ea,909.64,USD,11
Q-RFQ-1026-urban-6,RFQ-1026,urban,UrbanBuild Wholesale,West,82,Rebar Grade 60,Steel,366,sq_ft,809.89,USD,40
Q-RFQ-1026-urban-7,RFQ-1026,urban,UrbanBuild Wholesale,West,82,Electrical Wire,Electrical,194,yd3,58.24,USD,5
Q-RFQ-1026-urban-8,RFQ-1026,urban,UrbanBuild Wholesale,West,82,Portland Cement,Concrete,116,ton,119.84,USD,33
Q-RFQ-1026-urban-9,RFQ-1026,urban,UrbanBuild Wholesale,West,82,VAV Box,HVAC,363,sq_ft,589.87,USD,26
Q-RFQ-1026-urban-10,RFQ-1026,urban,UrbanBuild Wholesale,West,82,Sheetrock,Drywall,115,linear_ft,15.35,USD,36
Q-RFQ-1026-apex-1,RFQ-1026,apex,Apex Industrial Supply,South,90,Rebar Grade 60,Steel,362,linear_ft,1000.18,USD,22
Q-RFQ-1026-apex-2,RFQ-1026,apex,Apex Industrial Supply,South,90,Ball Valve,Plumbing,65,sq_ft,96.96,USD,28
Q-RFQ-1026-apex-3,RFQ-1026,apex,Apex Industrial Supply,South,90,Cement Blend,Concrete,476,sq_ft,138.74,USD,14
Q-RFQ-1026-apex-4,RFQ-1026,apex,Apex Industrial Supply,South,90,Electrical Wire,Electrical,444,ton,53.89,USD,15
Q-RFQ-1026-apex-5,RFQ-1026,apex,Apex Industrial Supply,South,90,I Beam Steel,Steel,53,ea,818.46,USD,3
Q-RFQ-1026-apex-6,RFQ-1026,apex,Apex Industrial Supply,South,90,Steel Rebar,Steel,366,sq_ft,1057.62,USD,31
Q-RFQ-1026-apex-7,RFQ-1026,apex,Apex Industrial Supply,South,90,LED Fixture,Electrical,194,yd3,55.81,USD,7
Q-RFQ-1026-apex-8,RFQ-1026,apex,Apex Industrial Supply,South,90,Ready Mix Concrete,Concrete,116,ton,131.35,USD,36
Q-RFQ-1026-apex-9,RFQ-1026,apex,Apex Industrial Supply,South,90,Ductwork,HVAC,363,sq_ft,697.11,USD,23
Q-RFQ-1026-apex-10,RFQ-1026,apex,Apex Industrial Supply,South,90,Drywall Screws,Drywall,115,linear_ft,18.13,USD,26
Q-RFQ-1026-metro-2,RFQ-1026,metro,Metro Contractor Depot,National,86,Pipe Fittings,Plumbing,65,sq_ft,97.3,USD,34
Q-RFQ-1026-metro-3,RFQ-1026,metro,Metro Contractor Depot,National,86,Ready Mix Concrete,Concrete,476,sq_ft,155.14,USD,11
Q-RFQ-1026-metro-4,RFQ-1026,metro,Metro Contractor Depot,National,86,Breaker Panel,Electrical,444,ton,62.43,USD,3
Q-RFQ-1026-metro-5,RFQ-1026,metro,Metro Contractor Depot,National,86,Steel Rebar,Steel,53,ea,936.08,USD,8
Q-RFQ-1026-metro-6,RFQ-1026,metro,Metro Contractor Depot,National,86,I Beam Steel,Steel,366,sq_ft,928.1,USD,33
Q-RFQ-1026-metro-7,RFQ-1026,metro,Metro Contractor Depot,National,86,Breaker Panel,Electrical,194,yd3,62.66,USD,5
Q-RFQ-1026-metro-8,RFQ-1026,metro,Metro Contractor Depot,National,86,Cement Blend,Concrete,116,ton,137.81,USD,31
Q-RFQ-1026-metro-9,RFQ-1026,metro,Metro Contractor Depot,National,86,HVAC Compressor,HVAC,363,sq_ft,667.54,USD,28
Q-RFQ-1026-metro-10,RFQ-1026,metro,Metro Contractor Depot,National,86,Sheetrock,Drywall,115,linear_ft,17.27,USD,34
Q-RFQ-1027-buildtech-1,RFQ-1027,buildtech,BuildTech Supply,Midwest,94,Concrete,Concrete,338,ea,138.61,USD,31
Q-RFQ-1027-buildtech-2,RFQ-1027,buildtech,BuildTech Supply,Midwest,94,Plumbing Fixture,Plumbing,91,yd3,79.48,USD,17
Q-RFQ-1027-buildtech-3,RFQ-1027,buildtech,BuildTech Supply,Midwest,94,Paint Supplies,Paint,79,linear_ft,29.55,USD,10
Q-RFQ-1027-buildtech-4,RFQ-1027,buildtech,BuildTech Supply,Midwest,94,Concrete,Concrete,225,ton,133.66,USD,33
Q-RFQ-1027-buildtech-5,RFQ-1027,buildtech,BuildTech Supply,Midwest,94,Junction Box,Electrical,347,linear_ft,54.55,USD,34
Q-RFQ-1027-buildtech-6,RFQ-1027,buildtech,BuildTech Supply,Midwest,94,VAV Box,HVAC,195,ton,589.84,USD,34
Q-RFQ-1027-buildtech-7,RFQ-1027,buildtech,BuildTech Supply,Midwest,94,Joint Compound,Drywall,65,linear_ft,16.7,USD,26
Q-RFQ-1027-buildtech-8,RFQ-1027,buildtech,BuildTech Supply,Midwest,94,Steel Rebar,Steel,441,linear_ft,835.59,USD,13
Q-RFQ-1027-buildtech-9,RFQ-1027,buildtech,BuildTech Supply,Midwest,94,Copper Pipe,Plumbing,375,linear_ft,83.63,USD,22
Q-RFQ-1027-buildtech-10,RFQ-1027,buildtech,BuildTech Supply,Midwest,94,Steel Plate,Steel,98,sq_ft,965.67,USD,22
Q-RFQ-1027-constructpro-1,RFQ-1027,constructpro,ConstructPro Materials,Northeast,88,Concrete,Concrete,338,ea,155.55,USD,27
Q-RFQ-1027-constructpro-2,RFQ-1027,constructpro,ConstructPro Materials,Northeast,88,Copper Pipe,Plumbing,91,yd3,80.14,USD,28
Q-RFQ-1027-constructpro-3,RFQ-1027,constructpro,ConstructPro Materials,Northeast,88,Paint Supplies,Paint,79,linear_ft,36.55,USD,4
Q-RFQ-1027-constructpro-4,RFQ-1027,constructpro,ConstructPro Materials,Northeast,88,Cement Blend,Concrete,225,ton,150.56,USD,25
Q-RFQ-1027-constructpro-5,RFQ-1027,constructpro,ConstructPro Materials,Northeast,88,Junction Box,Electrical,347,linear_ft,51.91,USD,22
Q-RFQ-1027-constructpro-6,RFQ-1027,constructpro,ConstructPro Materials,Northeast,88,VAV Box,HVAC,195,ton,755.99,USD,36
Q-RFQ-1027-constructpro-7,RFQ-1027,constructpro,ConstructPro Materials,Northeast,88,Drywall Sheet,Drywall,65,linear_ft,17.89,USD,21
Q-RFQ-1027-constructpro-8,RFQ-1027,constructpro,ConstructPro Materials,Northeast,88,I Beam Steel,Steel,441,linear_ft,857.06,USD,19
Q-RFQ-1027-constructpro-9,RFQ-1027,constructpro,ConstructPro Materials,Northeast,88,PVC Plumbing Pipe,Plumbing,375,linear_ft,97.98,USD,27
Q-RFQ-1027-constructpro-10,RFQ-1027,constructpro,ConstructPro Materials,Northeast,88,Steel Plate,Steel,98,sq_ft,976.03,USD,19
Q-RFQ-1027-urban-1,RFQ-1027,urban,UrbanBuild Wholesale,West,82,Concrete,Concrete,338,ea,127.09,USD,23
Q-RFQ-1027-urban-2,RFQ-1027,urban,UrbanBuild Wholesale,West,82,Ball Valve,Plumbing,91,yd3,93.04,USD,31
Q-RFQ-1027-urban-3,RFQ-1027,urban,UrbanBuild Wholesale,West,82,Exterior Coating,Paint,79,linear_ft,32.27,USD,4
Q-RFQ-1027-urban-4,RFQ-1027,urban,UrbanBuild Wholesale,West,82,Cement Blend,Concrete,225,ton,145.42,USD,30
Q-RFQ-1027-urban-5,RFQ-1027,urban,UrbanBuild Wholesale,West,82,Electrical Wire,Electrical,347,linear_ft,59.19,USD,26
Q-RFQ-1027-urban-6,RFQ-1027,urban,UrbanBuild Wholesale,West,82,HVAC Air Handler,HVAC,195,ton,755.64,USD,35
Q-RFQ-1027-urban-7,RFQ-1027,urban,UrbanBuild Wholesale,West,82,Drywall Sheet,Drywall,65,linear_ft,20.06,USD,33
Q-RFQ-1027-urban-8,RFQ-1027,urban,UrbanBuild Wholesale,West,82,Steel Plate,Steel,441,linear_ft,760.36,USD,16
Q-RFQ-1027-urban-9,RFQ-1027,urban,UrbanBuild Wholesale,West,82,Plumbing Fixture,Plumbing,375,linear_ft,85.6,USD,23
Q-RFQ-1027-urban-10,RFQ-1027,urban,UrbanBuild Wholesale,West,82,Steel Rebar,Steel,98,sq_ft,904.1,USD,17
Q-RFQ-1027-apex-1,RFQ-1027,apex,Apex Industrial Supply,South,90,Concrete,Concrete,338,ea,150.47,USD,32
Q-RFQ-1027-apex-2,RFQ-1027,apex,Apex Industrial Supply,South,90,PVC Plumbing Pipe,Plumbing,91,yd3,80.95,USD,19
Q-RFQ-1027-apex-4,RFQ-1027,apex,Apex Industrial Supply,South,90,Portland Cement,Concrete,225,ton,131.38,USD,34
Q-RFQ-1027-apex-5,RFQ-1027,apex,Apex Industrial Supply,South,90,Electrical Wire,Electrical,347,linear_ft,64.73,USD,23
Q-RFQ-1027-apex-6,RFQ-1027,apex,Apex Industrial Supply,South,90,Air Diffuser,HVAC,195,ton,675.29,USD,38
Q-RFQ-1027-apex-7,RFQ-1027,apex,Apex Industrial Supply,South,90,Joint Compound,Drywall,65,linear_ft,18.96,USD,29
Q-RFQ-1027-apex-8,RFQ-1027,apex,Apex Industrial Supply,South,90,I Beam Steel,Steel,441,linear_ft,941.17,USD,18
Q-RFQ-1027-apex-9,RFQ-1027,apex,Apex Industrial Supply,South,90,PVC Plumbing Pipe,Plumbing,375,linear_ft,82.76,USD,23
Q-RFQ-1027-apex-10,RFQ-1027,apex,Apex Industrial Supply,South,90,Steel Rebar,Steel,98,sq_ft,961.35,USD,21
Q-RFQ-1027-metro-1,RFQ-1027,metro,Metro Contractor Depot,National,86,Cement Blend,Concrete,338,ea,152.39,USD,28
Q-RFQ-1027-metro-2,RFQ-1027,metro,Metro Contractor Depot,National,86,Pipe Fittings,Plumbing,91,yd3,105.69,USD,24
Q-RFQ-1027-metro-3,RFQ-1027,metro,Metro Contractor Depot,National,86,Paint Supplies,Paint,79,linear_ft,32.3,USD,14
Q-RFQ-1027-metro-4,RFQ-1027,metro,Metro Contractor Depot,National,86,Cement Blend,Concrete,225,ton,168.1,USD,37
Q-RFQ-1027-metro-5,RFQ-1027,metro,Metro Contractor Depot,National,86,Junction Box,Electrical,347,linear_ft,64.67,USD,29
Q-RFQ-1027-metro-6,RFQ-1027,metro,Metro Contractor Depot,National,86,HVAC Air Handler,HVAC,195,ton,825.15,USD,27
Q-RFQ-1027-metro-7,RFQ-1027,metro,Metro Contractor Depot,National,86,Drywall Sheet,Drywall,65,linear_ft,20.94,USD,30
Q-RFQ-1027-metro-8,RFQ-1027,metro,Metro Contractor Depot,National,86,Rebar Grade 60,Steel,441,linear_ft,1087.73,USD,14
Q-RFQ-1027-metro-9,RFQ-1027,metro,Metro Contractor Depot,National,86,Copper Pipe,Plumbing,375,linear_ft,87.39,USD,24
Q-RFQ-1027-metro-10,RFQ-1027,metro,Metro Contractor Depot,National,86,I Beam Steel,Steel,98,sq_ft,1121.42,USD,21
Q-RFQ-1028-buildtech-1,RFQ-1028,buildtech,BuildTech Supply,Midwest,94,Ductwork,HVAC,173,ton,622.4,USD,10
Q-RFQ-1028-buildtech-2,RFQ-1028,buildtech,BuildTech Supply,Midwest,94,Interior Paint,Paint,408,ea,33.93,USD,30
Q-RFQ-1028-buildtech-3,RFQ-1028,buildtech,BuildTech Supply,Midwest,94,Drywall Screws,Drywall,158,yd3,20.42,USD,36
Q-RFQ-1028-buildtech-4,RFQ-1028,buildtech,BuildTech Supply,Midwest,94,Plumbing Fixture,Plumbing,111,sq_ft,93.01,USD,15
Q-RFQ-1028-buildtech-5,RFQ-1028,buildtech,BuildTech Supply,Midwest,94,Primer,Paint,439,sq_ft,35.34,USD,5
Q-RFQ-1028-buildtech-6,RFQ-1028,buildtech,BuildTech Supply,Midwest,94,HVAC Air Handler,HVAC,67,ton,744.94,USD,28
Q-RFQ-1028-buildtech-7,RFQ-1028,buildtech,BuildTech Supply,Midwest,94,Ready Mix Concrete,Concrete,154,ton,157.84,USD,23
Q-RFQ-1028-buildtech-8,RFQ-1028,buildtech,BuildTech Supply,Midwest,94,Air Diffuser,HVAC,464,ea,667.78,USD,13
Q-RFQ-1028-buildtech-9,RFQ-1028,buildtech,BuildTech Supply,Midwest,94,Primer,Paint,334,ton,38.1,USD,26
Q-RFQ-1028-buildtech-10,RFQ-1028,buildtech,BuildTech Supply,Midwest,94,Exterior Coating,Paint,362,linear_ft,32.48,USD,15
Q-RFQ-1028-constructpro-1,RFQ-1028,constructpro,ConstructPro Materials,Northeast,88,HVAC Compressor,HVAC,173,ton,699.78,USD,17
Q-RFQ-1028-constructpro-2,RFQ-1028,constructpro,ConstructPro Materials,Northeast,88,Exterior Coating,Paint,408,ea,34.4,USD,33
Q-RFQ-1028-constructpro-3,RFQ-1028,constructpro,ConstructPro Materials,Northeast,88,Drywall Screws,Drywall,158,yd3,16.19,USD,32
Q-RFQ-1028-constructpro-4,RFQ-1028,constructpro,ConstructPro Materials,Northeast,88,Pipe Fittings,Plumbing,111,sq_ft,98.95,USD,17
Q-RFQ-1028-constructpro-5,RFQ-1028,constructpro,ConstructPro Materials,Northeast,88,Exterior Coating,Paint,439,sq_ft,33.17,USD,6
Q-RFQ-1028-constructpro-6,RFQ-1028,constructpro,ConstructPro Materials,Northeast,88,VAV Box,HVAC,67,ton,659.57,USD,24
Q-RFQ-1028-constructpro-7,RFQ-1028,constructpro,ConstructPro Materials,Northeast,88,Concrete Mix,Concrete,154,ton,160.71,USD,32
Q-RFQ-1028-constructpro-8,RFQ-1028,constructpro,ConstructPro Materials,Northeast,88,VAV Box,HVAC,464,ea,775.03,USD,7
Q-RFQ-1028-constructpro-9,RFQ-1028,constructpro,ConstructPro Materials,Northeast,88,Exterior Coating,Paint,334,ton,41.25,USD,28
Q-RFQ-1028-urban-2,RFQ-1028,urban,UrbanBuild Wholesale,West,82,Latex Paint,Paint,408,ea,32.03,USD,26
Q-RFQ-1028-urban-3,RFQ-1028,urban,UrbanBuild Wholesale,West,82,Sheetrock,Drywall,158,yd3,16.63,USD,26
Q-RFQ-1028-urban-4,RFQ-1028,urban,UrbanBuild Wholesale,West,82,Copper Pipe,Plumbing,111,sq_ft,70.06,USD,3
Q-RFQ-1028-urban-5,RFQ-1028,urban,UrbanBuild Wholesale,West,82,Primer,Paint,439,sq_ft,34.56,USD,11
Q-RFQ-1028-urban-6,RFQ-1028,urban,UrbanBuild Wholesale,West,82,HVAC Air Handler,HVAC,67,ton,701.93,USD,19
Q-RFQ-1028-urban-7,RFQ-1028,urban,UrbanBuild Wholesale,West,82,Cement Blend,Concrete,154,ton,124.19,USD,33
Q-RFQ-1028-urban-8,RFQ-1028,urban,UrbanBuild Wholesale,West,82,Ductwork,HVAC,464,ea,740.78,USD,6
Q-RFQ-1028-urban-9,RFQ-1028,urban,UrbanBuild Wholesale,West,82,Interior Paint,Paint,334,ton,34.6,USD,30
Q-RFQ-1028-urban-10,RFQ-1028,urban,UrbanBuild Wholesale,West,82,Paint Supplies,Paint,362,linear_ft,38.06,USD,24
Q-RFQ-1028-apex-1,RFQ-1028,apex,Apex Industrial Supply,South,90,HVAC Compressor,HVAC,173,ton,752.33,USD,7
Q-RFQ-1028-apex-2,RFQ-1028,apex,Apex Industrial Supply,South,90,Interior Paint,Paint,408,ea,30.05,USD,31
Q-RFQ-1028-apex-3,RFQ-1028,apex,Apex Industrial Supply,South,90,Sheetrock,Drywall,158,yd3,21.22,USD,35
Q-RFQ-1028-apex-4,RFQ-1028,apex,Apex Industrial Supply,South,90,Plumbing Fixture,Plumbing,111,sq_ft,85.08,USD,17
Q-RFQ-1028-apex-5,RFQ-1028,apex,Apex Industrial Supply,South,90,Paint Supplies,Paint,439,sq_ft,33.51,USD,3
Q-RFQ-1028-apex-6,RFQ-1028,apex,Apex Industrial Supply,South,90,Ductwork,HVAC,67,ton,752.07,USD,27
Q-RFQ-1028-apex-7,RFQ-1028,apex,Apex Industrial Supply,South,90,Concrete,Concrete,154,ton,167.05,USD,22
Q-RFQ-1028-apex-9,RFQ-1028,apex,Apex Industrial Supply,South,90,Paint Supplies,Paint,334,ton,37.16,USD,20
Q-RFQ-1028-apex-10,RFQ-1028,apex,Apex Industrial Supply,South,90,Interior Paint,Paint,362,linear_ft,30.86,USD,27
Q-RFQ-1028-metro-2,RFQ-1028,metro,Metro Contractor Depot,National,86,Exterior Coating,Paint,408,ea,32.74,USD,39
Q-RFQ-1028-metro-3,RFQ-1028,metro,Metro Contractor Depot,National,86,Joint Compound,Drywall,158,yd3,16.43,USD,29
Q-RFQ-1028-metro-4,RFQ-1028,metro,Metro Contractor Depot,National,86,Copper Pipe,Plumbing,111,sq_ft,101.82,USD,11
Q-RFQ-1028-metro-5,RFQ-1028,metro,Metro Contractor Depot,National,86,Paint Supplies,Paint,439,sq_ft,35.43,USD,3
Q-RFQ-1028-metro-6,RFQ-1028,metro,Metro Contractor Depot,National,86,HVAC Compressor,HVAC,67,ton,835.56,USD,23
Q-RFQ-1028-metro-7,RFQ-1028,metro,Metro Contractor Depot,National,86,Ready Mix Concrete,Concrete,154,ton,151.89,USD,26
Q-RFQ-1028-metro-8,RFQ-1028,metro,Metro Contractor Depot,National,86,HVAC Air Handler,HVAC,464,ea,841.53,USD,15
Q-RFQ-1028-metro-9,RFQ-1028,metro,Metro Contractor Depot,National,86,Primer,Paint,334,ton,39.83,USD,22
Q-RFQ-1028-metro-10,RFQ-1028,metro,Metro Contractor Depot,National,86,Primer,Paint,362,linear_ft,42.15,USD,17
Q-RFQ-1029-buildtech-1,RFQ-1029,buildtech,BuildTech Supply,Midwest,94,Primer,Paint,274,yd3,34.89,USD,41
Q-RFQ-1029-buildtech-2,RFQ-1029,buildtech,BuildTech Supply,Midwest,94,Interior Paint,Paint,401,ton,28.51,USD,20
Q-RFQ-1029-buildtech-3,RFQ-1029,buildtech,BuildTech Supply,Midwest,94,Portland Cement,Concrete,37,sq_ft,156.68,USD,18
Q-RFQ-1029-buildtech-4,RFQ-1029,buildtech,BuildTech Supply,Midwest,94,Copper Pipe,Plumbing,57,sq_ft,86.5,USD,23
Q-RFQ-1029-buildtech-5,RFQ-1029,buildtech,BuildTech Supply,Midwest,94,Ductwork,HVAC,298,linear_ft,735.94,USD,3
Q-RFQ-1029-buildtech-6,RFQ-1029,buildtech,BuildTech Supply,Midwest,94,Portland Cement,Concrete,53,ea,140.14,USD,32
Q-RFQ-1029-buildtech-7,RFQ-1029,buildtech,BuildTech Supply,Midwest,94,Latex Paint,Paint,232,yd3,35.58,USD,10
Q-RFQ-1029-buildtech-8,RFQ-1029,buildtech,BuildTech Supply,Midwest,94,Gypsum Board,Drywall,259,sq_ft,20.41,USD,18
Q-RFQ-1029-buildtech-9,RFQ-1029,buildtech,BuildTech Supply,Midwest,94,Interior Paint,Paint,144,yd3,30.19,USD,4
Q-RFQ-1029-buildtech-10,RFQ-1029,buildtech,BuildTech Supply,Midwest,94,Primer,Paint,275,yd3,36.36,USD,28
Q-RFQ-1029-constructpro-1,RFQ-1029,constructpro,ConstructPro Materials,Northeast,88,Primer,Paint,274,yd3,31.97,USD,44
Q-RFQ-1029-constructpro-2,RFQ-1029,constructpro,ConstructPro Materials,Northeast,88,Latex Paint,Paint,401,ton,31.61,USD,12
Q-RFQ-1029-constructpro-3,RFQ-1029,constructpro,ConstructPro Materials,Northeast,88,Portland Cement,Concrete,37,sq_ft,129.19,USD,10
Q-RFQ-1029-constructpro-5,RFQ-1029,constructpro,ConstructPro Materials,Northeast,88,VAV Box,HVAC,298,linear_ft,622.32,USD,16
Q-RFQ-1029-constructpro-6,RFQ-1029,constructpro,ConstructPro Materials,Northeast,88,Portland Cement,Concrete,53,ea,161.58,USD,38
Q-RFQ-1029-constructpro-7,RFQ-1029,constructpro,ConstructPro Materials,Northeast,88,Exterior Coating,Paint,232,yd3,31.72,USD,16
Q-RFQ-1029-constructpro-8,RFQ-1029,constructpro,ConstructPro Materials,Northeast,88,Gypsum Board,Drywall,259,sq_ft,17.36,USD,15
Q-RFQ-1029-constructpro-9,RFQ-1029,constructpro,ConstructPro Materials,Northeast,88,Paint Supplies,Paint,144,yd3,36.8,USD,12
Q-RFQ-1029-constructpro-10,RFQ-1029,constructpro,ConstructPro Materials,Northeast,88,Exterior Coating,Paint,275,yd3,37.15,USD,22
Q-RFQ-1029-urban-1,RFQ-1029,urban,UrbanBuild Wholesale,West,82,Primer,Paint,274,yd3,33.54,USD,31
Q-RFQ-1029-urban-2,RFQ-1029,urban,UrbanBuild Wholesale,West,82,Latex Paint,Paint,401,ton,37.87,USD,11
Q-RFQ-1029-urban-3,RFQ-1029,urban,UrbanBuild Wholesale,West,82,Cement Blend,Concrete,37,sq_ft,161.96,USD,12
Q-RFQ-1029-urban-4,RFQ-1029,urban,UrbanBuild Wholesale,West,82,PVC Plumbing Pipe,Plumbing,57,sq_ft,85.63,USD,26
Q-RFQ-1029-urban-5,RFQ-1029,urban,UrbanBuild Wholesale,West,82,Ductwork,HVAC,298,linear_ft,578.85,USD,12
Q-RFQ-1029-urban-6,RFQ-1029,urban,UrbanBuild Wholesale,West,82,Portland Cement,Concrete,53,ea,158.64,USD,29
Q-RFQ-1029-urban-7,RFQ-1029,urban,UrbanBuild Wholesale,West,82,Interior Paint,Paint,232,yd3,37.31,USD,18
Q-RFQ-1029-urban-8,RFQ-1029,urban,UrbanBuild Wholesale,West,82,Sheetrock,Drywall,259,sq_ft,15.85,USD,11
Q-RFQ-1029-urban-9,RFQ-1029,urban,UrbanBuild Wholesale,West,82,Paint Supplies,Paint,144,yd3,36.98,USD,3
Q-RFQ-1029-urban-10,RFQ-1029,urban,UrbanBuild Wholesale,West,82,Latex Paint,Paint,275,yd3,28.32,USD,19
Q-RFQ-1029-apex-1,RFQ-1029,apex,Apex Industrial Supply,South,90,Latex Paint,Paint,274,yd3,29.56,USD,31
Q-RFQ-1029-apex-2,RFQ-1029,apex,Apex Industrial Supply,South,90,Paint Supplies,Paint,401,ton,31.8,USD,15
Q-RFQ-1029-apex-3,RFQ-1029,apex,Apex Industrial Supply,South,90,Concrete,Concrete,37,sq_ft,144.14,USD,12
Q-RFQ-1029-apex-4,RFQ-1029,apex,Apex Industrial Supply,South,90,Copper Pipe,Plumbing,57,sq_ft,81.97,USD,25
Q-RFQ-1029-apex-5,RFQ-1029,apex,Apex Industrial Supply,South,90,Air Diffuser,HVAC,298,linear_ft,774.09,USD,16
Q-RFQ-1029-apex-6,RFQ-1029,apex,Apex Industrial Supply,South,90,Portland Cement,Concrete,53,ea,146.55,USD,27
Q-RFQ-1029-apex-7,RFQ-1029,apex,Apex Industrial Supply,South,90,Latex Paint,Paint,232,yd3,30.82,USD,15
Q-RFQ-1029-apex-8,RFQ-1029,apex,Apex Industrial Supply,South,90,Joint Compound,Drywall,259,sq_ft,17.63,USD,17
Q-RFQ-1029-apex-9,RFQ-1029,apex,Apex Industrial Supply,South,90,Exterior Coating,Paint,144,yd3,33.14,USD,6
Q-RFQ-1029-apex-10,RFQ-1029,apex,Apex Industrial Supply,South,90,Latex Paint,Paint,275,yd3,29.59,USD,17
Q-RFQ-1029-metro-1,RFQ-1029,metro,Metro Contractor Depot,National,86,Paint Supplies,Paint,274,yd3,32.28,USD,37
Q-RFQ-1029-metro-2,RFQ-1029,metro,Metro Contractor Depot,National,86,Primer,Paint,401,ton,39.76,USD,20
Q-RFQ-1029-metro-3,RFQ-1029,metro,Metro Contractor Depot,National,86,Cement Blend,Concrete,37,sq_ft,139.89,USD,23
Q-RFQ-1029-metro-4,RFQ-1029,metro,Metro Contractor Depot,National,86,PVC Plumbing Pipe,Plumbing,57,sq_ft,105.46,USD,23
Q-RFQ-1029-metro-5,RFQ-1029,metro,Metro Contractor Depot,National,86,Ductwork,HVAC,298,linear_ft,740.24,USD,11
Q-RFQ-1029-metro-6,RFQ-1029,metro,Metro Contractor Depot,National,86,Ready Mix Concrete,Concrete,53,ea,154.94,USD,38
Q-RFQ-1029-metro-7,RFQ-1029,metro,Metro Contractor Depot,National,86,Primer,Paint,232,yd3,41.06,USD,13
Q-RFQ-1029-metro-8,RFQ-1029,metro,Metro Contractor Depot,National,86,Drywall Screws,Drywall,259,sq_ft,17.77,USD,8
Q-RFQ-1029-metro-9,RFQ-1029,metro,Metro Contractor Depot,National,86,Paint Supplies,Paint,144,yd3,41.35,USD,3
Q-RFQ-1029-metro-10,RFQ-1029,metro,Metro Contractor Depot,National,86,Latex Paint,Paint,275,yd3,36.42,USD,17
Q-RFQ-1030-buildtech-1,RFQ-1030,buildtech,BuildTech Supply,Midwest,94,Pipe Fittings,Plumbing,439,yd3,78.03,USD,24
Q-RFQ-1030-buildtech-2,RFQ-1030,buildtech,BuildTech Supply,Midwest,94,Copper Pipe,Plumbing,67,sq_ft,76.37,USD,35
Q-RFQ-1030-buildtech-3,RFQ-1030,buildtech,BuildTech Supply,Midwest,94,Ready Mix Concrete,Concrete,136,ton,154.07,USD,21
Q-RFQ-1030-buildtech-4,RFQ-1030,buildtech,BuildTech Supply,Midwest,94,HVAC Air Handler,HVAC,356,yd3,709.66,USD,3
Q-RFQ-1030-buildtech-5,RFQ-1030,buildtech,BuildTech Supply,Midwest,94,Copper Pipe,Plumbing,107,linear_ft,83.18,USD,34
Q-RFQ-1030-buildtech-6,RFQ-1030,buildtech,BuildTech Supply,Midwest,94,Electrical Wire,Electrical,37,linear_ft,56.95,USD,24
Q-RFQ-1030-buildtech-7,RFQ-1030,buildtech,BuildTech Supply,Midwest,94,Sheetrock,Drywall,472,linear_ft,16.16,USD,10
Q-RFQ-1030-buildtech-8,RFQ-1030,buildtech,BuildTech Supply,Midwest,94,Drywall Screws,Drywall,345,linear_ft,18.64,USD,37
Q-RFQ-1030-buildtech-9,RFQ-1030,buildtech,BuildTech Supply,Midwest,94,Primer,Paint,465,yd3,30.58,USD,19
Q-RFQ-1030-buildtech-10,RFQ-1030,buildtech,BuildTech Supply,Midwest,94,Paint Supplies,Paint,296,yd3,31.18,USD,15
Q-RFQ-1030-constructpro-1,RFQ-1030,constructpro,ConstructPro Materials,Northeast,88,Plumbing Fixture,Plumbing,439,yd3,85.74,USD,23
Q-RFQ-1030-constructpro-2,RFQ-1030,constructpro,ConstructPro Materials,Northeast,88,Plumbing Fixture,Plumbing,67,sq_ft,98.53,USD,37
Q-RFQ-1030-constructpro-3,RFQ-1030,constructpro,ConstructPro Materials,Northeast,88,Concrete,Concrete,136,ton,167.89,USD,20
Q-RFQ-1030-constructpro-4,RFQ-1030,constructpro,ConstructPro Materials,Northeast,88,HVAC Air Handler,HVAC,356,yd3,781.62,USD,5
Q-RFQ-1030-constructpro-5,RFQ-1030,constructpro,ConstructPro Materials,Northeast,88,Copper Pipe,Plumbing,107,linear_ft,88.12,USD,35
Q-RFQ-1030-constructpro-6,RFQ-1030,constructpro,ConstructPro Materials,Northeast,88,Electrical Wire,Electrical,37,linear_ft,53.95,USD,17
Q-RFQ-1030-constructpro-7,RFQ-1030,constructpro,ConstructPro Materials,Northeast,88,Gypsum Board,Drywall,472,linear_ft,16.61,USD,14
Q-RFQ-1030-constructpro-8,RFQ-1030,constructpro,ConstructPro Materials,Northeast,88,Drywall Sheet,Drywall,345,linear_ft,17.16,USD,28
Q-RFQ-1030-constructpro-9,RFQ-1030,constructpro,ConstructPro Materials,Northeast,88,Primer,Paint,465,yd3,37.76,USD,21
Q-RFQ-1030-constructpro-10,RFQ-1030,constructpro,ConstructPro Materials,Northeast,88,Interior Paint,Paint,296,yd3,35.09,USD,15
Q-RFQ-1030-urban-1,RFQ-1030,urban,UrbanBuild Wholesale,West,82,PVC Plumbing Pipe,Plumbing,439,yd3,70.01,USD,29
Q-RFQ-1030-urban-2,RFQ-1030,urban,UrbanBuild Wholesale,West,82,Plumbing Fixture,Plumbing,67,sq_ft,86.1,USD,35
Q-RFQ-1030-urban-3,RFQ-1030,urban,UrbanBuild Wholesale,West,82,Concrete,Concrete,136,ton,146.94,USD,20
Q-RFQ-1030-urban-4,RFQ-1030,urban,UrbanBuild Wholesale,West,82,VAV Box,HVAC,356,yd3,699.62,USD,9
Q-RFQ-1030-urban-5,RFQ-1030,urban,UrbanBuild Wholesale,West,82,Ball Valve,Plumbing,107,linear_ft,84.1,USD,31
Q-RFQ-1030-urban-6,RFQ-1030,urban,UrbanBuild Wholesale,West,82,Breaker Panel,Electrical,37,linear_ft,48.73,USD,20
Q-RFQ-1030-urban-7,RFQ-1030,urban,UrbanBuild Wholesale,West,82,Sheetrock,Drywall,472,linear_ft,14.96,USD,11
Q-RFQ-1030-urban-8,RFQ-1030,urban,UrbanBuild Wholesale,West,82,Gypsum Board,Drywall,345,linear_ft,15.62,USD,35
Q-RFQ-1030-urban-9,RFQ-1030,urban,UrbanBuild Wholesale,West,82,Primer,Paint,465,yd3,29.66,USD,27
Q-RFQ-1030-urban-10,RFQ-1030,urban,UrbanBuild Wholesale,West,82,Primer,Paint,296,yd3,37.13,USD,13
Q-RFQ-1030-apex-1,RFQ-1030,apex,Apex Industrial Supply,South,90,Ball Valve,Plumbing,439,yd3,74.22,USD,25
Q-RFQ-1030-apex-2,RFQ-1030,apex,Apex Industrial Supply,South,90,PVC Plumbing Pipe,Plumbing,67,sq_ft,80.18,USD,29
Q-RFQ-1030-apex-3,RFQ-1030,apex,Apex Industrial Supply,South,90,Concrete,Concrete,136,ton,126.31,USD,18
Q-RFQ-1030-apex-4,RFQ-1030,apex,Apex Industrial Supply,South,90,Ductwork,HVAC,356,yd3,682.38,USD,10
Q-RFQ-1030-apex-5,RFQ-1030,apex,Apex Industrial Supply,South,90,Plumbing Fixture,Plumbing,107,linear_ft,98.14,USD,43
Q-RFQ-1030-apex-6,RFQ-1030,apex,Apex Industrial Supply,South,90,Junction Box,Electrical,37,linear_ft,49.86,USD,30
Q-RFQ-1030-apex-7,RFQ-1030,apex,Apex Industrial Supply,South,90,Drywall Screws,Drywall,472,linear_ft,15.5,USD,15
Q-RFQ-1030-apex-8,RFQ-1030,apex,Apex Industrial Supply,South,90,Joint Compound,Drywall,345,linear_ft,19.54,USD,38
Q-RFQ-1030-apex-9,RFQ-1030,apex,Apex Industrial Supply,South,90,Latex Paint,Paint,465,yd3,39.51,USD,24
Q-RFQ-1030-apex-10,RFQ-1030,apex,Apex Industrial Supply,South,90,Paint Supplies,Paint,296,yd3,35.39,USD,16
Q-RFQ-1030-metro-1,RFQ-1030,metro,Metro Contractor Depot,National,86,Copper Pipe,Plumbing,439,yd3,98.58,USD,18
Q-RFQ-1030-metro-2,RFQ-1030,metro,Metro Contractor Depot,National,86,Copper Pipe,Plumbing,67,sq_ft,80.86,USD,32
Q-RFQ-1030-metro-3,RFQ-1030,metro,Metro Contractor Depot,National,86,Concrete,Concrete,136,ton,143.02,USD,14
Q-RFQ-1030-metro-4,RFQ-1030,metro,Metro Contractor Depot,National,86,Ductwork,HVAC,356,yd3,760.16,USD,11
Q-RFQ-1030-metro-5,RFQ-1030,metro,Metro Contractor Depot,National,86,Ball Valve,Plumbing,107,linear_ft,100.01,USD,32
Q-RFQ-1030-metro-7,RFQ-1030,metro,Metro Contractor Depot,National,86,Drywall Sheet,Drywall,472,linear_ft,19.13,USD,15
Q-RFQ-1030-metro-8,RFQ-1030,metro,Metro Contractor Depot,National,86,Drywall Screws,Drywall,345,linear_ft,19.4,USD,33
Q-RFQ-1030-metro-9,RFQ-1030,metro,Metro Contractor Depot,National,86,Exterior Coating,Paint,465,yd3,31.64,USD,20
Q-RFQ-1030-metro-10,RFQ-1030,metro,Metro Contractor Depot,National,86,Exterior Coating,Paint,296,yd3,40.84,USD,17
Q-RFQ-1031-buildtech-1,RFQ-1031,buildtech,BuildTech Supply,Midwest,94,HVAC Compressor,HVAC,204,ea,576.17,USD,29
Q-RFQ-1031-buildtech-2,RFQ-1031,buildtech,BuildTech Supply,Midwest,94,Joint Compound,Drywall,69,ton,17.78,USD,28
Q-RFQ-1031-buildtech-5,RFQ-1031,buildtech,BuildTech Supply,Midwest,94,Joint Compound,Drywall,331,yd3,20.36,USD,7
Q-RFQ-1031-buildtech-6,RFQ-1031,buildtech,BuildTech Supply,Midwest,94,Steel Plate,Steel,268,sq_ft,1022.39,USD,14
Q-RFQ-1031-buildtech-7,RFQ-1031,buildtech,BuildTech Supply,Midwest,94,Concrete Mix,Concrete,412,linear_ft,151.92,USD,4
Q-RFQ-1031-buildtech-8,RFQ-1031,buildtech,BuildTech Supply,Midwest,94,Ready Mix Concrete,Concrete,352,ea,133.44,USD,24
Q-RFQ-1031-buildtech-9,RFQ-1031,buildtech,BuildTech Supply,Midwest,94,I Beam Steel,Steel,261,sq_ft,933.4,USD,32
Q-RFQ-1031-buildtech-10,RFQ-1031,buildtech,BuildTech Supply,Midwest,94,Steel Plate,Steel,120,linear_ft,946.8,USD,22
Q-RFQ-1031-constructpro-1,RFQ-1031,constructpro,ConstructPro Materials,Northeast,88,VAV Box,HVAC,204,ea,685.99,USD,16
Q-RFQ-1031-constructpro-2,RFQ-1031,constructpro,ConstructPro Materials,Northeast,88,Drywall Sheet,Drywall,69,ton,16.91,USD,27
Q-RFQ-1031-constructpro-3,RFQ-1031,constructpro,ConstructPro Materials,Northeast,88,PVC Plumbing Pipe,Plumbing,436,linear_ft,99.9,USD,16
Q-RFQ-1031-constructpro-4,RFQ-1031,constructpro,ConstructPro Materials,Northeast,88,Steel Plate,Steel,398,linear_ft,897.62,USD,16
Q-RFQ-1031-constructpro-5,RFQ-1031,constructpro,ConstructPro Materials,Northeast,88,Sheetrock,Drywall,331,yd3,18.06,USD,10
Q-RFQ-1031-constructpro-6,RFQ-1031,constructpro,ConstructPro Materials,Northeast,88,I Beam Steel,Steel,268,sq_ft,1098.86,USD,15
Q-RFQ-1031-constructpro-7,RFQ-1031,constructpro,ConstructPro Materials,Northeast,88,Ready Mix Concrete,Concrete,412,linear_ft,137.2,USD,13
Q-RFQ-1031-constructpro-8,RFQ-1031,constructpro,ConstructPro Materials,Northeast,88,Concrete,Concrete,352,ea,154.43,USD,28
Q-RFQ-1031-constructpro-9,RFQ-1031,constructpro,ConstructPro Materials,Northeast,88,Rebar Grade 60,Steel,261,sq_ft,1057.48,USD,36
Q-RFQ-1031-constructpro-10,RFQ-1031,constructpro,ConstructPro Materials,Northeast,88,I Beam Steel,Steel,120,linear_ft,924.86,USD,20
Q-RFQ-1031-urban-1,RFQ-1031,urban,UrbanBuild Wholesale,West,82,Ductwork,HVAC,204,ea,585.27,USD,24
Q-RFQ-1031-urban-2,RFQ-1031,urban,UrbanBuild Wholesale,West,82,Joint Compound,Drywall,69,ton,18.97,USD,30
Q-RFQ-1031-urban-3,RFQ-1031,urban,UrbanBuild Wholesale,West,82,PVC Plumbing Pipe,Plumbing,436,linear_ft,73.66,USD,13
Q-RFQ-1031-urban-4,RFQ-1031,urban,UrbanBuild Wholesale,West,82,I Beam Steel,Steel,398,linear_ft,984.21,USD,15
Q-RFQ-1031-urban-5,RFQ-1031,urban,UrbanBuild Wholesale,West,82,Drywall Screws,Drywall,331,yd3,19.92,USD,17
Q-RFQ-1031-urban-6,RFQ-1031,urban,UrbanBuild Wholesale,West,82,Structural Steel Beam,Steel,268,sq_ft,963.16,USD,18
Q-RFQ-1031-urban-7,RFQ-1031,urban,UrbanBuild Wholesale,West,82,Concrete Mix,Concrete,412,linear_ft,121.83,USD,18
Q-RFQ-1031-urban-9,RFQ-1031,urban,UrbanBuild Wholesale,West,82,Steel Rebar,Steel,261,sq_ft,944.91,USD,39
Q-RFQ-1031-urban-10,RFQ-1031,urban,UrbanBuild Wholesale,West,82,I Beam Steel,Steel,120,linear_ft,1027.85,USD,23
Q-RFQ-1031-apex-1,RFQ-1031,apex,Apex Industrial Supply,South,90,HVAC Compressor,HVAC,204,ea,622.27,USD,16
Q-RFQ-1031-apex-2,RFQ-1031,apex,Apex Industrial Supply,South,90,Gypsum Board,Drywall,69,ton,16.16,USD,38
Q-RFQ-1031-apex-3,RFQ-1031,apex,Apex Industrial Supply,South,90,Ball Valve,Plumbing,436,linear_ft,91.81,USD,13
Q-RFQ-1031-apex-4,RFQ-1031,apex,Apex Industrial Supply,South,90,Steel Plate,Steel,398,linear_ft,1080.04,USD,17
Q-RFQ-1031-apex-5,RFQ-1031,apex,Apex Industrial Supply,South,90,Drywall Sheet,Drywall,331,yd3,16.12,USD,18
Q-RFQ-1031-apex-6,RFQ-1031,apex,Apex Industrial Supply,South,90,Steel Rebar,Steel,268,sq_ft,918.16,USD,13
Q-RFQ-1031-apex-8,RFQ-1031,apex,Apex Industrial Supply,South,90,Portland Cement,Concrete,352,ea,152.22,USD,16
Q-RFQ-1031-apex-9,RFQ-1031,apex,Apex Industrial Supply,South,90,Rebar Grade 60,Steel,261,sq_ft,803.94,USD,36
Q-RFQ-1031-metro-1,RFQ-1031,metro,Metro Contractor Depot,National,86,VAV Box,HVAC,204,ea,648.44,USD,19
Q-RFQ-1031-metro-2,RFQ-1031,metro,Metro Contractor Depot,National,86,Sheetrock,Drywall,69,ton,17.63,USD,25
Q-RFQ-1031-metro-3,RFQ-1031,metro,Metro Contractor Depot,National,86,Ball Valve,Plumbing,436,linear_ft,101.87,USD,20
Q-RFQ-1031-metro-4,RFQ-1031,metro,Metro Contractor Depot,National,86,I Beam Steel,Steel,398,linear_ft,888.78,USD,18
Q-RFQ-1031-metro-5,RFQ-1031,metro,Metro Contractor Depot,National,86,Drywall Screws,Drywall,331,yd3,17.89,USD,7
Q-RFQ-1031-metro-6,RFQ-1031,metro,Metro Contractor Depot,National,86,Structural Steel Beam,Steel,268,sq_ft,1019.09,USD,20
Q-RFQ-1031-metro-7,RFQ-1031,metro,Metro Contractor Depot,National,86,Concrete,Concrete,412,linear_ft,141.6,USD,6
Q-RFQ-1031-metro-8,RFQ-1031,metro,Metro Contractor Depot,National,86,Ready Mix Concrete,Concrete,352,ea,158.6,USD,29
Q-RFQ-1031-metro-9,RFQ-1031,metro,Metro Contractor Depot,National,86,Steel Plate,Steel,261,sq_ft,996.01,USD,31
Q-RFQ-1031-metro-10,RFQ-1031,metro,Metro Contractor Depot,National,86,Structural Steel Beam,Steel,120,linear_ft,896.44,USD,13
Q-RFQ-1032-buildtech-1,RFQ-1032,buildtech,BuildTech Supply,Midwest,94,Copper Pipe,Plumbing,288,ton,88.28,USD,16
Q-RFQ-1032-buildtech-2,RFQ-1032,buildtech,BuildTech Supply,Midwest,94,Cement Blend,Concrete,88,linear_ft,138.99,USD,6
Q-RFQ-1032-buildtech-3,RFQ-1032,buildtech,BuildTech Supply,Midwest,94,Conduit,Electrical,278,ea,61.12,USD,25
Q-RFQ-1032-buildtech-4,RFQ-1032,buildtech,BuildTech Supply,Midwest,94,Ductwork,HVAC,394,yd3,609.28,USD,13
Q-RFQ-1032-buildtech-5,RFQ-1032,buildtech,BuildTech Supply,Midwest,94,Ductwork,HVAC,84,linear_ft,652.59,USD,24
Q-RFQ-1032-buildtech-6,RFQ-1032,buildtech,BuildTech Supply,Midwest,94,Pipe Fittings,Plumbing,401,ea,84.08,USD,32
Q-RFQ-1032-buildtech-7,RFQ-1032,buildtech,BuildTech Supply,Midwest,94,Joint Compound,Drywall,140,sq_ft,19.43,USD,20
Q-RFQ-1032-buildtech-8,RFQ-1032,buildtech,BuildTech Supply,Midwest,94,Air Diffuser,HVAC,121,yd3,694.57,USD,37
Q-RFQ-1032-buildtech-9,RFQ-1032,buildtech,BuildTech Supply,Midwest,94,Joint Compound,Drywall,372,ea,15.84,USD,8
Q-RFQ-1032-buildtech-10,RFQ-1032,buildtech,BuildTech Supply,Midwest,94,Concrete Mix,Concrete,369,yd3,142.98,USD,24
Q-RFQ-1032-constructpro-1,RFQ-1032,constructpro,ConstructPro Materials,Northeast,88,Copper Pipe,Plumbing,288,ton,76.13,USD,28
Q-RFQ-1032-constructpro-2,RFQ-1032,constructpro,ConstructPro Materials,Northeast,88,Concrete Mix,Concrete,88,linear_ft,160.85,USD,11
Q-RFQ-1032-constructpro-3,RFQ-1032,constructpro,ConstructPro Materials,Northeast,88,Breaker Panel,Electrical,278,ea,54.65,USD,33
Q-RFQ-1032-constructpro-4,RFQ-1032,constructpro,ConstructPro Materials,Northeast,88,VAV Box,HVAC,394,yd3,772.72,USD,16
Q-RFQ-1032-constructpro-5,RFQ-1032,constructpro,ConstructPro Materials,Northeast,88,HVAC Compressor,HVAC,84,linear_ft,706.79,USD,21
Q-RFQ-1032-constructpro-6,RFQ-1032,constructpro,ConstructPro Materials,Northeast,88,Pipe Fittings,Plumbing,401,ea,89.44,USD,28
Q-RFQ-1032-constructpro-7,RFQ-1032,constructpro,ConstructPro Materials,Northeast,88,Drywall Sheet,Drywall,140,sq_ft,19.15,USD,27
Q-RFQ-1032-constructpro-9,RFQ-1032,constructpro,ConstructPro Materials,Northeast,88,Joint Compound,Drywall,372,ea,21.37,USD,14
Q-RFQ-1032-constructpro-10,RFQ-1032,constructpro,ConstructPro Materials,Northeast,88,Portland Cement,Concrete,369,yd3,146.43,USD,14
Q-RFQ-1032-urban-2,RFQ-1032,urban,UrbanBuild Wholesale,West,82,Concrete,Concrete,88,linear_ft,156.39,USD,19
Q-RFQ-1032-urban-3,RFQ-1032,urban,UrbanBuild Wholesale,West,82,Conduit,Electrical,278,ea,53.15,USD,28
Q-RFQ-1032-urban-4,RFQ-1032,urban,UrbanBuild Wholesale,West,82,HVAC Air Handler,HVAC,394,yd3,656.33,USD,13
Q-RFQ-1032-urban-5,RFQ-1032,urban,UrbanBuild Wholesale,West,82,VAV Box,HVAC,84,linear_ft,692.01,USD,20
Q-RFQ-1032-urban-6,RFQ-1032,urban,UrbanBuild Wholesale,West,82,PVC Plumbing Pipe,Plumbing,401,ea,83.97,USD,31
Q-RFQ-1032-urban-7,RFQ-1032,urban,UrbanBuild Wholesale,West,82,Drywall Screws,Drywall,140,sq_ft,16.15,USD,21
Q-RFQ-1032-urban-8,RFQ-1032,urban,UrbanBuild Wholesale,West,82,HVAC Compressor,HVAC,121,yd3,628.48,USD,35
Q-RFQ-1032-urban-9,RFQ-1032,urban,UrbanBuild Wholesale,West,82,Gypsum Board,Drywall,372,ea,17.94,USD,20
Q-RFQ-1032-urban-10,RFQ-1032,urban,UrbanBuild Wholesale,West,82,Cement Blend,Concrete,369,yd3,154.15,USD,14
Q-RFQ-1032-apex-1,RFQ-1032,apex,Apex Industrial Supply,South,90,Plumbing Fixture,Plumbing,288,ton,90.1,USD,16
Q-RFQ-1032-apex-2,RFQ-1032,apex,Apex Industrial Supply,South,90,Portland Cement,Concrete,88,linear_ft,170.73,USD,10
Q-RFQ-1032-apex-3,RFQ-1032,apex,Apex Industrial Supply,South,90,Conduit,Electrical,278,ea,51.6,USD,34
Q-RFQ-1032-apex-4,RFQ-1032,apex,Apex Industrial Supply,South,90,HVAC Air Handler,HVAC,394,yd3,603.28,USD,17
Q-RFQ-1032-apex-5,RFQ-1032,apex,Apex Industrial Supply,South,90,HVAC Air Handler,HVAC,84,linear_ft,658.26,USD,19
Q-RFQ-1032-apex-6,RFQ-1032,apex,Apex Industrial Supply,South,90,Plumbing Fixture,Plumbing,401,ea,85.64,USD,32
Q-RFQ-1032-apex-7,RFQ-1032,apex,Apex Industrial Supply,South,90,Drywall Sheet,Drywall,140,sq_ft,17.91,USD,26
Q-RFQ-1032-apex-8,RFQ-1032,apex,Apex Industrial Supply,South,90,HVAC Compressor,HVAC,121,yd3,589.64,USD,36
Q-RFQ-1032-apex-9,RFQ-1032,apex,Apex Industrial Supply,South,90,Drywall Sheet,Drywall,372,ea,17.34,USD,19
Q-RFQ-1032-apex-10,RFQ-1032,apex,Apex Industrial Supply,South,90,Concrete Mix,Concrete,369,yd3,156.76,USD,19
Q-RFQ-1032-metro-1,RFQ-1032,metro,Metro Contractor Depot,National,86,Ball Valve,Plumbing,288,ton,100.88,USD,17
Q-RFQ-1032-metro-2,RFQ-1032,metro,Metro Contractor Depot,National,86,Portland Cement,Concrete,88,linear_ft,150.05,USD,8
Q-RFQ-1032-metro-3,RFQ-1032,metro,Metro Contractor Depot,National,86,Electrical Wire,Electrical,278,ea,65.95,USD,37
Q-RFQ-1032-metro-4,RFQ-1032,metro,Metro Contractor Depot,National,86,HVAC Compressor,HVAC,394,yd3,669.27,USD,4
Q-RFQ-1032-metro-5,RFQ-1032,metro,Metro Contractor Depot,National,86,Ductwork,HVAC,84,linear_ft,752.17,USD,20
Q-RFQ-1032-metro-6,RFQ-1032,metro,Metro Contractor Depot,National,86,Pipe Fittings,Plumbing,401,ea,80.14,USD,24
Q-RFQ-1032-metro-7,RFQ-1032,metro,Metro Contractor Depot,National,86,Drywall Screws,Drywall,140,sq_ft,18.08,USD,27
Q-RFQ-1032-metro-8,RFQ-1032,metro,Metro Contractor Depot,National,86,HVAC Compressor,HVAC,121,yd3,718.4,USD,42
Q-RFQ-1032-metro-9,RFQ-1032,metro,Metro Contractor Depot,National,86,Drywall Screws,Drywall,372,ea,21.44,USD,19
Q-RFQ-1032-metro-10,RFQ-1032,metro,Metro Contractor Depot,National,86,Concrete,Concrete,369,yd3,164.81,USD,17
Q-RFQ-1033-buildtech-1,RFQ-1033,buildtech,BuildTech Supply,Midwest,94,Ductwork,HVAC,288,linear_ft,712.23,USD,29
Q-RFQ-1033-buildtech-2,RFQ-1033,buildtech,BuildTech Supply,Midwest,94,Drywall Sheet,Drywall,117,yd3,15.85,USD,25
Q-RFQ-1033-buildtech-3,RFQ-1033,buildtech,BuildTech Supply,Midwest,94,Paint Supplies,Paint,466,ton,31.64,USD,28
Q-RFQ-1033-buildtech-4,RFQ-1033,buildtech,BuildTech Supply,Midwest,94,Copper Pipe,Plumbing,363,linear_ft,82.04,USD,13
Q-RFQ-1033-buildtech-5,RFQ-1033,buildtech,BuildTech Supply,Midwest,94,Exterior Coating,Paint,439,sq_ft,29.8,USD,41
Q-RFQ-1033-buildtech-6,RFQ-1033,buildtech,BuildTech Supply,Midwest,94,Gypsum Board,Drywall,314,yd3,18.7,USD,28
Q-RFQ-1033-buildtech-7,RFQ-1033,buildtech,BuildTech Supply,Midwest,94,Steel Plate,Steel,261,ton,1042.69,USD,21
Q-RFQ-1033-buildtech-9,RFQ-1033,buildtech,BuildTech Supply,Midwest,94,VAV Box,HVAC,349,ton,584.97,USD,33
Q-RFQ-1033-buildtech-10,RFQ-1033,buildtech,BuildTech Supply,Midwest,94,Plumbing Fixture,Plumbing,446,ea,94.67,USD,36
Q-RFQ-1033-constructpro-1,RFQ-1033,constructpro,ConstructPro Materials,Northeast,88,HVAC Air Handler,HVAC,288,linear_ft,749.69,USD,29
Q-RFQ-1033-constructpro-2,RFQ-1033,constructpro,ConstructPro Materials,Northeast,88,Gypsum Board,Drywall,117,yd3,20.24,USD,25
Q-RFQ-1033-constructpro-3,RFQ-1033,constructpro,ConstructPro Materials,Northeast,88,Interior Paint,Paint,466,ton,38.35,USD,28
Q-RFQ-1033-constructpro-4,RFQ-1033,constructpro,ConstructPro Materials,Northeast,88,Pipe Fittings,Plumbing,363,linear_ft,91.55,USD,14
Q-RFQ-1033-constructpro-5,RFQ-1033,constructpro,ConstructPro Materials,Northeast,88,Latex Paint,Paint,439,sq_ft,31.13,USD,30
Q-RFQ-1033-constructpro-6,RFQ-1033,constructpro,ConstructPro Materials,Northeast,88,Drywall Screws,Drywall,314,yd3,17.8,USD,29
Q-RFQ-1033-constructpro-7,RFQ-1033,constructpro,ConstructPro Materials,Northeast,88,Steel Rebar,Steel,261,ton,1041.87,USD,23
Q-RFQ-1033-constructpro-8,RFQ-1033,constructpro,ConstructPro Materials,Northeast,88,Steel Rebar,Steel,457,linear_ft,858.69,USD,18
Q-RFQ-1033-constructpro-9,RFQ-1033,constructpro,ConstructPro Materials,Northeast,88,HVAC Compressor,HVAC,349,ton,700.84,USD,42
Q-RFQ-1033-constructpro-10,RFQ-1033,constructpro,ConstructPro Materials,Northeast,88,Ball Valve,Plumbing,446,ea,89.03,USD,33
Q-RFQ-1033-urban-1,RFQ-1033,urban,UrbanBuild Wholesale,West,82,Air Diffuser,HVAC,288,linear_ft,620.98,USD,30
Q-RFQ-1033-urban-2,RFQ-1033,urban,UrbanBuild Wholesale,West,82,Gypsum Board,Drywall,117,yd3,19.98,USD,27
Q-RFQ-1033-urban-3,RFQ-1033,urban,UrbanBuild Wholesale,West,82,Exterior Coating,Paint,466,ton,31.58,USD,20
Q-RFQ-1033-urban-4,RFQ-1033,urban,UrbanBuild Wholesale,West,82,Copper Pipe,Plumbing,363,linear_ft,92.84,USD,23
Q-RFQ-1033-urban-5,RFQ-1033,urban,UrbanBuild Wholesale,West,82,Interior Paint,Paint,439,sq_ft,36.04,USD,40
Q-RFQ-1033-urban-6,RFQ-1033,urban,UrbanBuild Wholesale,West,82,Sheetrock,Drywall,314,yd3,18.38,USD,26
Q-RFQ-1033-urban-7,RFQ-1033,urban,UrbanBuild Wholesale,West,82,Rebar Grade 60,Steel,261,ton,930.34,USD,23
Q-RFQ-1033-urban-8,RFQ-1033,urban,UrbanBuild Wholesale,West,82,Steel Rebar,Steel,457,linear_ft,785.78,USD,28
Q-RFQ-1033-urban-9,RFQ-1033,urban,UrbanBuild Wholesale,West,82,Air Diffuser,HVAC,349,ton,557.19,USD,43
Q-RFQ-1033-urban-10,RFQ-1033,urban,UrbanBuild Wholesale,West,82,Copper Pipe,Plumbing,446,ea,76.05,USD,36
Q-RFQ-1033-apex-1,RFQ-1033,apex,Apex Industrial Supply,South,90,Ductwork,HVAC,288,linear_ft,636.04,USD,36
Q-RFQ-1033-apex-2,RFQ-1033,apex,Apex Industrial Supply,South,90,Sheetrock,Drywall,117,yd3,20.76,USD,36
Q-RFQ-1033-apex-3,RFQ-1033,apex,Apex Industrial Supply,South,90,Interior Paint,Paint,466,ton,36.25,USD,24
Q-RFQ-1033-apex-4,RFQ-1033,apex,Apex Industrial Supply,South,90,Plumbing Fixture,Plumbing,363,linear_ft,95.49,USD,17
Q-RFQ-1033-apex-5,RFQ-1033,apex,Apex Industrial Supply,South,90,Exterior Coating,Paint,439,sq_ft,39.32,USD,40
Q-RFQ-1033-apex-6,RFQ-1033,apex,Apex Industrial Supply,South,90,Drywall Sheet,Drywall,314,yd3,20.77,USD,31
Q-RFQ-1033-apex-7,RFQ-1033,apex,Apex Industrial Supply,South,90,Structural Steel Beam,Steel,261,ton,868.03,USD,14
Q-RFQ-1033-apex-8,RFQ-1033,apex,Apex Industrial Supply,South,90,I Beam Steel,Steel,457,linear_ft,1005.89,USD,26
Q-RFQ-1033-apex-9,RFQ-1033,apex,Apex Industrial Supply,South,90,HVAC Air Handler,HVAC,349,ton,736.08,USD,39
Q-RFQ-1033-apex-10,RFQ-1033,apex,Apex Industrial Supply,South,90,PVC Plumbing Pipe,Plumbing,446,ea,90.24,USD,22
Q-RFQ-1033-metro-1,RFQ-1033,metro,Metro Contractor Depot,National,86,HVAC Compressor,HVAC,288,linear_ft,764.81,USD,32
Q-RFQ-1033-metro-2,RFQ-1033,metro,Metro Contractor Depot,National,86,Drywall Screws,Drywall,117,yd3,17.37,USD,33
Q-RFQ-1033-metro-3,RFQ-1033,metro,Metro Contractor Depot,National,86,Primer,Paint,466,ton,40.57,USD,33
Q-RFQ-1033-metro-4,RFQ-1033,metro,Metro Contractor Depot,National,86,Ball Valve,Plumbing,363,linear_ft,89.32,USD,17
Q-RFQ-1033-metro-5,RFQ-1033,metro,Metro Contractor Depot,National,86,Exterior Coating,Paint,439,sq_ft,39.47,USD,31
Q-RFQ-1033-metro-6,RFQ-1033,metro,Metro Contractor Depot,National,86,Sheetrock,Drywall,314,yd3,21.46,USD,21
Q-RFQ-1033-metro-7,RFQ-1033,metro,Metro Contractor Depot,National,86,Steel Plate,Steel,261,ton,953.39,USD,23
Q-RFQ-1033-metro-8,RFQ-1033,metro,Metro Contractor Depot,National,86,I Beam Steel,Steel,457,linear_ft,1099.15,USD,18
Q-RFQ-1034-buildtech-1,RFQ-1034,buildtech,BuildTech Supply,Midwest,94,Breaker Panel,Electrical,489,yd3,46.37,USD,19
Q-RFQ-1034-buildtech-2,RFQ-1034,buildtech,BuildTech Supply,Midwest,94,Rebar Grade 60,Steel,384,ton,1026.57,USD,12
Q-RFQ-1034-buildtech-3,RFQ-1034,buildtech,BuildTech Supply,Midwest,94,Copper Pipe,Plumbing,244,sq_ft,83.0,USD,17
Q-RFQ-1034-buildtech-4,RFQ-1034,buildtech,BuildTech Supply,Midwest,94,Steel Plate,Steel,213,ton,859.77,USD,30
Q-RFQ-1034-buildtech-5,RFQ-1034,buildtech,BuildTech Supply,Midwest,94,Portland Cement,Concrete,392,sq_ft,138.22,USD,26
Q-RFQ-1034-buildtech-6,RFQ-1034,buildtech,BuildTech Supply,Midwest,94,Drywall Screws,Drywall,448,linear_ft,15.42,USD,5
Q-RFQ-1034-buildtech-7,RFQ-1034,buildtech,BuildTech Supply,Midwest,94,Steel Plate,Steel,122,ea,1033.35,USD,25
Q-RFQ-1034-buildtech-8,RFQ-1034,buildtech,BuildTech Supply,Midwest,94,Latex Paint,Paint,220,ton,34.76,USD,26
Q-RFQ-1034-buildtech-9,RFQ-1034,buildtech,BuildTech Supply,Midwest,94,Sheetrock,Drywall,332,ton,15.27,USD,36
Q-RFQ-1034-buildtech-10,RFQ-1034,buildtech,BuildTech Supply,Midwest,94,Air Diffuser,HVAC,239,ton,631.11,USD,25
Q-RFQ-1034-constructpro-1,RFQ-1034,constructpro,ConstructPro Materials,Northeast,88,LED Fixture,Electrical,489,yd3,66.27,USD,16
Q-RFQ-1034-constructpro-2,RFQ-1034,constructpro,ConstructPro Materials,Northeast,88,I Beam Steel,Steel,384,ton,893.86,USD,10
Q-RFQ-1034-constructpro-3,RFQ-1034,constructpro,ConstructPro Materials,Northeast,88,PVC Plumbing Pipe,Plumbing,244,sq_ft,99.89,USD,11
Q-RFQ-1034-constructpro-4,RFQ-1034,constructpro,ConstructPro Materials,Northeast,88,Steel Rebar,Steel,213,ton,975.78,USD,24
Q-RFQ-1034-constructpro-5,RFQ-1034,constructpro,ConstructPro Materials,Northeast,88,Concrete Mix,Concrete,392,sq_ft,130.55,USD,22
Q-RFQ-1034-constructpro-6,RFQ-1034,constructpro,ConstructPro Materials,Northeast,88,Sheetrock,Drywall,448,linear_ft,20.9,USD,19
Q-RFQ-1034-constructpro-7,RFQ-1034,constructpro,ConstructPro Materials,Northeast,88,Rebar Grade 60,Steel,122,ea,1088.69,USD,20
Q-RFQ-1034-constructpro-8,RFQ-1034,constructpro,ConstructPro Materials,Northeast,88,Latex Paint,Paint,220,ton,40.5,USD,20
Q-RFQ-1034-constructpro-9,RFQ-1034,constructpro,ConstructPro Materials,Northeast,88,Joint Compound,Drywall,332,ton,16.92,USD,40
Q-RFQ-1034-constructpro-10,RFQ-1034,constructpro,ConstructPro Materials,Northeast,88,Air Diffuser,HVAC,239,ton,726.89,USD,15
Q-RFQ-1034-urban-1,RFQ-1034,urban,UrbanBuild Wholesale,West,82,Conduit,Electrical,489,yd3,45.85,USD,16
Q-RFQ-1034-urban-2,RFQ-1034,urban,UrbanBuild Wholesale,West,82,Steel Plate,Steel,384,ton,797.38,USD,9
Q-RFQ-1034-urban-3,RFQ-1034,urban,UrbanBuild Wholesale,West,82,Plumbing Fixture,Plumbing,244,sq_ft,92.58,USD,10
Q-RFQ-1034-urban-4,RFQ-1034,urban,UrbanBuild Wholesale,West,82,I Beam Steel,Steel,213,ton,1028.19,USD,27
Q-RFQ-1034-urban-5,RFQ-1034,urban,UrbanBuild Wholesale,West,82,Concrete Mix,Concrete,392,sq_ft,123.42,USD,16
Q-RFQ-1034-urban-6,RFQ-1034,urban,UrbanBuild Wholesale,West,82,Sheetrock,Drywall,448,linear_ft,15.82,USD,7
Q-RFQ-1034-urban-7,RFQ-1034,urban,UrbanBuild Wholesale,West,82,Rebar Grade 60,Steel,122,ea,961.38,USD,20
Q-RFQ-1034-urban-8,RFQ-1034,urban,UrbanBuild Wholesale,West,82,Latex Paint,Paint,220,ton,33.83,USD,15
Q-RFQ-1034-urban-9,RFQ-1034,urban,UrbanBuild Wholesale,West,82,Joint Compound,Drywall,332,ton,17.83,USD,42
Q-RFQ-1034-urban-10,RFQ-1034,urban,UrbanBuild Wholesale,West,82,HVAC Air Handler,HVAC,239,ton,714.37,USD,29
Q-RFQ-1034-apex-1,RFQ-1034,apex,Apex Industrial Supply,South,90,Electrical Wire,Electrical,489,yd3,52.3,USD,22
Q-RFQ-1034-apex-2,RFQ-1034,apex,Apex Industrial Supply,South,90,Structural Steel Beam,Steel,384,ton,1064.74,USD,16
Q-RFQ-1034-apex-3,RFQ-1034,apex,Apex Industrial Supply,South,90,Plumbing Fixture,Plumbing,244,sq_ft,73.89,USD,23
Q-RFQ-1034-apex-4,RFQ-1034,apex,Apex Industrial Supply,South,90,Rebar Grade 60,Steel,213,ton,932.47,USD,29
Q-RFQ-1034-apex-5,RFQ-1034,apex,Apex Industrial Supply,South,90,Ready Mix Concrete,Concrete,392,sq_ft,139.99,USD,25
Q-RFQ-1034-apex-6,RFQ-1034,apex,Apex Industrial Supply,South,90,Drywall Screws,Drywall,448,linear_ft,18.09,USD,7
Q-RFQ-1034-apex-7,RFQ-1034,apex,Apex Industrial Supply,South,90,Rebar Grade 60,Steel,122,ea,805.53,USD,16
Q-RFQ-1034-apex-8,RFQ-1034,apex,Apex Industrial Supply,South,90,Latex Paint,Paint,220,ton,37.33,USD,24
Q-RFQ-1034-apex-9,RFQ-1034,apex,Apex Industrial Supply,South,90,Gypsum Board,Drywall,332,ton,17.78,USD,31
Q-RFQ-1034-apex-10,RFQ-1034,apex,Apex Industrial Supply,South,90,HVAC Air Handler,HVAC,239,ton,773.14,USD,15
Q-RFQ-1034-metro-1,RFQ-1034,metro,Metro Contractor Depot,National,86,Junction Box,Electrical,489,yd3,53.18,USD,20
Q-RFQ-1034-metro-2,RFQ-1034,metro,Metro Contractor Depot,National,86,Steel Rebar,Steel,384,ton,1136.52,USD,4
Q-RFQ-1034-metro-3,RFQ-1034,metro,Metro Contractor Depot,National,86,Ball Valve,Plumbing,244,sq_ft,100.58,USD,24
Q-RFQ-1034-metro-4,RFQ-1034,metro,Metro Contractor Depot,National,86,Structural Steel Beam,Steel,213,ton,879.64,USD,33
Q-RFQ-1034-metro-5,RFQ-1034,metro,Metro Contractor Depot,National,86,Portland Cement,Concrete,392,sq_ft,142.01,USD,29
Q-RFQ-1034-metro-6,RFQ-1034,metro,Metro Contractor Depot,National,86,Drywall Screws,Drywall,448,linear_ft,18.05,USD,11
Q-RFQ-1034-metro-7,RFQ-1034,metro,Metro Contractor Depot,National,86,Rebar Grade 60,Steel,122,ea,970.53,USD,20
Q-RFQ-1034-metro-8,RFQ-1034,metro,Metro Contractor Depot,National,86,Interior Paint,Paint,220,ton,38.27,USD,15
Q-RFQ-1034-metro-9,RFQ-1034,metro,Metro Contractor Depot,National,86,Gypsum Board,Drywall,332,ton,22.35,USD,38
Q-RFQ-1034-metro-10,RFQ-1034,metro,Metro Contractor Depot,National,86,Air Diffuser,HVAC,239,ton,655.66,USD,23
Q-RFQ-1035-buildtech-1,RFQ-1035,buildtech,BuildTech Supply,Midwest,94,Air Diffuser,HVAC,248,yd3,633.52,USD,39
Q-RFQ-1035-buildtech-2,RFQ-1035,buildtech,BuildTech Supply,Midwest,94,Ball Valve,Plumbing,101,ton,87.37,USD,28
Q-RFQ-1035-buildtech-3,RFQ-1035,buildtech,BuildTech Supply,Midwest,94,Ductwork,HVAC,292,linear_ft,751.17,USD,14
Q-RFQ-1035-buildtech-4,RFQ-1035,buildtech,BuildTech Supply,Midwest,94,LED Fixture,Electrical,307,yd3,58.63,USD,7
Q-RFQ-1035-buildtech-5,RFQ-1035,buildtech,BuildTech Supply,Midwest,94,LED Fixture,Electrical,286,linear_ft,47.7,USD,15
Q-RFQ-1035-buildtech-7,RFQ-1035,buildtech,BuildTech Supply,Midwest,94,Air Diffuser,HVAC,155,sq_ft,603.5,USD,11
Q-RFQ-1035-buildtech-8,RFQ-1035,buildtech,BuildTech Supply,Midwest,94,Drywall Screws,Drywall,33,yd3,19.87,USD,36
Q-RFQ-1035-buildtech-9,RFQ-1035,buildtech,BuildTech Supply,Midwest,94,Latex Paint,Paint,116,ton,34.89,USD,33
Q-RFQ-1035-buildtech-10,RFQ-1035,buildtech,BuildTech Supply,Midwest,94,Plumbing Fixture,Plumbing,67,linear_ft,96.32,USD,42
Q-RFQ-1035-constructpro-1,RFQ-1035,constructpro,ConstructPro Materials,Northeast,88,HVAC Air Handler,HVAC,248,yd3,630.38,USD,30
Q-RFQ-1035-constructpro-2,RFQ-1035,constructpro,ConstructPro Materials,Northeast,88,PVC Plumbing Pipe,Plumbing,101,ton,75.74,USD,36
Q-RFQ-1035-constructpro-4,RFQ-1035,constructpro,ConstructPro Materials,Northeast,88,Conduit,Electrical,307,yd3,51.35,USD,9
Q-RFQ-1035-constructpro-5,RFQ-1035,constructpro,ConstructPro Materials,Northeast,88,LED Fixture,Electrical,286,linear_ft,64.28,USD,18
Q-RFQ-1035-constructpro-6,RFQ-1035,constructpro,ConstructPro Materials,Northeast,88,Concrete Mix,Concrete,363,sq_ft,165.23,USD,35
Q-RFQ-1035-constructpro-7,RFQ-1035,constructpro,ConstructPro Materials,Northeast,88,Ductwork,HVAC,155,sq_ft,628.45,USD,15
Q-RFQ-1035-constructpro-8,RFQ-1035,constructpro,ConstructPro Materials,Northeast,88,Joint Compound,Drywall,33,yd3,21.66,USD,25
Q-RFQ-1035-constructpro-9,RFQ-1035,constructpro,ConstructPro Materials,Northeast,88,Primer,Paint,116,ton,36.68,USD,32
Q-RFQ-1035-constructpro-10,RFQ-1035,constructpro,ConstructPro Materials,Northeast,88,Copper Pipe,Plumbing,67,linear_ft,98.65,USD,35
Q-RFQ-1035-urban-2,RFQ-1035,urban,UrbanBuild Wholesale,West,82,Plumbing Fixture,Plumbing,101,ton,87.87,USD,36
Q-RFQ-1035-urban-3,RFQ-1035,urban,UrbanBuild Wholesale,West,82,VAV Box,HVAC,292,linear_ft,675.18,USD,15
Q-RFQ-1035-urban-5,RFQ-1035,urban,UrbanBuild Wholesale,West,82,LED Fixture,Electrical,286,linear_ft,53.52,USD,29
Q-RFQ-1035-urban-6,RFQ-1035,urban,UrbanBuild Wholesale,West,82,Portland Cement,Concrete,363,sq_ft,154.46,USD,31
Q-RFQ-1035-urban-7,RFQ-1035,urban,UrbanBuild Wholesale,West,82,Air Diffuser,HVAC,155,sq_ft,664.77,USD,13
Q-RFQ-1035-urban-8,RFQ-1035,urban,UrbanBuild Wholesale,West,82,Joint Compound,Drywall,33,yd3,15.05,USD,39
Q-RFQ-1035-urban-9,RFQ-1035,urban,UrbanBuild Wholesale,West,82,Exterior Coating,Paint,116,ton,32.89,USD,35
Q-RFQ-1035-urban-10,RFQ-1035,urban,UrbanBuild Wholesale,West,82,Ball Valve,Plumbing,67,linear_ft,69.98,USD,41
Q-RFQ-1035-apex-1,RFQ-1035,apex,Apex Industrial Supply,South,90,Ductwork,HVAC,248,yd3,659.62,USD,35
Q-RFQ-1035-apex-2,RFQ-1035,apex,Apex Industrial Supply,South,90,Ball Valve,Plumbing,101,ton,97.83,USD,37
Q-RFQ-1035-apex-3,RFQ-1035,apex,Apex Industrial Supply,South,90,Air Diffuser,HVAC,292,linear_ft,768.12,USD,13
Q-RFQ-1035-apex-4,RFQ-1035,apex,Apex Industrial Supply,South,90,Junction Box,Electrical,307,yd3,60.02,USD,9
Q-RFQ-1035-apex-5,RFQ-1035,apex,Apex Industrial Supply,South,90,Breaker Panel,Electrical,286,linear_ft,59.15,USD,27
Q-RFQ-1035-apex-6,RFQ-1035,apex,Apex Industrial Supply,South,90,Concrete Mix,Concrete,363,sq_ft,169.75,USD,37
Q-RFQ-1035-apex-7,RFQ-1035,apex,Apex Industrial Supply,South,90,HVAC Air Handler,HVAC,155,sq_ft,735.1,USD,14
Q-RFQ-1035-apex-8,RFQ-1035,apex,Apex Industrial Supply,South,90,Gypsum Board,Drywall,33,yd3,16.48,USD,34
Q-RFQ-1035-apex-9,RFQ-1035,apex,Apex Industrial Supply,South,90,Paint Supplies,Paint,116,ton,37.87,USD,32
Q-RFQ-1035-apex-10,RFQ-1035,apex,Apex Industrial Supply,South,90,Copper Pipe,Plumbing,67,linear_ft,88.25,USD,35
Q-RFQ-1035-metro-1,RFQ-1035,metro,Metro Contractor Depot,National,86,Ductwork,HVAC,248,yd3,702.24,USD,29
Q-RFQ-1035-metro-2,RFQ-1035,metro,Metro Contractor Depot,National,86,Copper Pipe,Plumbing,101,ton,103.27,USD,35
Q-RFQ-1035-metro-3,RFQ-1035,metro,Metro Contractor Depot,National,86,VAV Box,HVAC,292,linear_ft,719.21,USD,14
Q-RFQ-1035-metro-4,RFQ-1035,metro,Metro Contractor Depot,National,86,Breaker Panel,Electrical,307,yd3,54.32,USD,8
Q-RFQ-1035-metro-5,RFQ-1035,metro,Metro Contractor Depot,National,86,LED Fixture,Electrical,286,linear_ft,64.49,USD,19
Q-RFQ-1035-metro-6,RFQ-1035,metro,Metro Contractor Depot,National,86,Cement Blend,Concrete,363,sq_ft,174.16,USD,37
Q-RFQ-1035-metro-7,RFQ-1035,metro,Metro Contractor Depot,National,86,Air Diffuser,HVAC,155,sq_ft,782.82,USD,16
Q-RFQ-1035-metro-8,RFQ-1035,metro,Metro Contractor Depot,National,86,Drywall Sheet,Drywall,33,yd3,21.55,USD,26
Q-RFQ-1035-metro-9,RFQ-1035,metro,Metro Contractor Depot,National,86,Interior Paint,Paint,116,ton,38.03,USD,41
Q-RFQ-1035-metro-10,RFQ-1035,metro,Metro Contractor Depot,National,86,PVC Plumbing Pipe,Plumbing,67,linear_ft,92.11,USD,40
Q-RFQ-1036-buildtech-1,RFQ-1036,buildtech,BuildTech Supply,Midwest,94,VAV Box,HVAC,397,ea,729.81,USD,25
Q-RFQ-1036-buildtech-2,RFQ-1036,buildtech,BuildTech Supply,Midwest,94,PVC Plumbing Pipe,Plumbing,280,yd3,79.21,USD,12
Q-RFQ-1036-buildtech-3,RFQ-1036,buildtech,BuildTech Supply,Midwest,94,Primer,Paint,196,ton,36.38,USD,19
Q-RFQ-1036-buildtech-4,RFQ-1036,buildtech,BuildTech Supply,Midwest,94,Drywall Screws,Drywall,249,linear_ft,20.48,USD,30
Q-RFQ-1036-buildtech-5,RFQ-1036,buildtech,BuildTech Supply,Midwest,94,Drywall Screws,Drywall,150,linear_ft,19.96,USD,25
Q-RFQ-1036-buildtech-6,RFQ-1036,buildtech,BuildTech Supply,Midwest,94,HVAC Compressor,HVAC,112,yd3,724.02,USD,10
Q-RFQ-1036-buildtech-7,RFQ-1036,buildtech,BuildTech Supply,Midwest,94,VAV Box,HVAC,209,ton,757.26,USD,20
Q-RFQ-1036-buildtech-8,RFQ-1036,buildtech,BuildTech Supply,Midwest,94,Gypsum Board,Drywall,240,ton,17.27,USD,20
Q-RFQ-1036-buildtech-9,RFQ-1036,buildtech,BuildTech Supply,Midwest,94,Joint Compound,Drywall,236,linear_ft,19.42,USD,41
Q-RFQ-1036-buildtech-10,RFQ-1036,buildtech,BuildTech Supply,Midwest,94,Plumbing Fixture,Plumbing,431,ea,92.33,USD,14
Q-RFQ-1036-constructpro-1,RFQ-1036,constructpro,ConstructPro Materials,Northeast,88,HVAC Air Handler,HVAC,397,ea,669.93,USD,32
Q-RFQ-1036-constructpro-2,RFQ-1036,constructpro,ConstructPro Materials,Northeast,88,PVC Plumbing Pipe,Plumbing,280,yd3,95.61,USD,14
Q-RFQ-1036-constructpro-3,RFQ-1036,constructpro,ConstructPro Materials,Northeast,88,Interior Paint,Paint,196,ton,33.3,USD,13
Q-RFQ-1036-constructpro-4,RFQ-1036,constructpro,ConstructPro Materials,Northeast,88,Gypsum Board,Drywall,249,linear_ft,19.04,USD,26
Q-RFQ-1036-constructpro-6,RFQ-1036,constructpro,ConstructPro Materials,Northeast,88,Ductwork,HVAC,112,yd3,735.14,USD,23
Q-RFQ-1036-constructpro-7,RFQ-1036,constructpro,ConstructPro Materials,Northeast,88,VAV Box,HVAC,209,ton,765.18,USD,7
Q-RFQ-1036-constructpro-8,RFQ-1036,constructpro,ConstructPro Materials,Northeast,88,Sheetrock,Drywall,240,ton,20.94,USD,16
Q-RFQ-1036-constructpro-9,RFQ-1036,constructpro,ConstructPro Materials,Northeast,88,Drywall Sheet,Drywall,236,linear_ft,16.68,USD,37
Q-RFQ-1036-constructpro-10,RFQ-1036,constructpro,ConstructPro Materials,Northeast,88,Plumbing Fixture,Plumbing,431,ea,95.94,USD,7
Q-RFQ-1036-urban-1,RFQ-1036,urban,UrbanBuild Wholesale,West,82,VAV Box,HVAC,397,ea,722.05,USD,33
Q-RFQ-1036-urban-2,RFQ-1036,urban,UrbanBuild Wholesale,West,82,Pipe Fittings,Plumbing,280,yd3,93.67,USD,19
Q-RFQ-1036-urban-3,RFQ-1036,urban,UrbanBuild Wholesale,West,82,Exterior Coating,Paint,196,ton,31.4,USD,15
Q-RFQ-1036-urban-4,RFQ-1036,urban,UrbanBuild Wholesale,West,82,Gypsum Board,Drywall,249,linear_ft,18.62,USD,37
Q-RFQ-1036-urban-5,RFQ-1036,urban,UrbanBuild Wholesale,West,82,Drywall Sheet,Drywall,150,linear_ft,18.74,USD,17
Q-RFQ-1036-urban-6,RFQ-1036,urban,UrbanBuild Wholesale,West,82,HVAC Compressor,HVAC,112,yd3,595.37,USD,17
Q-RFQ-1036-urban-7,RFQ-1036,urban,UrbanBuild Wholesale,West,82,Air Diffuser,HVAC,209,ton,702.67,USD,7
Q-RFQ-1036-urban-8,RFQ-1036,urban,UrbanBuild Wholesale,West,82,Gypsum Board,Drywall,240,ton,17.03,USD,13
Q-RFQ-1036-urban-9,RFQ-1036,urban,UrbanBuild Wholesale,West,82,Drywall Screws,Drywall,236,linear_ft,15.13,USD,36
Q-RFQ-1036-urban-10,RFQ-1036,urban,UrbanBuild Wholesale,West,82,Plumbing Fixture,Plumbing,431,ea,82.85,USD,15
Q-RFQ-1036-apex-1,RFQ-1036,apex,Apex Industrial Supply,South,90,Air Diffuser,HVAC,397,ea,693.34,USD,31
Q-RFQ-1036-apex-2,RFQ-1036,apex,Apex Industrial Supply,South,90,Plumbing Fixture,Plumbing,280,yd3,98.88,USD,19
Q-RFQ-1036-apex-3,RFQ-1036,apex,Apex Industrial Supply,South,90,Paint Supplies,Paint,196,ton,34.74,USD,16
Q-RFQ-1036-apex-4,RFQ-1036,apex,Apex Industrial Supply,South,90,Drywall Screws,Drywall,249,linear_ft,21.06,USD,39
Q-RFQ-1036-apex-5,RFQ-1036,apex,Apex Industrial Supply,South,90,Joint Compound,Drywall,150,linear_ft,19.48,USD,19
Q-RFQ-1036-apex-7,RFQ-1036,apex,Apex Industrial Supply,South,90,HVAC Air Handler,HVAC,209,ton,706.44,USD,15
Q-RFQ-1036-apex-8,RFQ-1036,apex,Apex Industrial Supply,South,90,Sheetrock,Drywall,240,ton,16.12,USD,15
Q-RFQ-1036-apex-9,RFQ-1036,apex,Apex Industrial Supply,South,90,Drywall Sheet,Drywall,236,linear_ft,18.49,USD,35
Q-RFQ-1036-apex-10,RFQ-1036,apex,Apex Industrial Supply,South,90,Ball Valve,Plumbing,431,ea,83.29,USD,9
Q-RFQ-1036-metro-2,RFQ-1036,metro,Metro Contractor Depot,National,86,Plumbing Fixture,Plumbing,280,yd3,100.08,USD,6
Q-RFQ-1036-metro-3,RFQ-1036,metro,Metro Contractor Depot,National,86,Exterior Coating,Paint,196,ton,34.51,USD,8
Q-RFQ-1036-metro-4,RFQ-1036,metro,Metro Contractor Depot,National,86,Drywall Sheet,Drywall,249,linear_ft,20.92,USD,27
Q-RFQ-1036-metro-5,RFQ-1036,metro,Metro Contractor Depot,National,86,Drywall Sheet,Drywall,150,linear_ft,16.82,USD,18
Q-RFQ-1036-metro-6,RFQ-1036,metro,Metro Contractor Depot,National,86,Air Diffuser,HVAC,112,yd3,691.32,USD,24
Q-RFQ-1036-metro-7,RFQ-1036,metro,Metro Contractor Depot,National,86,VAV Box,HVAC,209,ton,706.92,USD,8
Q-RFQ-1036-metro-8,RFQ-1036,metro,Metro Contractor Depot,National,86,Joint Compound,Drywall,240,ton,19.49,USD,18
Q-RFQ-1036-metro-9,RFQ-1036,metro,Metro Contractor Depot,National,86,Sheetrock,Drywall,236,linear_ft,19.15,USD,31
Q-RFQ-1036-metro-10,RFQ-1036,metro,Metro Contractor Depot,National,86,Plumbing Fixture,Plumbing,431,ea,96.64,USD,8
Q-RFQ-1037-buildtech-1,RFQ-1037,buildtech,BuildTech Supply,Midwest,94,HVAC Air Handler,HVAC,48,linear_ft,670.99,USD,30
Q-RFQ-1037-buildtech-2,RFQ-1037,buildtech,BuildTech Supply,Midwest,94,VAV Box,HVAC,468,ton,654.84,USD,29
Q-RFQ-1037-buildtech-3,RFQ-1037,buildtech,BuildTech Supply,Midwest,94,Ready Mix Concrete,Concrete,347,ea,125.06,USD,27
Q-RFQ-1037-buildtech-4,RFQ-1037,buildtech,BuildTech Supply,Midwest,94,Exterior Coating,Paint,354,sq_ft,29.88,USD,16
Q-RFQ-1037-buildtech-5,RFQ-1037,buildtech,BuildTech Supply,Midwest,94,Steel Plate,Steel,302,sq_ft,855.07,USD,36
Q-RFQ-1037-buildtech-6,RFQ-1037,buildtech,BuildTech Supply,Midwest,94,Concrete,Concrete,292,ton,148.62,USD,28
Q-RFQ-1037-buildtech-8,RFQ-1037,buildtech,BuildTech Supply,Midwest,94,Exterior Coating,Paint,117,yd3,32.48,USD,12
Q-RFQ-1037-buildtech-9,RFQ-1037,buildtech,BuildTech Supply,Midwest,94,Joint Compound,Drywall,150,sq_ft,16.83,USD,29
Q-RFQ-1037-buildtech-10,RFQ-1037,buildtech,BuildTech Supply,Midwest,94,Concrete Mix,Concrete,335,ea,123.29,USD,26
Q-RFQ-1037-constructpro-1,RFQ-1037,constructpro,ConstructPro Materials,Northeast,88,VAV Box,HVAC,48,linear_ft,655.35,USD,37
Q-RFQ-1037-constructpro-2,RFQ-1037,constructpro,ConstructPro Materials,Northeast,88,HVAC Compressor,HVAC,468,ton,815.12,USD,24
Q-RFQ-1037-constructpro-3,RFQ-1037,constructpro,ConstructPro Materials,Northeast,88,Ready Mix Concrete,Concrete,347,ea,154.88,USD,26
Q-RFQ-1037-constructpro-5,RFQ-1037,constructpro,ConstructPro Materials,Northeast,88,Structural Steel Beam,Steel,302,sq_ft,1092.01,USD,30
Q-RFQ-1037-constructpro-6,RFQ-1037,constructpro,ConstructPro Materials,Northeast,88,Ready Mix Concrete,Concrete,292,ton,156.46,USD,29
Q-RFQ-1037-constructpro-7,RFQ-1037,constructpro,ConstructPro Materials,Northeast,88,PVC Plumbing Pipe,Plumbing,484,yd3,93.55,USD,9
Q-RFQ-1037-constructpro-8,RFQ-1037,constructpro,ConstructPro Materials,Northeast,88,Latex Paint,Paint,117,yd3,35.12,USD,13
Q-RFQ-1037-constructpro-9,RFQ-1037,constructpro,ConstructPro Materials,Northeast,88,Drywall Screws,Drywall,150,sq_ft,16.79,USD,18
Q-RFQ-1037-constructpro-10,RFQ-1037,constructpro,ConstructPro Materials,Northeast,88,Portland Cement,Concrete,335,ea,154.13,USD,28
Q-RFQ-1037-urban-1,RFQ-1037,urban,UrbanBuild Wholesale,West,82,Air Diffuser,HVAC,48,linear_ft,564.2,USD,38
Q-RFQ-1037-urban-2,RFQ-1037,urban,UrbanBuild Wholesale,West,82,Ductwork,HVAC,468,ton,690.56,USD,24
Q-RFQ-1037-urban-3,RFQ-1037,urban,UrbanBuild Wholesale,West,82,Concrete,Concrete,347,ea,159.1,USD,28
Q-RFQ-1037-urban-4,RFQ-1037,urban,UrbanBuild Wholesale,West,82,Exterior Coating,Paint,354,sq_ft,34.81,USD,17
Q-RFQ-1037-urban-5,RFQ-1037,urban,UrbanBuild Wholesale,West,82,I Beam Steel,Steel,302,sq_ft,915.3,USD,30
Q-RFQ-1037-urban-6,RFQ-1037,urban,UrbanBuild Wholesale,West,82,Cement Blend,Concrete,292,ton,151.05,USD,27
Q-RFQ-1037-urban-7,RFQ-1037,urban,UrbanBuild Wholesale,West,82,Copper Pipe,Plumbing,484,yd3,79.66,USD,18
Q-RFQ-1037-urban-8,RFQ-1037,urban,UrbanBuild Wholesale,West,82,Exterior Coating,Paint,117,yd3,33.53,USD,24
Q-RFQ-1037-urban-9,RFQ-1037,urban,UrbanBuild Wholesale,West,82,Sheetrock,Drywall,150,sq_ft,18.05,USD,30
Q-RFQ-1037-urban-10,RFQ-1037,urban,UrbanBuild Wholesale,West,82,Concrete,Concrete,335,ea,133.57,USD,26
Q-RFQ-1037-apex-1,RFQ-1037,apex,Apex Industrial Supply,South,90,HVAC Compressor,HVAC,48,linear_ft,644.21,USD,30
Q-RFQ-1037-apex-2,RFQ-1037,apex,Apex Industrial Supply,South,90,HVAC Compressor,HVAC,468,ton,793.48,USD,24
Q-RFQ-1037-apex-3,RFQ-1037,apex,Apex Industrial Supply,South,90,Ready Mix Concrete,Concrete,347,ea,130.9,USD,28
Q-RFQ-1037-apex-4,RFQ-1037,apex,Apex Industrial Supply,South,90,Primer,Paint,354,sq_ft,39.05,USD,10
Q-RFQ-1037-apex-5,RFQ-1037,apex,Apex Industrial Supply,South,90,Steel Plate,Steel,302,sq_ft,996.25,USD,38
Q-RFQ-1037-apex-6,RFQ-1037,apex,Apex Industrial Supply,South,90,Ready Mix Concrete,Concrete,292,ton,128.47,USD,34
Q-RFQ-1037-apex-8,RFQ-1037,apex,Apex Industrial Supply,South,90,Interior Paint,Paint,117,yd3,36.55,USD,15
Q-RFQ-1037-apex-9,RFQ-1037,apex,Apex Industrial Supply,South,90,Drywall Screws,Drywall,150,sq_ft,17.65,USD,21
Q-RFQ-1037-apex-10,RFQ-1037,apex,Apex Industrial Supply,South,90,Ready Mix Concrete,Concrete,335,ea,163.64,USD,15
Q-RFQ-1037-metro-1,RFQ-1037,metro,Metro Contractor Depot,National,86,Air Diffuser,HVAC,48,linear_ft,835.84,USD,25
Q-RFQ-1037-metro-2,RFQ-1037,metro,Metro Contractor Depot,National,86,HVAC Compressor,HVAC,468,ton,624.45,USD,34
Q-RFQ-1037-metro-3,RFQ-1037,metro,Metro Contractor Depot,National,86,Ready Mix Concrete,Concrete,347,ea,149.78,USD,32
Q-RFQ-1037-metro-4,RFQ-1037,metro,Metro Contractor Depot,National,86,Primer,Paint,354,sq_ft,34.49,USD,7
Q-RFQ-1037-metro-5,RFQ-1037,metro,Metro Contractor Depot,National,86,Structural Steel Beam,Steel,302,sq_ft,1140.53,USD,30
Q-RFQ-1037-metro-6,RFQ-1037,metro,Metro Contractor Depot,National,86,Cement Blend,Concrete,292,ton,166.81,USD,29
Q-RFQ-1037-metro-8,RFQ-1037,metro,Metro Contractor Depot,National,86,Interior Paint,Paint,117,yd3,38.36,USD,23
Q-RFQ-1037-metro-9,RFQ-1037,metro,Metro Contractor Depot,National,86,Gypsum Board,Drywall,150,sq_ft,19.46,USD,24
Q-RFQ-1037-metro-10,RFQ-1037,metro,Metro Contractor Depot,National,86,Cement Blend,Concrete,335,ea,168.52,USD,23
Q-RFQ-1038-buildtech-2,RFQ-1038,buildtech,BuildTech Supply,Midwest,94,VAV Box,HVAC,463,ton,584.52,USD,42
Q-RFQ-1038-buildtech-4,RFQ-1038,buildtech,BuildTech Supply,Midwest,94,Paint Supplies,Paint,339,ea,38.69,USD,24
Q-RFQ-1038-buildtech-5,RFQ-1038,buildtech,BuildTech Supply,Midwest,94,Breaker Panel,Electrical,26,linear_ft,49.24,USD,26
Q-RFQ-1038-buildtech-6,RFQ-1038,buildtech,BuildTech Supply,Midwest,94,Interior Paint,Paint,462,ea,34.96,USD,22
Q-RFQ-1038-buildtech-7,RFQ-1038,buildtech,BuildTech Supply,Midwest,94,Sheetrock,Drywall,165,yd3,15.15,USD,36
Q-RFQ-1038-buildtech-8,RFQ-1038,buildtech,BuildTech Supply,Midwest,94,Conduit,Electrical,278,ea,47.72,USD,23
Q-RFQ-1038-buildtech-9,RFQ-1038,buildtech,BuildTech Supply,Midwest,94,Drywall Screws,Drywall,477,ton,19.61,USD,15
Q-RFQ-1038-buildtech-10,RFQ-1038,buildtech,BuildTech Supply,Midwest,94,VAV Box,HVAC,297,linear_ft,582.65,USD,21
Q-RFQ-1038-constructpro-1,RFQ-1038,constructpro,ConstructPro Materials,Northeast,88,Junction Box,Electrical,406,yd3,50.45,USD,15
Q-RFQ-1038-constructpro-2,RFQ-1038,constructpro,ConstructPro Materials,Northeast,88,HVAC Air Handler,HVAC,463,ton,820.76,USD,36
Q-RFQ-1038-constructpro-3,RFQ-1038,constructpro,ConstructPro Materials,Northeast,88,Electrical Wire,Electrical,123,yd3,64.09,USD,36
Q-RFQ-1038-constructpro-4,RFQ-1038,constructpro,ConstructPro Materials,Northeast,88,Paint Supplies,Paint,339,ea,40.42,USD,23
Q-RFQ-1038-constructpro-5,RFQ-1038,constructpro,ConstructPro Materials,Northeast,88,Electrical Wire,Electrical,26,linear_ft,60.07,USD,23
Q-RFQ-1038-constructpro-6,RFQ-1038,constructpro,ConstructPro Materials,Northeast,88,Exterior Coating,Paint,462,ea,36.38,USD,28
Q-RFQ-1038-constructpro-7,RFQ-1038,constructpro,ConstructPro Materials,Northeast,88,Joint Compound,Drywall,165,yd3,16.51,USD,26
Q-RFQ-1038-constructpro-8,RFQ-1038,constructpro,ConstructPro Materials,Northeast,88,LED Fixture,Electrical,278,ea,62.99,USD,18
Q-RFQ-1038-constructpro-9,RFQ-1038,constructpro,ConstructPro Materials,Northeast,88,Joint Compound,Drywall,477,ton,18.7,USD,17
Q-RFQ-1038-constructpro-10,RFQ-1038,constructpro,ConstructPro Materials,Northeast,88,HVAC Air Handler,HVAC,297,linear_ft,625.04,USD,19
Q-RFQ-1038-urban-1,RFQ-1038,urban,UrbanBuild Wholesale,West,82,Electrical Wire,Electrical,406,yd3,54.76,USD,7
Q-RFQ-1038-urban-3,RFQ-1038,urban,UrbanBuild Wholesale,West,82,Conduit,Electrical,123,yd3,54.85,USD,38
Q-RFQ-1038-urban-4,RFQ-1038,urban,UrbanBuild Wholesale,West,82,Exterior Coating,Paint,339,ea,34.37,USD,28
Q-RFQ-1038-urban-5,RFQ-1038,urban,UrbanBuild Wholesale,West,82,Junction Box,Electrical,26,linear_ft,57.05,USD,24
Q-RFQ-1038-urban-6,RFQ-1038,urban,UrbanBuild Wholesale,West,82,Interior Paint,Paint,462,ea,36.02,USD,17
Q-RFQ-1038-urban-7,RFQ-1038,urban,UrbanBuild Wholesale,West,82,Sheetrock,Drywall,165,yd3,17.09,USD,27
Q-RFQ-1038-urban-8,RFQ-1038,urban,UrbanBuild Wholesale,West,82,Conduit,Electrical,278,ea,53.98,USD,20
Q-RFQ-1038-urban-9,RFQ-1038,urban,UrbanBuild Wholesale,West,82,Sheetrock,Drywall,477,ton,18.01,USD,8
Q-RFQ-1038-urban-10,RFQ-1038,urban,UrbanBuild Wholesale,West,82,Ductwork,HVAC,297,linear_ft,662.57,USD,12
Q-RFQ-1038-apex-1,RFQ-1038,apex,Apex Industrial Supply,South,90,LED Fixture,Electrical,406,yd3,61.72,USD,19
Q-RFQ-1038-apex-2,RFQ-1038,apex,Apex Industrial Supply,South,90,Ductwork,HVAC,463,ton,659.61,USD,40
Q-RFQ-1038-apex-3,RFQ-1038,apex,Apex Industrial Supply,South,90,Breaker Panel,Electrical,123,yd3,61.12,USD,27
Q-RFQ-1038-apex-4,RFQ-1038,apex,Apex Industrial Supply,South,90,Paint Supplies,Paint,339,ea,36.8,USD,32
Q-RFQ-1038-apex-5,RFQ-1038,apex,Apex Industrial Supply,South,90,LED Fixture,Electrical,26,linear_ft,62.3,USD,27
Q-RFQ-1038-apex-6,RFQ-1038,apex,Apex Industrial Supply,South,90,Primer,Paint,462,ea,33.8,USD,16
Q-RFQ-1038-apex-7,RFQ-1038,apex,Apex Industrial Supply,South,90,Drywall Sheet,Drywall,165,yd3,20.03,USD,30
Q-RFQ-1038-apex-8,RFQ-1038,apex,Apex Industrial Supply,South,90,Conduit,Electrical,278,ea,47.37,USD,29
Q-RFQ-1038-apex-9,RFQ-1038,apex,Apex Industrial Supply,South,90,Gypsum Board,Drywall,477,ton,19.07,USD,10
Q-RFQ-1038-apex-10,RFQ-1038,apex,Apex Industrial Supply,South,90,HVAC Compressor,HVAC,297,linear_ft,792.08,USD,24
Q-RFQ-1038-metro-1,RFQ-1038,metro,Metro Contractor Depot,National,86,Conduit,Electrical,406,yd3,53.97,USD,19
Q-RFQ-1038-metro-2,RFQ-1038,metro,Metro Contractor Depot,National,86,HVAC Air Handler,HVAC,463,ton,703.57,USD,35
Q-RFQ-1038-metro-4,RFQ-1038,metro,Metro Contractor Depot,National,86,Primer,Paint,339,ea,34.35,USD,33
Q-RFQ-1038-metro-5,RFQ-1038,metro,Metro Contractor Depot,National,86,Electrical Wire,Electrical,26,linear_ft,64.42,USD,22
Q-RFQ-1038-metro-6,RFQ-1038,metro,Metro Contractor Depot,National,86,Primer,Paint,462,ea,34.27,USD,29
Q-RFQ-1038-metro-7,RFQ-1038,metro,Metro Contractor Depot,National,86,Drywall Screws,Drywall,165,yd3,17.47,USD,26
Q-RFQ-1038-metro-8,RFQ-1038,metro,Metro Contractor Depot,National,86,Breaker Panel,Electrical,278,ea,50.54,USD,32
Q-RFQ-1038-metro-9,RFQ-1038,metro,Metro Contractor Depot,National,86,Gypsum Board,Drywall,477,ton,21.49,USD,9
Q-RFQ-1038-metro-10,RFQ-1038,metro,Metro Contractor Depot,National,86,HVAC Compressor,HVAC,297,linear_ft,824.02,USD,26
Q-RFQ-1039-buildtech-1,RFQ-1039,buildtech,BuildTech Supply,Midwest,94,Pipe Fittings,Plumbing,214,ea,91.61,USD,24
Q-RFQ-1039-buildtech-2,RFQ-1039,buildtech,BuildTech Supply,Midwest,94,I Beam Steel,Steel,434,sq_ft,878.3,USD,35
Q-RFQ-1039-buildtech-3,RFQ-1039,buildtech,BuildTech Supply,Midwest,94,Ball Valve,Plumbing,85,ton,83.16,USD,41
Q-RFQ-1039-buildtech-4,RFQ-1039,buildtech,BuildTech Supply,Midwest,94,Steel Plate,Steel,123,sq_ft,965.79,USD,21
Q-RFQ-1039-buildtech-5,RFQ-1039,buildtech,BuildTech Supply,Midwest,94,Latex Paint,Paint,187,sq_ft,32.59,USD,25
Q-RFQ-1039-buildtech-7,RFQ-1039,buildtech,BuildTech Supply,Midwest,94,Conduit,Electrical,121,sq_ft,49.35,USD,17
Q-RFQ-1039-buildtech-8,RFQ-1039,buildtech,BuildTech Supply,Midwest,94,Joint Compound,Drywall,192,ton,17.39,USD,12
Q-RFQ-1039-buildtech-9,RFQ-1039,buildtech,BuildTech Supply,Midwest,94,Exterior Coating,Paint,471,ton,37.25,USD,37
Q-RFQ-1039-buildtech-10,RFQ-1039,buildtech,BuildTech Supply,Midwest,94,Breaker Panel,Electrical,478,linear_ft,58.71,USD,15
Q-RFQ-1039-constructpro-1,RFQ-1039,constructpro,ConstructPro Materials,Northeast,88,Copper Pipe,Plumbing,214,ea,81.74,USD,30
Q-RFQ-1039-constructpro-2,RFQ-1039,constructpro,ConstructPro Materials,Northeast,88,Steel Plate,Steel,434,sq_ft,916.94,USD,37
Q-RFQ-1039-constructpro-3,RFQ-1039,constructpro,ConstructPro Materials,Northeast,88,Plumbing Fixture,Plumbing,85,ton,85.59,USD,35
Q-RFQ-1039-constructpro-4,RFQ-1039,constructpro,ConstructPro Materials,Northeast,88,Steel Plate,Steel,123,sq_ft,822.43,USD,17
Q-RFQ-1039-constructpro-5,RFQ-1039,constructpro,ConstructPro Materials,Northeast,88,Interior Paint,Paint,187,sq_ft,30.97,USD,19
Q-RFQ-1039-constructpro-6,RFQ-1039,constructpro,ConstructPro Materials,Northeast,88,Interior Paint,Paint,496,yd3,35.86,USD,38
Q-RFQ-1039-constructpro-7,RFQ-1039,constructpro,ConstructPro Materials,Northeast,88,Electrical Wire,Electrical,121,sq_ft,52.85,USD,12
Q-RFQ-1039-constructpro-8,RFQ-1039,constructpro,ConstructPro Materials,Northeast,88,Sheetrock,Drywall,192,ton,19.18,USD,6
Q-RFQ-1039-constructpro-9,RFQ-1039,constructpro,ConstructPro Materials,Northeast,88,Exterior Coating,Paint,471,ton,32.92,USD,32
Q-RFQ-1039-constructpro-10,RFQ-1039,constructpro,ConstructPro Materials,Northeast,88,LED Fixture,Electrical,478,linear_ft,66.81,USD,22
Q-RFQ-1039-urban-1,RFQ-1039,urban,UrbanBuild Wholesale,West,82,Ball Valve,Plumbing,214,ea,89.34,USD,36
Q-RFQ-1039-urban-2,RFQ-1039,urban,UrbanBuild Wholesale,West,82,Steel Plate,Steel,434,sq_ft,1030.44,USD,43
Q-RFQ-1039-urban-3,RFQ-1039,urban,UrbanBuild Wholesale,West,82,Plumbing Fixture,Plumbing,85,ton,86.38,USD,40
Q-RFQ-1039-urban-4,RFQ-1039,urban,UrbanBuild Wholesale,West,82,Steel Rebar,Steel,123,sq_ft,964.52,USD,27
Q-RFQ-1039-urban-5,RFQ-1039,urban,UrbanBuild Wholesale,West,82,Primer,Paint,187,sq_ft,30.12,USD,22
Q-RFQ-1039-urban-6,RFQ-1039,urban,UrbanBuild Wholesale,West,82,Latex Paint,Paint,496,yd3,33.85,USD,38
Q-RFQ-1039-urban-7,RFQ-1039,urban,UrbanBuild Wholesale,West,82,Breaker Panel,Electrical,121,sq_ft,58.55,USD,23
Q-RFQ-1039-urban-8,RFQ-1039,urban,UrbanBuild Wholesale,West,82,Joint Compound,Drywall,192,ton,19.33,USD,15
Q-RFQ-1039-urban-9,RFQ-1039,urban,UrbanBuild Wholesale,West,82,Paint Supplies,Paint,471,ton,32.1,USD,36
Q-RFQ-1039-urban-10,RFQ-1039,urban,UrbanBuild Wholesale,West,82,Conduit,Electrical,478,linear_ft,45.44,USD,17
Q-RFQ-1039-apex-1,RFQ-1039,apex,Apex Industrial Supply,South,90,Copper Pipe,Plumbing,214,ea,81.41,USD,30
Q-RFQ-1039-apex-2,RFQ-1039,apex,Apex Industrial Supply,South,90,Rebar Grade 60,Steel,434,sq_ft,1036.82,USD,33
Q-RFQ-1039-apex-3,RFQ-1039,apex,Apex Industrial Supply,South,90,Plumbing Fixture,Plumbing,85,ton,91.75,USD,42
Q-RFQ-1039-apex-4,RFQ-1039,apex,Apex Industrial Supply,South,90,Rebar Grade 60,Steel,123,sq_ft,949.47,USD,23
Q-RFQ-1039-apex-6,RFQ-1039,apex,Apex Industrial Supply,South,90,Primer,Paint,496,yd3,39.27,USD,31
Q-RFQ-1039-apex-7,RFQ-1039,apex,Apex Industrial Supply,South,90,LED Fixture,Electrical,121,sq_ft,61.36,USD,20
Q-RFQ-1039-apex-8,RFQ-1039,apex,Apex Industrial Supply,South,90,Gypsum Board,Drywall,192,ton,21.13,USD,9
Q-RFQ-1039-apex-9,RFQ-1039,apex,Apex Industrial Supply,South,90,Paint Supplies,Paint,471,ton,33.44,USD,30
Q-RFQ-1039-apex-10,RFQ-1039,apex,Apex Industrial Supply,South,90,Breaker Panel,Electrical,478,linear_ft,64.23,USD,9
Q-RFQ-1039-metro-1,RFQ-1039,metro,Metro Contractor Depot,National,86,PVC Plumbing Pipe,Plumbing,214,ea,96.94,USD,23
Q-RFQ-1039-metro-2,RFQ-1039,metro,Metro Contractor Depot,National,86,Structural Steel Beam,Steel,434,sq_ft,1026.96,USD,32
Q-RFQ-1039-metro-3,RFQ-1039,metro,Metro Contractor Depot,National,86,Plumbing Fixture,Plumbing,85,ton,103.76,USD,34
Q-RFQ-1039-metro-4,RFQ-1039,metro,Metro Contractor Depot,National,86,I Beam Steel,Steel,123,sq_ft,929.52,USD,15
Q-RFQ-1039-metro-5,RFQ-1039,metro,Metro Contractor Depot,National,86,Interior Paint,Paint,187,sq_ft,35.25,USD,17
Q-RFQ-1039-metro-6,RFQ-1039,metro,Metro Contractor Depot,National,86,Paint Supplies,Paint,496,yd3,41.49,USD,28
Q-RFQ-1039-metro-7,RFQ-1039,metro,Metro Contractor Depot,National,86,Junction Box,Electrical,121,sq_ft,52.55,USD,18
Q-RFQ-1039-metro-8,RFQ-1039,metro,Metro Contractor Depot,National,86,Gypsum Board,Drywall,192,ton,18.78,USD,5
Q-RFQ-1039-metro-9,RFQ-1039,metro,Metro Contractor Depot,National,86,Paint Supplies,Paint,471,ton,34.57,USD,31
Q-RFQ-1039-metro-10,RFQ-1039,metro,Metro Contractor Depot,National,86,LED Fixture,Electrical,478,linear_ft,67.66,USD,11
Q-RFQ-1040-buildtech-1,RFQ-1040,buildtech,BuildTech Supply,Midwest,94,Interior Paint,Paint,166,ton,34.04,USD,13
Q-RFQ-1040-buildtech-2,RFQ-1040,buildtech,BuildTech Supply,Midwest,94,Steel Plate,Steel,57,linear_ft,1025.11,USD,27
Q-RFQ-1040-buildtech-3,RFQ-1040,buildtech,BuildTech Supply,Midwest,94,Sheetrock,Drywall,294,ea,18.1,USD,21
Q-RFQ-1040-buildtech-4,RFQ-1040,buildtech,BuildTech Supply,Midwest,94,Ball Valve,Plumbing,261,sq_ft,84.21,USD,9
Q-RFQ-1040-buildtech-5,RFQ-1040,buildtech,BuildTech Supply,Midwest,94,Latex Paint,Paint,172,linear_ft,31.03,USD,13
Q-RFQ-1040-buildtech-6,RFQ-1040,buildtech,BuildTech Supply,Midwest,94,Paint Supplies,Paint,225,sq_ft,29.14,USD,34
Q-RFQ-1040-buildtech-7,RFQ-1040,buildtech,BuildTech Supply,Midwest,94,Gypsum Board,Drywall,237,ton,17.25,USD,13
Q-RFQ-1040-buildtech-9,RFQ-1040,buildtech,BuildTech Supply,Midwest,94,Steel Rebar,Steel,73,linear_ft,969.96,USD,29
Q-RFQ-1040-buildtech-10,RFQ-1040,buildtech,BuildTech Supply,Midwest,94,Portland Cement,Concrete,478,ton,141.85,USD,11
Q-RFQ-1040-constructpro-1,RFQ-1040,constructpro,ConstructPro Materials,Northeast,88,Paint Supplies,Paint,166,ton,37.48,USD,4
Q-RFQ-1040-constructpro-2,RFQ-1040,constructpro,ConstructPro Materials,Northeast,88,Steel Rebar,Steel,57,linear_ft,899.58,USD,23
Q-RFQ-1040-constructpro-3,RFQ-1040,constructpro,ConstructPro Materials,Northeast,88,Gypsum Board,Drywall,294,ea,19.55,USD,24
Q-RFQ-1040-constructpro-4,RFQ-1040,constructpro,ConstructPro Materials,Northeast,88,PVC Plumbing Pipe,Plumbing,261,sq_ft,96.07,USD,4
Q-RFQ-1040-constructpro-5,RFQ-1040,constructpro,ConstructPro Materials,Northeast,88,Exterior Coating,Paint,172,linear_ft,30.24,USD,15
Q-RFQ-1040-constructpro-6,RFQ-1040,constructpro,ConstructPro Materials,Northeast,88,Interior Paint,Paint,225,sq_ft,32.11,USD,42
Q-RFQ-1040-constructpro-7,RFQ-1040,constructpro,ConstructPro Materials,Northeast,88,Drywall Sheet,Drywall,237,ton,17.23,USD,20
Q-RFQ-1040-constructpro-8,RFQ-1040,constructpro,ConstructPro Materials,Northeast,88,Electrical Wire,Electrical,259,linear_ft,58.2,USD,29
Q-RFQ-1040-constructpro-9,RFQ-1040,constructpro,ConstructPro Materials,Northeast,88,I Beam Steel,Steel,73,linear_ft,949.57,USD,24
Q-RFQ-1040-constructpro-10,RFQ-1040,constructpro,ConstructPro Materials,Northeast,88,Concrete Mix,Concrete,478,ton,146.48,USD,24
Q-RFQ-1040-urban-1,RFQ-1040,urban,UrbanBuild Wholesale,West,82,Primer,Paint,166,ton,37.17,USD,3
Q-RFQ-1040-urban-5,RFQ-1040,urban,UrbanBuild Wholesale,West,82,Interior Paint,Paint,172,linear_ft,34.81,USD,16
Q-RFQ-1040-urban-6,RFQ-1040,urban,UrbanBuild Wholesale,West,82,Primer,Paint,225,sq_ft,28.78,USD,39
Q-RFQ-1040-urban-7,RFQ-1040,urban,UrbanBuild Wholesale,West,82,Drywall Sheet,Drywall,237,ton,16.98,USD,20
Q-RFQ-1040-urban-8,RFQ-1040,urban,UrbanBuild Wholesale,West,82,Conduit,Electrical,259,linear_ft,54.33,USD,32
Q-RFQ-1040-urban-9,RFQ-1040,urban,UrbanBuild Wholesale,West,82,Steel Plate,Steel,73,linear_ft,903.14,USD,25
Q-RFQ-1040-urban-10,RFQ-1040,urban,UrbanBuild Wholesale,West,82,Concrete,Concrete,478,ton,123.13,USD,12
Q-RFQ-1040-apex-2,RFQ-1040,apex,Apex Industrial Supply,South,90,Steel Rebar,Steel,57,linear_ft,794.73,USD,28
Q-RFQ-1040-apex-3,RFQ-1040,apex,Apex Industrial Supply,South,90,Sheetrock,Drywall,294,ea,19.27,USD,30
Q-RFQ-1040-apex-4,RFQ-1040,apex,Apex Industrial Supply,South,90,PVC Plumbing Pipe,Plumbing,261,sq_ft,74.3,USD,9
Q-RFQ-1040-apex-5,RFQ-1040,apex,Apex Industrial Supply,South,90,Interior Paint,Paint,172,linear_ft,35.76,USD,24
Q-RFQ-1040-apex-6,RFQ-1040,apex,Apex Industrial Supply,South,90,Latex Paint,Paint,225,sq_ft,40.02,USD,30
Q-RFQ-1040-apex-7,RFQ-1040,apex,Apex Industrial Supply,South,90,Sheetrock,Drywall,237,ton,16.03,USD,17
Q-RFQ-1040-apex-8,RFQ-1040,apex,Apex Industrial Supply,South,90,Conduit,Electrical,259,linear_ft,59.23,USD,28
Q-RFQ-1040-apex-9,RFQ-1040,apex,Apex Industrial Supply,South,90,Rebar Grade 60,Steel,73,linear_ft,1015.45,USD,37
Q-RFQ-1040-apex-10,RFQ-1040,apex,Apex Industrial Supply,South,90,Ready Mix Concrete,Concrete,478,ton,127.83,USD,19
Q-RFQ-1040-metro-1,RFQ-1040,metro,Metro Contractor Depot,National,86,Latex Paint,Paint,166,ton,36.17,USD,12
Q-RFQ-1040-metro-2,RFQ-1040,metro,Metro Contractor Depot,National,86,Structural Steel Beam,Steel,57,linear_ft,995.77,USD,24
Q-RFQ-1040-metro-4,RFQ-1040,metro,Metro Contractor Depot,National,86,PVC Plumbing Pipe,Plumbing,261,sq_ft,81.06,USD,14
Q-RFQ-1040-metro-5,RFQ-1040,metro,Metro Contractor Depot,National,86,Interior Paint,Paint,172,linear_ft,33.8,USD,13
Q-RFQ-1040-metro-6,RFQ-1040,metro,Metro Contractor Depot,National,86,Primer,Paint,225,sq_ft,36.75,USD,30
Q-RFQ-1040-metro-7,RFQ-1040,metro,Metro Contractor Depot,National,86,Gypsum Board,Drywall,237,ton,20.33,USD,21
Q-RFQ-1040-metro-8,RFQ-1040,metro,Metro Contractor Depot,National,86,Junction Box,Electrical,259,linear_ft,68.58,USD,34
Q-RFQ-1040-metro-9,RFQ-1040,metro,Metro Contractor Depot,National,86,Rebar Grade 60,Steel,73,linear_ft,880.57,USD,34
Q-RFQ-1040-metro-10,RFQ-1040,metro,Metro Contractor Depot,National,86,Portland Cement,Concrete,478,ton,134.13,USD,20
Q-RFQ-1041-buildtech-1,RFQ-1041,buildtech,BuildTech Supply,Midwest,94,Concrete,Concrete,458,ea,149.57,USD,25
Q-RFQ-1041-buildtech-2,RFQ-1041,buildtech,BuildTech Supply,Midwest,94,Rebar Grade 60,Steel,301,yd3,790.31,USD,29
Q-RFQ-1041-buildtech-3,RFQ-1041,buildtech,BuildTech Supply,Midwest,94,Steel Plate,Steel,336,linear_ft,901.88,USD,26
Q-RFQ-1041-buildtech-4,RFQ-1041,buildtech,BuildTech Supply,Midwest,94,Ductwork,HVAC,251,yd3,658.74,USD,17
Q-RFQ-1041-buildtech-5,RFQ-1041,buildtech,BuildTech Supply,Midwest,94,Joint Compound,Drywall,60,ton,17.71,USD,9
Q-RFQ-1041-buildtech-6,RFQ-1041,buildtech,BuildTech Supply,Midwest,94,Exterior Coating,Paint,129,ton,36.37,USD,13
Q-RFQ-1041-buildtech-7,RFQ-1041,buildtech,BuildTech Supply,Midwest,94,Steel Rebar,Steel,306,ton,925.34,USD,13
Q-RFQ-1041-buildtech-8,RFQ-1041,buildtech,BuildTech Supply,Midwest,94,Breaker Panel,Electrical,243,linear_ft,51.1,USD,17
Q-RFQ-1041-buildtech-9,RFQ-1041,buildtech,BuildTech Supply,Midwest,94,Rebar Grade 60,Steel,150,linear_ft,904.78,USD,9
Q-RFQ-1041-buildtech-10,RFQ-1041,buildtech,BuildTech Supply,Midwest,94,Conduit,Electrical,180,ea,49.22,USD,20
Q-RFQ-1041-constructpro-2,RFQ-1041,constructpro,ConstructPro Materials,Northeast,88,Steel Plate,Steel,301,yd3,1034.88,USD,29
Q-RFQ-1041-constructpro-3,RFQ-1041,constructpro,ConstructPro Materials,Northeast,88,Rebar Grade 60,Steel,336,linear_ft,1100.06,USD,24
Q-RFQ-1041-constructpro-4,RFQ-1041,constructpro,ConstructPro Materials,Northeast,88,VAV Box,HVAC,251,yd3,746.02,USD,5
Q-RFQ-1041-constructpro-5,RFQ-1041,constructpro,ConstructPro Materials,Northeast,88,Drywall Sheet,Drywall,60,ton,16.17,USD,9
Q-RFQ-1041-constructpro-6,RFQ-1041,constructpro,ConstructPro Materials,Northeast,88,Paint Supplies,Paint,129,ton,31.94,USD,8
Q-RFQ-1041-constructpro-7,RFQ-1041,constructpro,ConstructPro Materials,Northeast,88,Rebar Grade 60,Steel,306,ton,1042.84,USD,17
Q-RFQ-1041-constructpro-8,RFQ-1041,constructpro,ConstructPro Materials,Northeast,88,Breaker Panel,Electrical,243,linear_ft,60.23,USD,22
Q-RFQ-1041-constructpro-9,RFQ-1041,constructpro,ConstructPro Materials,Northeast,88,Steel Plate,Steel,150,linear_ft,931.78,USD,18
Q-RFQ-1041-constructpro-10,RFQ-1041,constructpro,ConstructPro Materials,Northeast,88,Breaker Panel,Electrical,180,ea,57.38,USD,30
Q-RFQ-1041-urban-1,RFQ-1041,urban,UrbanBuild Wholesale,West,82,Concrete Mix,Concrete,458,ea,119.71,USD,16
Q-RFQ-1041-urban-2,RFQ-1041,urban,UrbanBuild Wholesale,West,82,Steel Rebar,Steel,301,yd3,1015.73,USD,27
Q-RFQ-1041-urban-3,RFQ-1041,urban,UrbanBuild Wholesale,West,82,Steel Rebar,Steel,336,linear_ft,913.39,USD,18
Q-RFQ-1041-urban-4,RFQ-1041,urban,UrbanBuild Wholesale,West,82,Air Diffuser,HVAC,251,yd3,574.64,USD,10
Q-RFQ-1041-urban-5,RFQ-1041,urban,UrbanBuild Wholesale,West,82,Drywall Sheet,Drywall,60,ton,20.04,USD,11
Q-RFQ-1041-urban-6,RFQ-1041,urban,UrbanBuild Wholesale,West,82,Primer,Paint,129,ton,36.83,USD,17
Q-RFQ-1041-urban-7,RFQ-1041,urban,UrbanBuild Wholesale,West,82,I Beam Steel,Steel,306,ton,945.13,USD,17
Q-RFQ-1041-urban-8,RFQ-1041,urban,UrbanBuild Wholesale,West,82,Breaker Panel,Electrical,243,linear_ft,51.34,USD,22
Q-RFQ-1041-urban-9,RFQ-1041,urban,UrbanBuild Wholesale,West,82,Structural Steel Beam,Steel,150,linear_ft,996.75,USD,8
Q-RFQ-1041-urban-10,RFQ-1041,urban,UrbanBuild Wholesale,West,82,Breaker Panel,Electrical,180,ea,57.92,USD,33
Q-RFQ-1041-apex-1,RFQ-1041,apex,Apex Industrial Supply,South,90,Portland Cement,Concrete,458,ea,159.44,USD,23
Q-RFQ-1041-apex-2,RFQ-1041,apex,Apex Industrial Supply,South,90,Steel Plate,Steel,301,yd3,1081.78,USD,23
Q-RFQ-1041-apex-3,RFQ-1041,apex,Apex Industrial Supply,South,90,Steel Plate,Steel,336,linear_ft,1018.99,USD,26
Q-RFQ-1041-apex-4,RFQ-1041,apex,Apex Industrial Supply,South,90,Air Diffuser,HVAC,251,yd3,647.54,USD,6
Q-RFQ-1041-apex-5,RFQ-1041,apex,Apex Industrial Supply,South,90,Gypsum Board,Drywall,60,ton,16.55,USD,6
Q-RFQ-1041-apex-6,RFQ-1041,apex,Apex Industrial Supply,South,90,Interior Paint,Paint,129,ton,34.71,USD,11
Q-RFQ-1041-apex-7,RFQ-1041,apex,Apex Industrial Supply,South,90,Steel Rebar,Steel,306,ton,853.78,USD,9
Q-RFQ-1041-apex-8,RFQ-1041,apex,Apex Industrial Supply,South,90,Conduit,Electrical,243,linear_ft,61.54,USD,15
Q-RFQ-1041-apex-9,RFQ-1041,apex,Apex Industrial Supply,South,90,Steel Plate,Steel,150,linear_ft,1047.8,USD,17
Q-RFQ-1041-apex-10,RFQ-1041,apex,Apex Industrial Supply,South,90,Conduit,Electrical,180,ea,49.22,USD,21
Q-RFQ-1041-metro-1,RFQ-1041,metro,Metro Contractor Depot,National,86,Concrete,Concrete,458,ea,150.76,USD,13
Q-RFQ-1041-metro-2,RFQ-1041,metro,Metro Contractor Depot,National,86,Steel Plate,Steel,301,yd3,1021.43,USD,30
Q-RFQ-1041-metro-3,RFQ-1041,metro,Metro Contractor Depot,National,86,Structural Steel Beam,Steel,336,linear_ft,870.13,USD,22
Q-RFQ-1041-metro-4,RFQ-1041,metro,Metro Contractor Depot,National,86,VAV Box,HVAC,251,yd3,621.55,USD,16
Q-RFQ-1041-metro-5,RFQ-1041,metro,Metro Contractor Depot,National,86,Drywall Screws,Drywall,60,ton,17.0,USD,15
Q-RFQ-1041-metro-7,RFQ-1041,metro,Metro Contractor Depot,National,86,Rebar Grade 60,Steel,306,ton,1146.65,USD,23
Q-RFQ-1041-metro-8,RFQ-1041,metro,Metro Contractor Depot,National,86,LED Fixture,Electrical,243,linear_ft,64.26,USD,17
Q-RFQ-1041-metro-9,RFQ-1041,metro,Metro Contractor Depot,National,86,Rebar Grade 60,Steel,150,linear_ft,1051.46,USD,12
Q-RFQ-1041-metro-10,RFQ-1041,metro,Metro Contractor Depot,National,86,Junction Box,Electrical,180,ea,67.69,USD,26
Q-RFQ-1042-buildtech-1,RFQ-1042,buildtech,BuildTech Supply,Midwest,94,Air Diffuser,HVAC,437,yd3,758.32,USD,6
Q-RFQ-1042-buildtech-2,RFQ-1042,buildtech,BuildTech Supply,Midwest,94,Pipe Fittings,Plumbing,396,ton,89.69,USD,16
Q-RFQ-1042-buildtech-3,RFQ-1042,buildtech,BuildTech Supply,Midwest,94,LED Fixture,Electrical,469,sq_ft,60.51,USD,10
Q-RFQ-1042-buildtech-4,RFQ-1042,buildtech,BuildTech Supply,Midwest,94,Exterior Coating,Paint,213,linear_ft,36.77,USD,34
Q-RFQ-1042-buildtech-5,RFQ-1042,buildtech,BuildTech Supply,Midwest,94,Paint Supplies,Paint,288,linear_ft,34.15,USD,25
Q-RFQ-1042-buildtech-6,RFQ-1042,buildtech,BuildTech Supply,Midwest,94,Steel Plate,Steel,351,ea,1040.2,USD,12
Q-RFQ-1042-buildtech-7,RFQ-1042,buildtech,BuildTech Supply,Midwest,94,Primer,Paint,472,yd3,30.93,USD,39
Q-RFQ-1042-buildtech-8,RFQ-1042,buildtech,BuildTech Supply,Midwest,94,Interior Paint,Paint,372,linear_ft,35.75,USD,15
Q-RFQ-1042-buildtech-9,RFQ-1042,buildtech,BuildTech Supply,Midwest,94,Breaker Panel,Electrical,229,sq_ft,46.38,USD,41
Q-RFQ-1042-buildtech-10,RFQ-1042,buildtech,BuildTech Supply,Midwest,94,Concrete,Concrete,244,linear_ft,133.58,USD,33
Q-RFQ-1042-constructpro-1,RFQ-1042,constructpro,ConstructPro Materials,Northeast,88,HVAC Air Handler,HVAC,437,yd3,803.5,USD,12
Q-RFQ-1042-constructpro-2,RFQ-1042,constructpro,ConstructPro Materials,Northeast,88,Plumbing Fixture,Plumbing,396,ton,90.27,USD,3
Q-RFQ-1042-constructpro-3,RFQ-1042,constructpro,ConstructPro Materials,Northeast,88,Conduit,Electrical,469,sq_ft,54.75,USD,24
Q-RFQ-1042-constructpro-4,RFQ-1042,constructpro,ConstructPro Materials,Northeast,88,Interior Paint,Paint,213,linear_ft,40.47,USD,31
Q-RFQ-1042-constructpro-5,RFQ-1042,constructpro,ConstructPro Materials,Northeast,88,Paint Supplies,Paint,288,linear_ft,40.32,USD,33
Q-RFQ-1042-constructpro-6,RFQ-1042,constructpro,ConstructPro Materials,Northeast,88,Steel Plate,Steel,351,ea,985.32,USD,14
Q-RFQ-1042-constructpro-7,RFQ-1042,constructpro,ConstructPro Materials,Northeast,88,Exterior Coating,Paint,472,yd3,33.02,USD,28
Q-RFQ-1042-constructpro-8,RFQ-1042,constructpro,ConstructPro Materials,Northeast,88,Latex Paint,Paint,372,linear_ft,33.93,USD,23
Q-RFQ-1042-constructpro-9,RFQ-1042,constructpro,ConstructPro Materials,Northeast,88,LED Fixture,Electrical,229,sq_ft,65.8,USD,32
Q-RFQ-1042-constructpro-10,RFQ-1042,constructpro,ConstructPro Materials,Northeast,88,Portland Cement,Concrete,244,linear_ft,143.42,USD,32
Q-RFQ-1042-urban-1,RFQ-1042,urban,UrbanBuild Wholesale,West,82,VAV Box,HVAC,437,yd3,619.81,USD,10
Q-RFQ-1042-urban-2,RFQ-1042,urban,UrbanBuild Wholesale,West,82,Plumbing Fixture,Plumbing,396,ton,79.47,USD,7
Q-RFQ-1042-urban-3,RFQ-1042,urban,UrbanBuild Wholesale,West,82,Conduit,Electrical,469,sq_ft,58.27,USD,18
Q-RFQ-1042-urban-4,RFQ-1042,urban,UrbanBuild Wholesale,West,82,Interior Paint,Paint,213,linear_ft,33.88,USD,27
Q-RFQ-1042-urban-6,RFQ-1042,urban,UrbanBuild Wholesale,West,82,Rebar Grade 60,Steel,351,ea,840.0,USD,15
Q-RFQ-1042-urban-7,RFQ-1042,urban,UrbanBuild Wholesale,West,82,Primer,Paint,472,yd3,34.81,USD,36
Q-RFQ-1042-urban-8,RFQ-1042,urban,UrbanBuild Wholesale,West,82,Interior Paint,Paint,372,linear_ft,35.5,USD,18
Q-RFQ-1042-urban-9,RFQ-1042,urban,UrbanBuild Wholesale,West,82,Electrical Wire,Electrical,229,sq_ft,53.33,USD,31
Q-RFQ-1042-urban-10,RFQ-1042,urban,UrbanBuild Wholesale,West,82,Portland Cement,Concrete,244,linear_ft,149.61,USD,33
Q-RFQ-1042-apex-1,RFQ-1042,apex,Apex Industrial Supply,South,90,Air Diffuser,HVAC,437,yd3,692.52,USD,3
Q-RFQ-1042-apex-2,RFQ-1042,apex,Apex Industrial Supply,South,90,PVC Plumbing Pipe,Plumbing,396,ton,82.16,USD,15
Q-RFQ-1042-apex-3,RFQ-1042,apex,Apex Industrial Supply,South,90,Electrical Wire,Electrical,469,sq_ft,61.56,USD,24
Q-RFQ-1042-apex-4,RFQ-1042,apex,Apex Industrial Supply,South,90,Paint Supplies,Paint,213,linear_ft,31.19,USD,32
Q-RFQ-1042-apex-5,RFQ-1042,apex,Apex Industrial Supply,South,90,Primer,Paint,288,linear_ft,39.95,USD,23
Q-RFQ-1042-apex-6,RFQ-1042,apex,Apex Industrial Supply,South,90,Steel Plate,Steel,351,ea,890.53,USD,7
Q-RFQ-1042-apex-7,RFQ-1042,apex,Apex Industrial Supply,South,90,Latex Paint,Paint,472,yd3,33.49,USD,38
Q-RFQ-1042-apex-8,RFQ-1042,apex,Apex Industrial Supply,South,90,Primer,Paint,372,linear_ft,36.82,USD,20
Q-RFQ-1042-apex-9,RFQ-1042,apex,Apex Industrial Supply,South,90,Conduit,Electrical,229,sq_ft,54.23,USD,32
Q-RFQ-1042-apex-10,RFQ-1042,apex,Apex Industrial Supply,South,90,Ready Mix Concrete,Concrete,244,linear_ft,151.63,USD,36
Q-RFQ-1042-metro-1,RFQ-1042,metro,Metro Contractor Depot,National,86,Ductwork,HVAC,437,yd3,690.02,USD,11
Q-RFQ-1042-metro-2,RFQ-1042,metro,Metro Contractor Depot,National,86,Ball Valve,Plumbing,396,ton,97.55,USD,16
Q-RFQ-1042-metro-3,RFQ-1042,metro,Metro Contractor Depot,National,86,Conduit,Electrical,469,sq_ft,54.21,USD,21
Q-RFQ-1042-metro-4,RFQ-1042,metro,Metro Contractor Depot,National,86,Latex Paint,Paint,213,linear_ft,35.17,USD,22
Q-RFQ-1042-metro-5,RFQ-1042,metro,Metro Contractor Depot,National,86,Primer,Paint,288,linear_ft,42.39,USD,29
Q-RFQ-1042-metro-6,RFQ-1042,metro,Metro Contractor Depot,National,86,Steel Rebar,Steel,351,ea,971.96,USD,16
Q-RFQ-1042-metro-7,RFQ-1042,metro,Metro Contractor Depot,National,86,Paint Supplies,Paint,472,yd3,35.1,USD,29
Q-RFQ-1042-metro-8,RFQ-1042,metro,Metro Contractor Depot,National,86,Latex Paint,Paint,372,linear_ft,32.35,USD,19
Q-RFQ-1042-metro-9,RFQ-1042,metro,Metro Contractor Depot,National,86,Conduit,Electrical,229,sq_ft,58.23,USD,37
Q-RFQ-1042-metro-10,RFQ-1042,metro,Metro Contractor Depot,National,86,Ready Mix Concrete,Concrete,244,linear_ft,144.23,USD,26
Q-RFQ-1043-buildtech-1,RFQ-1043,buildtech,BuildTech Supply,Midwest,94,VAV Box,HVAC,113,linear_ft,650.38,USD,38
Q-RFQ-1043-buildtech-2,RFQ-1043,buildtech,BuildTech Supply,Midwest,94,Latex Paint,Paint,423,linear_ft,33.52,USD,42
Q-RFQ-1043-buildtech-3,RFQ-1043,buildtech,BuildTech Supply,Midwest,94,Drywall Sheet,Drywall,165,linear_ft,19.0,USD,25
Q-RFQ-1043-buildtech-4,RFQ-1043,buildtech,BuildTech Supply,Midwest,94,Ready Mix Concrete,Concrete,84,yd3,164.42,USD,7
Q-RFQ-1043-buildtech-5,RFQ-1043,buildtech,BuildTech Supply,Midwest,94,Copper Pipe,Plumbing,140,yd3,89.25,USD,28
Q-RFQ-1043-buildtech-6,RFQ-1043,buildtech,BuildTech Supply,Midwest,94,Electrical Wire,Electrical,270,ea,51.25,USD,26
Q-RFQ-1043-buildtech-7,RFQ-1043,buildtech,BuildTech Supply,Midwest,94,Interior Paint,Paint,431,sq_ft,35.25,USD,15
Q-RFQ-1043-buildtech-8,RFQ-1043,buildtech,BuildTech Supply,Midwest,94,Copper Pipe,Plumbing,355,linear_ft,90.78,USD,12
Q-RFQ-1043-buildtech-9,RFQ-1043,buildtech,BuildTech Supply,Midwest,94,LED Fixture,Electrical,75,ea,52.09,USD,6
Q-RFQ-1043-buildtech-10,RFQ-1043,buildtech,BuildTech Supply,Midwest,94,Interior Paint,Paint,119,linear_ft,38.34,USD,31
Q-RFQ-1043-constructpro-1,RFQ-1043,constructpro,ConstructPro Materials,Northeast,88,VAV Box,HVAC,113,linear_ft,814.42,USD,40
Q-RFQ-1043-constructpro-2,RFQ-1043,constructpro,ConstructPro Materials,Northeast,88,Paint Supplies,Paint,423,linear_ft,37.5,USD,31
Q-RFQ-1043-constructpro-3,RFQ-1043,constructpro,ConstructPro Materials,Northeast,88,Drywall Screws,Drywall,165,linear_ft,20.07,USD,27
Q-RFQ-1043-constructpro-4,RFQ-1043,constructpro,ConstructPro Materials,Northeast,88,Cement Blend,Concrete,84,yd3,145.27,USD,13
Q-RFQ-1043-constructpro-5,RFQ-1043,constructpro,ConstructPro Materials,Northeast,88,Copper Pipe,Plumbing,140,yd3,78.07,USD,23
Q-RFQ-1043-constructpro-7,RFQ-1043,constructpro,ConstructPro Materials,Northeast,88,Primer,Paint,431,sq_ft,39.71,USD,9
Q-RFQ-1043-constructpro-8,RFQ-1043,constructpro,ConstructPro Materials,Northeast,88,Ball Valve,Plumbing,355,linear_ft,81.35,USD,15
Q-RFQ-1043-constructpro-9,RFQ-1043,constructpro,ConstructPro Materials,Northeast,88,Electrical Wire,Electrical,75,ea,60.0,USD,12
Q-RFQ-1043-constructpro-10,RFQ-1043,constructpro,ConstructPro Materials,Northeast,88,Primer,Paint,119,linear_ft,34.4,USD,34
Q-RFQ-1043-urban-1,RFQ-1043,urban,UrbanBuild Wholesale,West,82,Air Diffuser,HVAC,113,linear_ft,750.86,USD,37
Q-RFQ-1043-urban-2,RFQ-1043,urban,UrbanBuild Wholesale,West,82,Exterior Coating,Paint,423,linear_ft,29.88,USD,39
Q-RFQ-1043-urban-3,RFQ-1043,urban,UrbanBuild Wholesale,West,82,Sheetrock,Drywall,165,linear_ft,15.76,USD,22
Q-RFQ-1043-urban-4,RFQ-1043,urban,UrbanBuild Wholesale,West,82,Cement Blend,Concrete,84,yd3,154.63,USD,7
Q-RFQ-1043-urban-5,RFQ-1043,urban,UrbanBuild Wholesale,West,82,Plumbing Fixture,Plumbing,140,yd3,73.41,USD,26
Q-RFQ-1043-urban-7,RFQ-1043,urban,UrbanBuild Wholesale,West,82,Interior Paint,Paint,431,sq_ft,28.58,USD,15
Q-RFQ-1043-urban-8,RFQ-1043,urban,UrbanBuild Wholesale,West,82,Copper Pipe,Plumbing,355,linear_ft,83.61,USD,16
Q-RFQ-1043-urban-9,RFQ-1043,urban,UrbanBuild Wholesale,West,82,Breaker Panel,Electrical,75,ea,51.0,USD,16
Q-RFQ-1043-urban-10,RFQ-1043,urban,UrbanBuild Wholesale,West,82,Primer,Paint,119,linear_ft,36.76,USD,32
Q-RFQ-1043-apex-2,RFQ-1043,apex,Apex Industrial Supply,South,90,Paint Supplies,Paint,423,linear_ft,39.78,USD,30
Q-RFQ-1043-apex-3,RFQ-1043,apex,Apex Industrial Supply,South,90,Drywall Screws,Drywall,165,linear_ft,16.19,USD,24
Q-RFQ-1043-apex-4,RFQ-1043,apex,Apex Industrial Supply,South,90,Portland Cement,Concrete,84,yd3,152.02,USD,6
Q-RFQ-1043-apex-5,RFQ-1043,apex,Apex Industrial Supply,South,90,Ball Valve,Plumbing,140,yd3,92.15,USD,28
Q-RFQ-1043-apex-6,RFQ-1043,apex,Apex Industrial Supply,South,90,Electrical Wire,Electrical,270,ea,49.04,USD,26
Q-RFQ-1043-apex-7,RFQ-1043,apex,Apex Industrial Supply,South,90,Primer,Paint,431,sq_ft,37.42,USD,12
Q-RFQ-1043-apex-8,RFQ-1043,apex,Apex Industrial Supply,South,90,Pipe Fittings,Plumbing,355,linear_ft,91.54,USD,19
Q-RFQ-1043-apex-9,RFQ-1043,apex,Apex Industrial Supply,South,90,Junction Box,Electrical,75,ea,62.25,USD,13
Q-RFQ-1043-apex-10,RFQ-1043,apex,Apex Industrial Supply,South,90,Latex Paint,Paint,119,linear_ft,29.34,USD,39
Q-RFQ-1043-metro-1,RFQ-1043,metro,Metro Contractor Depot,National,86,Air Diffuser,HVAC,113,linear_ft,649.04,USD,35
Q-RFQ-1043-metro-2,RFQ-1043,metro,Metro Contractor Depot,National,86,Exterior Coating,Paint,423,linear_ft,31.6,USD,40
Q-RFQ-1043-metro-3,RFQ-1043,metro,Metro Contractor Depot,National,86,Joint Compound,Drywall,165,linear_ft,20.55,USD,24
Q-RFQ-1043-metro-4,RFQ-1043,metro,Metro Contractor Depot,National,86,Concrete,Concrete,84,yd3,153.77,USD,17
Q-RFQ-1043-metro-5,RFQ-1043,metro,Metro Contractor Depot,National,86,Plumbing Fixture,Plumbing,140,yd3,85.76,USD,28
Q-RFQ-1043-metro-6,RFQ-1043,metro,Metro Contractor Depot,National,86,Conduit,Electrical,270,ea,66.58,USD,28
Q-RFQ-1043-metro-7,RFQ-1043,metro,Metro Contractor Depot,National,86,Exterior Coating,Paint,431,sq_ft,32.0,USD,13
Q-RFQ-1043-metro-8,RFQ-1043,metro,Metro Contractor Depot,National,86,Copper Pipe,Plumbing,355,linear_ft,101.86,USD,12
Q-RFQ-1043-metro-9,RFQ-1043,metro,Metro Contractor Depot,National,86,Conduit,Electrical,75,ea,67.77,USD,13
Q-RFQ-1043-metro-10,RFQ-1043,metro,Metro Contractor Depot,National,86,Latex Paint,Paint,119,linear_ft,39.57,USD,42
Q-RFQ-1044-buildtech-1,RFQ-1044,buildtech,BuildTech Supply,Midwest,94,Drywall Screws,Drywall,242,sq_ft,18.81,USD,38
Q-RFQ-1044-buildtech-2,RFQ-1044,buildtech,BuildTech Supply,Midwest,94,Rebar Grade 60,Steel,279,sq_ft,801.12,USD,30
Q-RFQ-1044-buildtech-3,RFQ-1044,buildtech,BuildTech Supply,Midwest,94,Latex Paint,Paint,382,yd3,30.61,USD,20
Q-RFQ-1044-buildtech-4,RFQ-1044,buildtech,BuildTech Supply,Midwest,94,Cement Blend,Concrete,122,yd3,134.68,USD,37
Q-RFQ-1044-buildtech-5,RFQ-1044,buildtech,BuildTech Supply,Midwest,94,Pipe Fittings,Plumbing,408,ea,95.59,USD,22
Q-RFQ-1044-buildtech-6,RFQ-1044,buildtech,BuildTech Supply,Midwest,94,Latex Paint,Paint,375,sq_ft,32.12,USD,10
Q-RFQ-1044-buildtech-7,RFQ-1044,buildtech,BuildTech Supply,Midwest,94,Electrical Wire,Electrical,111,sq_ft,51.92,USD,35
Q-RFQ-1044-buildtech-8,RFQ-1044,buildtech,BuildTech Supply,Midwest,94,Rebar Grade 60,Steel,63,ea,820.62,USD,28
Q-RFQ-1044-buildtech-9,RFQ-1044,buildtech,BuildTech Supply,Midwest,94,Structural Steel Beam,Steel,205,yd3,907.98,USD,23
Q-RFQ-1044-buildtech-10,RFQ-1044,buildtech,BuildTech Supply,Midwest,94,Copper Pipe,Plumbing,112,ea,74.96,USD,19
Q-RFQ-1044-constructpro-1,RFQ-1044,constructpro,ConstructPro Materials,Northeast,88,Sheetrock,Drywall,242,sq_ft,16.87,USD,28
Q-RFQ-1044-constructpro-2,RFQ-1044,constructpro,ConstructPro Materials,Northeast,88,Rebar Grade 60,Steel,279,sq_ft,928.44,USD,29
Q-RFQ-1044-constructpro-3,RFQ-1044,constructpro,ConstructPro Materials,Northeast,88,Exterior Coating,Paint,382,yd3,36.13,USD,15
Q-RFQ-1044-constructpro-4,RFQ-1044,constructpro,ConstructPro Materials,Northeast,88,Portland Cement,Concrete,122,yd3,159.81,USD,26
Q-RFQ-1044-constructpro-5,RFQ-1044,constructpro,ConstructPro Materials,Northeast,88,Copper Pipe,Plumbing,408,ea,96.22,USD,14
Q-RFQ-1044-constructpro-6,RFQ-1044,constructpro,ConstructPro Materials,Northeast,88,Interior Paint,Paint,375,sq_ft,38.06,USD,6
Q-RFQ-1044-constructpro-7,RFQ-1044,constructpro,ConstructPro Materials,Northeast,88,Junction Box,Electrical,111,sq_ft,51.14,USD,41
Q-RFQ-1044-constructpro-8,RFQ-1044,constructpro,ConstructPro Materials,Northeast,88,Steel Rebar,Steel,63,ea,824.52,USD,35
Q-RFQ-1044-constructpro-9,RFQ-1044,constructpro,ConstructPro Materials,Northeast,88,Structural Steel Beam,Steel,205,yd3,1112.99,USD,21
Q-RFQ-1044-constructpro-10,RFQ-1044,constructpro,ConstructPro Materials,Northeast,88,PVC Plumbing Pipe,Plumbing,112,ea,89.18,USD,10
Q-RFQ-1044-urban-1,RFQ-1044,urban,UrbanBuild Wholesale,West,82,Joint Compound,Drywall,242,sq_ft,18.98,USD,33
Q-RFQ-1044-urban-2,RFQ-1044,urban,UrbanBuild Wholesale,West,82,Steel Plate,Steel,279,sq_ft,959.13,USD,25
Q-RFQ-1044-urban-3,RFQ-1044,urban,UrbanBuild Wholesale,West,82,Interior Paint,Paint,382,yd3,28.89,USD,16
Q-RFQ-1044-urban-4,RFQ-1044,urban,UrbanBuild Wholesale,West,82,Concrete Mix,Concrete,122,yd3,140.51,USD,24
Q-RFQ-1044-urban-5,RFQ-1044,urban,UrbanBuild Wholesale,West,82,Pipe Fittings,Plumbing,408,ea,78.29,USD,20
Q-RFQ-1044-urban-7,RFQ-1044,urban,UrbanBuild Wholesale,West,82,Electrical Wire,Electrical,111,sq_ft,49.65,USD,42
Q-RFQ-1044-urban-8,RFQ-1044,urban,UrbanBuild Wholesale,West,82,I Beam Steel,Steel,63,ea,924.37,USD,30
Q-RFQ-1044-urban-9,RFQ-1044,urban,UrbanBuild Wholesale,West,82,Rebar Grade 60,Steel,205,yd3,966.08,USD,26
Q-RFQ-1044-urban-10,RFQ-1044,urban,UrbanBuild Wholesale,West,82,PVC Plumbing Pipe,Plumbing,112,ea,90.65,USD,12
Q-RFQ-1044-apex-1,RFQ-1044,apex,Apex Industrial Supply,South,90,Drywall Screws,Drywall,242,sq_ft,20.15,USD,34
Q-RFQ-1044-apex-2,RFQ-1044,apex,Apex Industrial Supply,South,90,I Beam Steel,Steel,279,sq_ft,1083.41,USD,33
Q-RFQ-1044-apex-3,RFQ-1044,apex,Apex Industrial Supply,South,90,Primer,Paint,382,yd3,31.74,USD,20
Q-RFQ-1044-apex-5,RFQ-1044,apex,Apex Industrial Supply,South,90,Plumbing Fixture,Plumbing,408,ea,98.37,USD,9
Q-RFQ-1044-apex-6,RFQ-1044,apex,Apex Industrial Supply,South,90,Interior Paint,Paint,375,sq_ft,30.23,USD,9
Q-RFQ-1044-apex-7,RFQ-1044,apex,Apex Industrial Supply,South,90,Conduit,Electrical,111,sq_ft,52.69,USD,33
Q-RFQ-1044-apex-8,RFQ-1044,apex,Apex Industrial Supply,South,90,I Beam Steel,Steel,63,ea,932.28,USD,34
Q-RFQ-1044-apex-9,RFQ-1044,apex,Apex Industrial Supply,South,90,Rebar Grade 60,Steel,205,yd3,880.78,USD,20
Q-RFQ-1044-apex-10,RFQ-1044,apex,Apex Industrial Supply,South,90,Plumbing Fixture,Plumbing,112,ea,82.65,USD,8
Q-RFQ-1044-metro-1,RFQ-1044,metro,Metro Contractor Depot,National,86,Drywall Sheet,Drywall,242,sq_ft,16.7,USD,25
Q-RFQ-1044-metro-2,RFQ-1044,metro,Metro Contractor Depot,National,86,Steel Rebar,Steel,279,sq_ft,1071.08,USD,27
Q-RFQ-1044-metro-3,RFQ-1044,metro,Metro Contractor Depot,National,86,Interior Paint,Paint,382,yd3,41.47,USD,20
Q-RFQ-1044-metro-4,RFQ-1044,metro,Metro Contractor Depot,National,86,Concrete,Concrete,122,yd3,178.82,USD,29
Q-RFQ-1044-metro-5,RFQ-1044,metro,Metro Contractor Depot,National,86,Copper Pipe,Plumbing,408,ea,80.28,USD,19
Q-RFQ-1044-metro-6,RFQ-1044,metro,Metro Contractor Depot,National,86,Exterior Coating,Paint,375,sq_ft,40.94,USD,8
Q-RFQ-1044-metro-7,RFQ-1044,metro,Metro Contractor Depot,National,86,LED Fixture,Electrical,111,sq_ft,56.88,USD,38
Q-RFQ-1044-metro-8,RFQ-1044,metro,Metro Contractor Depot,National,86,Rebar Grade 60,Steel,63,ea,913.02,USD,31
Q-RFQ-1044-metro-9,RFQ-1044,metro,Metro Contractor Depot,National,86,Structural Steel Beam,Steel,205,yd3,865.89,USD,17
Q-RFQ-1044-metro-10,RFQ-1044,metro,Metro Contractor Depot,National,86,Copper Pipe,Plumbing,112,ea,94.84,USD,14
Q-RFQ-1045-buildtech-1,RFQ-1045,buildtech,BuildTech Supply,Midwest,94,Interior Paint,Paint,498,yd3,37.55,USD,6
Q-RFQ-1045-buildtech-2,RFQ-1045,buildtech,BuildTech Supply,Midwest,94,LED Fixture,Electrical,200,ea,54.58,USD,37
Q-RFQ-1045-buildtech-3,RFQ-1045,buildtech,BuildTech Supply,Midwest,94,PVC Plumbing Pipe,Plumbing,298,ton,86.93,USD,5
Q-RFQ-1045-buildtech-5,RFQ-1045,buildtech,BuildTech Supply,Midwest,94,HVAC Air Handler,HVAC,202,ea,692.23,USD,30
Q-RFQ-1045-buildtech-6,RFQ-1045,buildtech,BuildTech Supply,Midwest,94,Latex Paint,Paint,491,linear_ft,33.77,USD,15
Q-RFQ-1045-buildtech-7,RFQ-1045,buildtech,BuildTech Supply,Midwest,94,PVC Plumbing Pipe,Plumbing,293,sq_ft,77.74,USD,31
Q-RFQ-1045-buildtech-8,RFQ-1045,buildtech,BuildTech Supply,Midwest,94,Concrete Mix,Concrete,331,ea,145.81,USD,27
Q-RFQ-1045-buildtech-9,RFQ-1045,buildtech,BuildTech Supply,Midwest,94,Structural Steel Beam,Steel,48,sq_ft,835.49,USD,13
Q-RFQ-1045-buildtech-10,RFQ-1045,buildtech,BuildTech Supply,Midwest,94,Gypsum Board,Drywall,404,linear_ft,19.95,USD,21
Q-RFQ-1045-constructpro-1,RFQ-1045,constructpro,ConstructPro Materials,Northeast,88,Primer,Paint,498,yd3,30.69,USD,17
Q-RFQ-1045-constructpro-2,RFQ-1045,constructpro,ConstructPro Materials,Northeast,88,Breaker Panel,Electrical,200,ea,50.83,USD,35
Q-RFQ-1045-constructpro-3,RFQ-1045,constructpro,ConstructPro Materials,Northeast,88,Copper Pipe,Plumbing,298,ton,85.63,USD,14
Q-RFQ-1045-constructpro-4,RFQ-1045,constructpro,ConstructPro Materials,Northeast,88,Steel Rebar,Steel,239,sq_ft,895.0,USD,30
Q-RFQ-1045-constructpro-5,RFQ-1045,constructpro,ConstructPro Materials,Northeast,88,HVAC Air Handler,HVAC,202,ea,668.44,USD,26
Q-RFQ-1045-constructpro-6,RFQ-1045,constructpro,ConstructPro Materials,Northeast,88,Primer,Paint,491,linear_ft,39.35,USD,15
Q-RFQ-1045-constructpro-7,RFQ-1045,constructpro,ConstructPro Materials,Northeast,88,Copper Pipe,Plumbing,293,sq_ft,80.24,USD,35
Q-RFQ-1045-constructpro-8,RFQ-1045,constructpro,ConstructPro Materials,Northeast,88,Cement Blend,Concrete,331,ea,169.92,USD,25
Q-RFQ-1045-constructpro-9,RFQ-1045,constructpro,ConstructPro Materials,Northeast,88,Rebar Grade 60,Steel,48,sq_ft,1023.59,USD,16
Q-RFQ-1045-constructpro-10,RFQ-1045,constructpro,ConstructPro Materials,Northeast,88,Gypsum Board,Drywall,404,linear_ft,19.53,USD,30
Q-RFQ-1045-urban-1,RFQ-1045,urban,UrbanBuild Wholesale,West,82,Primer,Paint,498,yd3,31.13,USD,13
Q-RFQ-1045-urban-2,RFQ-1045,urban,UrbanBuild Wholesale,West,82,Junction Box,Electrical,200,ea,59.28,USD,27
Q-RFQ-1045-urban-3,RFQ-1045,urban,UrbanBuild Wholesale,West,82,Plumbing Fixture,Plumbing,298,ton,88.3,USD,8
Q-RFQ-1045-urban-4,RFQ-1045,urban,UrbanBuild Wholesale,West,82,Steel Plate,Steel,239,sq_ft,885.61,USD,26
Q-RFQ-1045-urban-5,RFQ-1045,urban,UrbanBuild Wholesale,West,82,Ductwork,HVAC,202,ea,724.16,USD,19
Q-RFQ-1045-urban-6,RFQ-1045,urban,UrbanBuild Wholesale,West,82,Primer,Paint,491,linear_ft,37.53,USD,14
Q-RFQ-1045-urban-7,RFQ-1045,urban,UrbanBuild Wholesale,West,82,PVC Plumbing Pipe,Plumbing,293,sq_ft,77.46,USD,40
Q-RFQ-1045-urban-8,RFQ-1045,urban,UrbanBuild Wholesale,West,82,Ready Mix Concrete,Concrete,331,ea,145.26,USD,26
Q-RFQ-1045-urban-9,RFQ-1045,urban,UrbanBuild Wholesale,West,82,Steel Plate,Steel,48,sq_ft,820.23,USD,4
Q-RFQ-1045-urban-10,RFQ-1045,urban,UrbanBuild Wholesale,West,82,Drywall Sheet,Drywall,404,linear_ft,15.46,USD,26
Q-RFQ-1045-apex-1,RFQ-1045,apex,Apex Industrial Supply,South,90,Interior Paint,Paint,498,yd3,33.42,USD,17
Q-RFQ-1045-apex-3,RFQ-1045,apex,Apex Industrial Supply,South,90,PVC Plumbing Pipe,Plumbing,298,ton,98.52,USD,6
Q-RFQ-1045-apex-4,RFQ-1045,apex,Apex Industrial Supply,South,90,I Beam Steel,Steel,239,sq_ft,870.0,USD,24
Q-RFQ-1045-apex-5,RFQ-1045,apex,Apex Industrial Supply,South,90,HVAC Air Handler,HVAC,202,ea,586.84,USD,24
Q-RFQ-1045-apex-6,RFQ-1045,apex,Apex Industrial Supply,South,90,Interior Paint,Paint,491,linear_ft,32.92,USD,7
Q-RFQ-1045-apex-7,RFQ-1045,apex,Apex Industrial Supply,South,90,Plumbing Fixture,Plumbing,293,sq_ft,93.76,USD,40
Q-RFQ-1045-apex-8,RFQ-1045,apex,Apex Industrial Supply,South,90,Concrete Mix,Concrete,331,ea,140.09,USD,27
Q-RFQ-1045-apex-9,RFQ-1045,apex,Apex Industrial Supply,South,90,I Beam Steel,Steel,48,sq_ft,994.94,USD,4
Q-RFQ-1045-metro-1,RFQ-1045,metro,Metro Contractor Depot,National,86,Interior Paint,Paint,498,yd3,37.28,USD,12
Q-RFQ-1045-metro-2,RFQ-1045,metro,Metro Contractor Depot,National,86,Electrical Wire,Electrical,200,ea,57.89,USD,39
Q-RFQ-1045-metro-3,RFQ-1045,metro,Metro Contractor Depot,National,86,Plumbing Fixture,Plumbing,298,ton,84.02,USD,5
Q-RFQ-1045-metro-4,RFQ-1045,metro,Metro Contractor Depot,National,86,Steel Plate,Steel,239,sq_ft,928.19,USD,34
Q-RFQ-1045-metro-5,RFQ-1045,metro,Metro Contractor Depot,National,86,HVAC Air Handler,HVAC,202,ea,809.67,USD,23
Q-RFQ-1045-metro-6,RFQ-1045,metro,Metro Contractor Depot,National,86,Interior Paint,Paint,491,linear_ft,32.26,USD,8
Q-RFQ-1045-metro-7,RFQ-1045,metro,Metro Contractor Depot,National,86,Copper Pipe,Plumbing,293,sq_ft,95.24,USD,32
Q-RFQ-1045-metro-8,RFQ-1045,metro,Metro Contractor Depot,National,86,Ready Mix Concrete,Concrete,331,ea,177.43,USD,33
Q-RFQ-1045-metro-9,RFQ-1045,metro,Metro Contractor Depot,National,86,Rebar Grade 60,Steel,48,sq_ft,972.43,USD,12
Q-RFQ-1045-metro-10,RFQ-1045,metro,Metro Contractor Depot,National,86,Sheetrock,Drywall,404,linear_ft,19.01,USD,26
Q-RFQ-1046-buildtech-1,RFQ-1046,buildtech,BuildTech Supply,Midwest,94,Concrete Mix,Concrete,494,linear_ft,145.09,USD,29
Q-RFQ-1046-buildtech-2,RFQ-1046,buildtech,BuildTech Supply,Midwest,94,VAV Box,HVAC,440,yd3,718.16,USD,36
Q-RFQ-1046-buildtech-3,RFQ-1046,buildtech,BuildTech Supply,Midwest,94,Concrete Mix,Concrete,423,ton,157.47,USD,23
Q-RFQ-1046-buildtech-4,RFQ-1046,buildtech,BuildTech Supply,Midwest,94,Steel Rebar,Steel,253,linear_ft,870.76,USD,41
Q-RFQ-1046-buildtech-6,RFQ-1046,buildtech,BuildTech Supply,Midwest,94,HVAC Air Handler,HVAC,71,ea,769.38,USD,6
Q-RFQ-1046-buildtech-7,RFQ-1046,buildtech,BuildTech Supply,Midwest,94,Steel Rebar,Steel,205,ea,870.51,USD,21
Q-RFQ-1046-buildtech-8,RFQ-1046,buildtech,BuildTech Supply,Midwest,94,Pipe Fittings,Plumbing,380,linear_ft,92.94,USD,35
Q-RFQ-1046-buildtech-9,RFQ-1046,buildtech,BuildTech Supply,Midwest,94,Gypsum Board,Drywall,95,ton,16.37,USD,14
Q-RFQ-1046-buildtech-10,RFQ-1046,buildtech,BuildTech Supply,Midwest,94,PVC Plumbing Pipe,Plumbing,279,sq_ft,74.0,USD,25
Q-RFQ-1046-constructpro-1,RFQ-1046,constructpro,ConstructPro Materials,Northeast,88,Portland Cement,Concrete,494,linear_ft,161.71,USD,28
Q-RFQ-1046-constructpro-2,RFQ-1046,constructpro,ConstructPro Materials,Northeast,88,VAV Box,HVAC,440,yd3,626.1,USD,28
Q-RFQ-1046-constructpro-3,RFQ-1046,constructpro,ConstructPro Materials,Northeast,88,Concrete Mix,Concrete,423,ton,156.83,USD,12
Q-RFQ-1046-constructpro-4,RFQ-1046,constructpro,ConstructPro Materials,Northeast,88,Steel Rebar,Steel,253,linear_ft,857.78,USD,29
Q-RFQ-1046-constructpro-6,RFQ-1046,constructpro,ConstructPro Materials,Northeast,88,Ductwork,HVAC,71,ea,695.69,USD,13
Q-RFQ-1046-constructpro-7,RFQ-1046,constructpro,ConstructPro Materials,Northeast,88,Rebar Grade 60,Steel,205,ea,1041.79,USD,24
Q-RFQ-1046-constructpro-8,RFQ-1046,constructpro,ConstructPro Materials,Northeast,88,Copper Pipe,Plumbing,380,linear_ft,84.74,USD,25
Q-RFQ-1046-constructpro-9,RFQ-1046,constructpro,ConstructPro Materials,Northeast,88,Drywall Sheet,Drywall,95,ton,16.3,USD,23
Q-RFQ-1046-constructpro-10,RFQ-1046,constructpro,ConstructPro Materials,Northeast,88,Copper Pipe,Plumbing,279,sq_ft,89.39,USD,25
Q-RFQ-1046-urban-1,RFQ-1046,urban,UrbanBuild Wholesale,West,82,Portland Cement,Concrete,494,linear_ft,148.44,USD,31
Q-RFQ-1046-urban-2,RFQ-1046,urban,UrbanBuild Wholesale,West,82,VAV Box,HVAC,440,yd3,608.9,USD,35
Q-RFQ-1046-urban-3,RFQ-1046,urban,UrbanBuild Wholesale,West,82,Concrete Mix,Concrete,423,ton,128.49,USD,16
Q-RFQ-1046-urban-4,RFQ-1046,urban,UrbanBuild Wholesale,West,82,Steel Rebar,Steel,253,linear_ft,897.49,USD,39
Q-RFQ-1046-urban-5,RFQ-1046,urban,UrbanBuild Wholesale,West,82,Concrete Mix,Concrete,320,linear_ft,145.75,USD,31
Q-RFQ-1046-urban-6,RFQ-1046,urban,UrbanBuild Wholesale,West,82,VAV Box,HVAC,71,ea,709.77,USD,15
Q-RFQ-1046-urban-7,RFQ-1046,urban,UrbanBuild Wholesale,West,82,Steel Plate,Steel,205,ea,980.02,USD,24
Q-RFQ-1046-urban-8,RFQ-1046,urban,UrbanBuild Wholesale,West,82,Plumbing Fixture,Plumbing,380,linear_ft,86.03,USD,23
Q-RFQ-1046-urban-9,RFQ-1046,urban,UrbanBuild Wholesale,West,82,Joint Compound,Drywall,95,ton,16.74,USD,17
Q-RFQ-1046-urban-10,RFQ-1046,urban,UrbanBuild Wholesale,West,82,Ball Valve,Plumbing,279,sq_ft,72.14,USD,28
Q-RFQ-1046-apex-1,RFQ-1046,apex,Apex Industrial Supply,South,90,Concrete Mix,Concrete,494,linear_ft,140.27,USD,27
Q-RFQ-1046-apex-2,RFQ-1046,apex,Apex Industrial Supply,South,90,Ductwork,HVAC,440,yd3,607.97,USD,36
Q-RFQ-1046-apex-4,RFQ-1046,apex,Apex Industrial Supply,South,90,Steel Rebar,Steel,253,linear_ft,846.47,USD,38
Q-RFQ-1046-apex-5,RFQ-1046,apex,Apex Industrial Supply,South,90,Ready Mix Concrete,Concrete,320,linear_ft,135.85,USD,34
Q-RFQ-1046-apex-6,RFQ-1046,apex,Apex Industrial Supply,South,90,Air Diffuser,HVAC,71,ea,707.47,USD,6
Q-RFQ-1046-apex-7,RFQ-1046,apex,Apex Industrial Supply,South,90,Rebar Grade 60,Steel,205,ea,818.64,USD,17
Q-RFQ-1046-apex-8,RFQ-1046,apex,Apex Industrial Supply,South,90,Plumbing Fixture,Plumbing,380,linear_ft,93.55,USD,29
Q-RFQ-1046-apex-9,RFQ-1046,apex,Apex Industrial Supply,South,90,Sheetrock,Drywall,95,ton,19.81,USD,16
Q-RFQ-1046-apex-10,RFQ-1046,apex,Apex Industrial Supply,South,90,Plumbing Fixture,Plumbing,279,sq_ft,75.75,USD,33
Q-RFQ-1046-metro-1,RFQ-1046,metro,Metro Contractor Depot,National,86,Concrete Mix,Concrete,494,linear_ft,137.15,USD,23
Q-RFQ-1046-metro-2,RFQ-1046,metro,Metro Contractor Depot,National,86,VAV Box,HVAC,440,yd3,708.02,USD,40
Q-RFQ-1046-metro-3,RFQ-1046,metro,Metro Contractor Depot,National,86,Concrete Mix,Concrete,423,ton,146.45,USD,22
Q-RFQ-1046-metro-4,RFQ-1046,metro,Metro Contractor Depot,National,86,Structural Steel Beam,Steel,253,linear_ft,1114.91,USD,39
Q-RFQ-1046-metro-5,RFQ-1046,metro,Metro Contractor Depot,National,86,Concrete Mix,Concrete,320,linear_ft,142.79,USD,37
Q-RFQ-1046-metro-6,RFQ-1046,metro,Metro Contractor Depot,National,86,VAV Box,HVAC,71,ea,849.03,USD,14
Q-RFQ-1046-metro-7,RFQ-1046,metro,Metro Contractor Depot,National,86,I Beam Steel,Steel,205,ea,1028.64,USD,31
Q-RFQ-1046-metro-8,RFQ-1046,metro,Metro Contractor Depot,National,86,PVC Plumbing Pipe,Plumbing,380,linear_ft,90.39,USD,26
Q-RFQ-1046-metro-9,RFQ-1046,metro,Metro Contractor Depot,National,86,Joint Compound,Drywall,95,ton,20.22,USD,14
Q-RFQ-1046-metro-10,RFQ-1046,metro,Metro Contractor Depot,National,86,Plumbing Fixture,Plumbing,279,sq_ft,99.81,USD,22
Q-RFQ-1047-buildtech-1,RFQ-1047,buildtech,BuildTech Supply,Midwest,94,LED Fixture,Electrical,103,sq_ft,52.14,USD,27
Q-RFQ-1047-buildtech-2,RFQ-1047,buildtech,BuildTech Supply,Midwest,94,Pipe Fittings,Plumbing,437,yd3,88.91,USD,13
Q-RFQ-1047-buildtech-3,RFQ-1047,buildtech,BuildTech Supply,Midwest,94,Drywall Sheet,Drywall,305,yd3,19.91,USD,26
Q-RFQ-1047-buildtech-4,RFQ-1047,buildtech,BuildTech Supply,Midwest,94,Concrete Mix,Concrete,185,ton,123.53,USD,22
Q-RFQ-1047-buildtech-5,RFQ-1047,buildtech,BuildTech Supply,Midwest,94,Structural Steel Beam,Steel,168,sq_ft,769.73,USD,17
Q-RFQ-1047-buildtech-6,RFQ-1047,buildtech,BuildTech Supply,Midwest,94,HVAC Air Handler,HVAC,61,ton,687.6,USD,27
Q-RFQ-1047-buildtech-7,RFQ-1047,buildtech,BuildTech Supply,Midwest,94,Drywall Sheet,Drywall,157,linear_ft,17.6,USD,15
Q-RFQ-1047-buildtech-8,RFQ-1047,buildtech,BuildTech Supply,Midwest,94,Joint Compound,Drywall,357,ton,18.61,USD,6
Q-RFQ-1047-buildtech-9,RFQ-1047,buildtech,BuildTech Supply,Midwest,94,Junction Box,Electrical,45,ea,58.37,USD,41
Q-RFQ-1047-buildtech-10,RFQ-1047,buildtech,BuildTech Supply,Midwest,94,HVAC Air Handler,HVAC,234,sq_ft,652.01,USD,28
Q-RFQ-1047-constructpro-1,RFQ-1047,constructpro,ConstructPro Materials,Northeast,88,Conduit,Electrical,103,sq_ft,59.68,USD,33
Q-RFQ-1047-constructpro-2,RFQ-1047,constructpro,ConstructPro Materials,Northeast,88,Plumbing Fixture,Plumbing,437,yd3,78.5,USD,6
Q-RFQ-1047-constructpro-3,RFQ-1047,constructpro,ConstructPro Materials,Northeast,88,Gypsum Board,Drywall,305,yd3,21.57,USD,27
Q-RFQ-1047-constructpro-4,RFQ-1047,constructpro,ConstructPro Materials,Northeast,88,Cement Blend,Concrete,185,ton,155.6,USD,23
Q-RFQ-1047-constructpro-5,RFQ-1047,constructpro,ConstructPro Materials,Northeast,88,Rebar Grade 60,Steel,168,sq_ft,1098.9,USD,25
Q-RFQ-1047-constructpro-6,RFQ-1047,constructpro,ConstructPro Materials,Northeast,88,HVAC Air Handler,HVAC,61,ton,708.45,USD,27
Q-RFQ-1047-constructpro-7,RFQ-1047,constructpro,ConstructPro Materials,Northeast,88,Joint Compound,Drywall,157,linear_ft,21.6,USD,14
Q-RFQ-1047-constructpro-8,RFQ-1047,constructpro,ConstructPro Materials,Northeast,88,Gypsum Board,Drywall,357,ton,16.99,USD,6
Q-RFQ-1047-constructpro-9,RFQ-1047,constructpro,ConstructPro Materials,Northeast,88,Junction Box,Electrical,45,ea,50.2,USD,42
Q-RFQ-1047-constructpro-10,RFQ-1047,constructpro,ConstructPro Materials,Northeast,88,HVAC Compressor,HVAC,234,sq_ft,650.33,USD,25
Q-RFQ-1047-urban-1,RFQ-1047,urban,UrbanBuild Wholesale,West,82,Junction Box,Electrical,103,sq_ft,46.48,USD,27
Q-RFQ-1047-urban-2,RFQ-1047,urban,UrbanBuild Wholesale,West,82,PVC Plumbing Pipe,Plumbing,437,yd3,77.12,USD,11
Q-RFQ-1047-urban-3,RFQ-1047,urban,UrbanBuild Wholesale,West,82,Drywall Screws,Drywall,305,yd3,17.34,USD,28
Q-RFQ-1047-urban-4,RFQ-1047,urban,UrbanBuild Wholesale,West,82,Portland Cement,Concrete,185,ton,161.03,USD,16
Q-RFQ-1047-urban-5,RFQ-1047,urban,UrbanBuild Wholesale,West,82,Structural Steel Beam,Steel,168,sq_ft,911.15,USD,21
Q-RFQ-1047-urban-6,RFQ-1047,urban,UrbanBuild Wholesale,West,82,HVAC Air Handler,HVAC,61,ton,679.0,USD,35
Q-RFQ-1047-urban-7,RFQ-1047,urban,UrbanBuild Wholesale,West,82,Sheetrock,Drywall,157,linear_ft,18.08,USD,20
Q-RFQ-1047-urban-8,RFQ-1047,urban,UrbanBuild Wholesale,West,82,Sheetrock,Drywall,357,ton,19.84,USD,5
Q-RFQ-1047-urban-9,RFQ-1047,urban,UrbanBuild Wholesale,West,82,Conduit,Electrical,45,ea,52.6,USD,36
Q-RFQ-1047-urban-10,RFQ-1047,urban,UrbanBuild Wholesale,West,82,Air Diffuser,HVAC,234,sq_ft,579.04,USD,27
Q-RFQ-1047-apex-1,RFQ-1047,apex,Apex Industrial Supply,South,90,Junction Box,Electrical,103,sq_ft,47.36,USD,35
Q-RFQ-1047-apex-2,RFQ-1047,apex,Apex Industrial Supply,South,90,Pipe Fittings,Plumbing,437,yd3,90.35,USD,7
Q-RFQ-1047-apex-4,RFQ-1047,apex,Apex Industrial Supply,South,90,Cement Blend,Concrete,185,ton,133.41,USD,23
Q-RFQ-1047-apex-5,RFQ-1047,apex,Apex Industrial Supply,South,90,Rebar Grade 60,Steel,168,sq_ft,902.35,USD,16
Q-RFQ-1047-apex-6,RFQ-1047,apex,Apex Industrial Supply,South,90,VAV Box,HVAC,61,ton,796.25,USD,24
Q-RFQ-1047-apex-7,RFQ-1047,apex,Apex Industrial Supply,South,90,Sheetrock,Drywall,157,linear_ft,17.58,USD,24
Q-RFQ-1047-apex-8,RFQ-1047,apex,Apex Industrial Supply,South,90,Drywall Sheet,Drywall,357,ton,20.2,USD,16
Q-RFQ-1047-apex-9,RFQ-1047,apex,Apex Industrial Supply,South,90,Junction Box,Electrical,45,ea,64.88,USD,35
Q-RFQ-1047-apex-10,RFQ-1047,apex,Apex Industrial Supply,South,90,Air Diffuser,HVAC,234,sq_ft,765.01,USD,31
Q-RFQ-1047-metro-1,RFQ-1047,metro,Metro Contractor Depot,National,86,Conduit,Electrical,103,sq_ft,56.4,USD,29
Q-RFQ-1047-metro-2,RFQ-1047,metro,Metro Contractor Depot,National,86,Pipe Fittings,Plumbing,437,yd3,82.59,USD,8
Q-RFQ-1047-metro-3,RFQ-1047,metro,Metro Contractor Depot,National,86,Joint Compound,Drywall,305,yd3,18.74,USD,27
Q-RFQ-1047-metro-4,RFQ-1047,metro,Metro Contractor Depot,National,86,Ready Mix Concrete,Concrete,185,ton,162.69,USD,12
Q-RFQ-1047-metro-5,RFQ-1047,metro,Metro Contractor Depot,National,86,Structural Steel Beam,Steel,168,sq_ft,871.07,USD,22
Q-RFQ-1047-metro-6,RFQ-1047,metro,Metro Contractor Depot,National,86,VAV Box,HVAC,61,ton,643.8,USD,38
Q-RFQ-1047-metro-7,RFQ-1047,metro,Metro Contractor Depot,National,86,Drywall Screws,Drywall,157,linear_ft,20.28,USD,19
Q-RFQ-1047-metro-8,RFQ-1047,metro,Metro Contractor Depot,National,86,Joint Compound,Drywall,357,ton,20.49,USD,8
Q-RFQ-1047-metro-9,RFQ-1047,metro,Metro Contractor Depot,National,86,Junction Box,Electrical,45,ea,58.62,USD,30
Q-RFQ-1047-metro-10,RFQ-1047,metro,Metro Contractor Depot,National,86,HVAC Air Handler,HVAC,234,sq_ft,728.2,USD,28
Q-RFQ-1048-buildtech-1,RFQ-1048,buildtech,BuildTech Supply,Midwest,94,Joint Compound,Drywall,28,ea,17.91,USD,30
Q-RFQ-1048-buildtech-2,RFQ-1048,buildtech,BuildTech Supply,Midwest,94,I Beam Steel,Steel,170,ea,996.25,USD,31
Q-RFQ-1048-buildtech-3,RFQ-1048,buildtech,BuildTech Supply,Midwest,94,Exterior Coating,Paint,182,linear_ft,36.64,USD,36
Q-RFQ-1048-buildtech-4,RFQ-1048,buildtech,BuildTech Supply,Midwest,94,Steel Rebar,Steel,485,linear_ft,1038.38,USD,4
Q-RFQ-1048-buildtech-5,RFQ-1048,buildtech,BuildTech Supply,Midwest,94,Cement Blend,Concrete,103,ea,140.65,USD,30
Q-RFQ-1048-buildtech-7,RFQ-1048,buildtech,BuildTech Supply,Midwest,94,HVAC Air Handler,HVAC,317,linear_ft,761.57,USD,18
Q-RFQ-1048-buildtech-8,RFQ-1048,buildtech,BuildTech Supply,Midwest,94,Conduit,Electrical,123,sq_ft,58.55,USD,29
Q-RFQ-1048-buildtech-9,RFQ-1048,buildtech,BuildTech Supply,Midwest,94,PVC Plumbing Pipe,Plumbing,435,sq_ft,91.42,USD,18
Q-RFQ-1048-buildtech-10,RFQ-1048,buildtech,BuildTech Supply,Midwest,94,Steel Rebar,Steel,397,ton,830.79,USD,22
Q-RFQ-1048-constructpro-1,RFQ-1048,constructpro,ConstructPro Materials,Northeast,88,Joint Compound,Drywall,28,ea,20.25,USD,39
Q-RFQ-1048-constructpro-2,RFQ-1048,constructpro,ConstructPro Materials,Northeast,88,Structural Steel Beam,Steel,170,ea,830.63,USD,44
Q-RFQ-1048-constructpro-3,RFQ-1048,constructpro,ConstructPro Materials,Northeast,88,Latex Paint,Paint,182,linear_ft,30.38,USD,36
Q-RFQ-1048-constructpro-4,RFQ-1048,constructpro,ConstructPro Materials,Northeast,88,I Beam Steel,Steel,485,linear_ft,954.16,USD,4
Q-RFQ-1048-constructpro-5,RFQ-1048,constructpro,ConstructPro Materials,Northeast,88,Concrete Mix,Concrete,103,ea,141.94,USD,29
Q-RFQ-1048-constructpro-6,RFQ-1048,constructpro,ConstructPro Materials,Northeast,88,Gypsum Board,Drywall,444,sq_ft,20.96,USD,18
Q-RFQ-1048-constructpro-7,RFQ-1048,constructpro,ConstructPro Materials,Northeast,88,Air Diffuser,HVAC,317,linear_ft,780.62,USD,10
Q-RFQ-1048-constructpro-8,RFQ-1048,constructpro,ConstructPro Materials,Northeast,88,Conduit,Electrical,123,sq_ft,60.06,USD,32
Q-RFQ-1048-constructpro-9,RFQ-1048,constructpro,ConstructPro Materials,Northeast,88,Plumbing Fixture,Plumbing,435,sq_ft,100.22,USD,27
Q-RFQ-1048-constructpro-10,RFQ-1048,constructpro,ConstructPro Materials,Northeast,88,Steel Rebar,Steel,397,ton,905.53,USD,24
Q-RFQ-1048-urban-1,RFQ-1048,urban,UrbanBuild Wholesale,West,82,Drywall Sheet,Drywall,28,ea,18.03,USD,28
Q-RFQ-1048-urban-2,RFQ-1048,urban,UrbanBuild Wholesale,West,82,Steel Plate,Steel,170,ea,1029.57,USD,39
Q-RFQ-1048-urban-3,RFQ-1048,urban,UrbanBuild Wholesale,West,82,Latex Paint,Paint,182,linear_ft,27.83,USD,34
Q-RFQ-1048-urban-4,RFQ-1048,urban,UrbanBuild Wholesale,West,82,I Beam Steel,Steel,485,linear_ft,785.65,USD,3
Q-RFQ-1048-urban-5,RFQ-1048,urban,UrbanBuild Wholesale,West,82,Concrete Mix,Concrete,103,ea,141.3,USD,31
Q-RFQ-1048-urban-6,RFQ-1048,urban,UrbanBuild Wholesale,West,82,Gypsum Board,Drywall,444,sq_ft,15.33,USD,12
Q-RFQ-1048-urban-7,RFQ-1048,urban,UrbanBuild Wholesale,West,82,Ductwork,HVAC,317,linear_ft,600.99,USD,13
Q-RFQ-1048-urban-8,RFQ-1048,urban,UrbanBuild Wholesale,West,82,Electrical Wire,Electrical,123,sq_ft,48.27,USD,27
Q-RFQ-1048-urban-9,RFQ-1048,urban,UrbanBuild Wholesale,West,82,Plumbing Fixture,Plumbing,435,sq_ft,86.29,USD,26
Q-RFQ-1048-urban-10,RFQ-1048,urban,UrbanBuild Wholesale,West,82,Steel Plate,Steel,397,ton,873.6,USD,28
Q-RFQ-1048-apex-1,RFQ-1048,apex,Apex Industrial Supply,South,90,Sheetrock,Drywall,28,ea,16.48,USD,33
Q-RFQ-1048-apex-2,RFQ-1048,apex,Apex Industrial Supply,South,90,I Beam Steel,Steel,170,ea,1024.7,USD,34
Q-RFQ-1048-apex-3,RFQ-1048,apex,Apex Industrial Supply,South,90,Paint Supplies,Paint,182,linear_ft,31.48,USD,29
Q-RFQ-1048-apex-4,RFQ-1048,apex,Apex Industrial Supply,South,90,Rebar Grade 60,Steel,485,linear_ft,915.95,USD,16
Q-RFQ-1048-apex-5,RFQ-1048,apex,Apex Industrial Supply,South,90,Portland Cement,Concrete,103,ea,129.69,USD,34
Q-RFQ-1048-apex-6,RFQ-1048,apex,Apex Industrial Supply,South,90,Drywall Sheet,Drywall,444,sq_ft,17.51,USD,19
Q-RFQ-1048-apex-7,RFQ-1048,apex,Apex Industrial Supply,South,90,VAV Box,HVAC,317,linear_ft,592.15,USD,13
Q-RFQ-1048-apex-8,RFQ-1048,apex,Apex Industrial Supply,South,90,LED Fixture,Electrical,123,sq_ft,52.47,USD,27
Q-RFQ-1048-apex-9,RFQ-1048,apex,Apex Industrial Supply,South,90,Ball Valve,Plumbing,435,sq_ft,76.22,USD,21
Q-RFQ-1048-apex-10,RFQ-1048,apex,Apex Industrial Supply,South,90,Structural Steel Beam,Steel,397,ton,896.52,USD,17
Q-RFQ-1048-metro-1,RFQ-1048,metro,Metro Contractor Depot,National,86,Sheetrock,Drywall,28,ea,18.68,USD,28
Q-RFQ-1048-metro-3,RFQ-1048,metro,Metro Contractor Depot,National,86,Primer,Paint,182,linear_ft,39.26,USD,30
Q-RFQ-1048-metro-4,RFQ-1048,metro,Metro Contractor Depot,National,86,Steel Rebar,Steel,485,linear_ft,939.02,USD,11
Q-RFQ-1048-metro-5,RFQ-1048,metro,Metro Contractor Depot,National,86,Concrete Mix,Concrete,103,ea,146.13,USD,36
Q-RFQ-1048-metro-6,RFQ-1048,metro,Metro Contractor Depot,National,86,Drywall Screws,Drywall,444,sq_ft,19.83,USD,26
Q-RFQ-1048-metro-7,RFQ-1048,metro,Metro Contractor Depot,National,86,VAV Box,HVAC,317,linear_ft,774.74,USD,23
Q-RFQ-1048-metro-8,RFQ-1048,metro,Metro Contractor Depot,National,86,Junction Box,Electrical,123,sq_ft,62.86,USD,27
Q-RFQ-1048-metro-9,RFQ-1048,metro,Metro Contractor Depot,National,86,Copper Pipe,Plumbing,435,sq_ft,83.2,USD,27
Q-RFQ-1048-metro-10,RFQ-1048,metro,Metro Contractor Depot,National,86,Rebar Grade 60,Steel,397,ton,853.27,USD,20
Q-RFQ-1049-buildtech-1,RFQ-1049,buildtech,BuildTech Supply,Midwest,94,Copper Pipe,Plumbing,332,ea,87.21,USD,23
Q-RFQ-1049-buildtech-2,RFQ-1049,buildtech,BuildTech Supply,Midwest,94,Copper Pipe,Plumbing,320,yd3,71.18,USD,16
Q-RFQ-1049-buildtech-3,RFQ-1049,buildtech,BuildTech Supply,Midwest,94,Concrete Mix,Concrete,27,linear_ft,153.56,USD,13
Q-RFQ-1049-buildtech-4,RFQ-1049,buildtech,BuildTech Supply,Midwest,94,Rebar Grade 60,Steel,43,sq_ft,974.25,USD,31
Q-RFQ-1049-buildtech-5,RFQ-1049,buildtech,BuildTech Supply,Midwest,94,Ready Mix Concrete,Concrete,355,yd3,165.5,USD,8
Q-RFQ-1049-buildtech-6,RFQ-1049,buildtech,BuildTech Supply,Midwest,94,Copper Pipe,Plumbing,449,linear_ft,72.04,USD,29
Q-RFQ-1049-buildtech-7,RFQ-1049,buildtech,BuildTech Supply,Midwest,94,VAV Box,HVAC,187,ea,636.77,USD,26
Q-RFQ-1049-buildtech-8,RFQ-1049,buildtech,BuildTech Supply,Midwest,94,Concrete Mix,Concrete,421,ea,133.11,USD,31
Q-RFQ-1049-buildtech-9,RFQ-1049,buildtech,BuildTech Supply,Midwest,94,Conduit,Electrical,226,ea,53.75,USD,29
Q-RFQ-1049-buildtech-10,RFQ-1049,buildtech,BuildTech Supply,Midwest,94,Plumbing Fixture,Plumbing,459,yd3,90.78,USD,38
Q-RFQ-1049-constructpro-1,RFQ-1049,constructpro,ConstructPro Materials,Northeast,88,Pipe Fittings,Plumbing,332,ea,78.72,USD,23
Q-RFQ-1049-constructpro-2,RFQ-1049,constructpro,ConstructPro Materials,Northeast,88,Ball Valve,Plumbing,320,yd3,93.82,USD,16
Q-RFQ-1049-constructpro-3,RFQ-1049,constructpro,ConstructPro Materials,Northeast,88,Ready Mix Concrete,Concrete,27,linear_ft,151.51,USD,15
Q-RFQ-1049-constructpro-4,RFQ-1049,constructpro,ConstructPro Materials,Northeast,88,Rebar Grade 60,Steel,43,sq_ft,1030.65,USD,26
Q-RFQ-1049-constructpro-5,RFQ-1049,constructpro,ConstructPro Materials,Northeast,88,Concrete Mix,Concrete,355,yd3,140.02,USD,15
Q-RFQ-1049-constructpro-6,RFQ-1049,constructpro,ConstructPro Materials,Northeast,88,Copper Pipe,Plumbing,449,linear_ft,102.52,USD,28
Q-RFQ-1049-constructpro-8,RFQ-1049,constructpro,ConstructPro Materials,Northeast,88,Concrete Mix,Concrete,421,ea,167.56,USD,24
Q-RFQ-1049-constructpro-9,RFQ-1049,constructpro,ConstructPro Materials,Northeast,88,LED Fixture,Electrical,226,ea,52.5,USD,36
Q-RFQ-1049-constructpro-10,RFQ-1049,constructpro,ConstructPro Materials,Northeast,88,Ball Valve,Plumbing,459,yd3,99.34,USD,39
Q-RFQ-1049-urban-1,RFQ-1049,urban,UrbanBuild Wholesale,West,82,Pipe Fittings,Plumbing,332,ea,73.42,USD,21
Q-RFQ-1049-urban-2,RFQ-1049,urban,UrbanBuild Wholesale,West,82,Ball Valve,Plumbing,320,yd3,75.1,USD,17
Q-RFQ-1049-urban-3,RFQ-1049,urban,UrbanBuild Wholesale,West,82,Cement Blend,Concrete,27,linear_ft,156.72,USD,14
Q-RFQ-1049-urban-4,RFQ-1049,urban,UrbanBuild Wholesale,West,82,Rebar Grade 60,Steel,43,sq_ft,804.21,USD,24
Q-RFQ-1049-urban-5,RFQ-1049,urban,UrbanBuild Wholesale,West,82,Cement Blend,Concrete,355,yd3,132.0,USD,14
Q-RFQ-1049-urban-6,RFQ-1049,urban,UrbanBuild Wholesale,West,82,Copper Pipe,Plumbing,449,linear_ft,81.36,USD,36
Q-RFQ-1049-urban-7,RFQ-1049,urban,UrbanBuild Wholesale,West,82,Air Diffuser,HVAC,187,ea,558.99,USD,16
Q-RFQ-1049-urban-8,RFQ-1049,urban,UrbanBuild Wholesale,West,82,Cement Blend,Concrete,421,ea,139.46,USD,24
Q-RFQ-1049-urban-9,RFQ-1049,urban,UrbanBuild Wholesale,West,82,LED Fixture,Electrical,226,ea,46.91,USD,25
Q-RFQ-1049-urban-10,RFQ-1049,urban,UrbanBuild Wholesale,West,82,Plumbing Fixture,Plumbing,459,yd3,74.92,USD,36
Q-RFQ-1049-apex-1,RFQ-1049,apex,Apex Industrial Supply,South,90,Plumbing Fixture,Plumbing,332,ea,82.18,USD,24
Q-RFQ-1049-apex-2,RFQ-1049,apex,Apex Industrial Supply,South,90,Plumbing Fixture,Plumbing,320,yd3,74.44,USD,22
Q-RFQ-1049-apex-3,RFQ-1049,apex,Apex Industrial Supply,South,90,Concrete Mix,Concrete,27,linear_ft,133.7,USD,17
Q-RFQ-1049-apex-4,RFQ-1049,apex,Apex Industrial Supply,South,90,I Beam Steel,Steel,43,sq_ft,872.43,USD,25
Q-RFQ-1049-apex-5,RFQ-1049,apex,Apex Industrial Supply,South,90,Ready Mix Concrete,Concrete,355,yd3,129.77,USD,14
Q-RFQ-1049-apex-6,RFQ-1049,apex,Apex Industrial Supply,South,90,Copper Pipe,Plumbing,449,linear_ft,76.12,USD,25
Q-RFQ-1049-apex-7,RFQ-1049,apex,Apex Industrial Supply,South,90,Ductwork,HVAC,187,ea,709.97,USD,15
Q-RFQ-1049-apex-8,RFQ-1049,apex,Apex Industrial Supply,South,90,Cement Blend,Concrete,421,ea,137.48,USD,28
Q-RFQ-1049-apex-9,RFQ-1049,apex,Apex Industrial Supply,South,90,Electrical Wire,Electrical,226,ea,54.2,USD,27
Q-RFQ-1049-apex-10,RFQ-1049,apex,Apex Industrial Supply,South,90,Ball Valve,Plumbing,459,yd3,97.02,USD,35
Q-RFQ-1049-metro-1,RFQ-1049,metro,Metro Contractor Depot,National,86,Ball Valve,Plumbing,332,ea,100.14,USD,30
Q-RFQ-1049-metro-2,RFQ-1049,metro,Metro Contractor Depot,National,86,Copper Pipe,Plumbing,320,yd3,94.68,USD,12
Q-RFQ-1049-metro-3,RFQ-1049,metro,Metro Contractor Depot,National,86,Cement Blend,Concrete,27,linear_ft,176.83,USD,18
Q-RFQ-1049-metro-4,RFQ-1049,metro,Metro Contractor Depot,National,86,Steel Rebar,Steel,43,sq_ft,1104.73,USD,20
Q-RFQ-1049-metro-5,RFQ-1049,metro,Metro Contractor Depot,National,86,Concrete Mix,Concrete,355,yd3,135.6,USD,9
Q-RFQ-1049-metro-6,RFQ-1049,metro,Metro Contractor Depot,National,86,Copper Pipe,Plumbing,449,linear_ft,81.58,USD,35
Q-RFQ-1049-metro-7,RFQ-1049,metro,Metro Contractor Depot,National,86,Ductwork,HVAC,187,ea,696.94,USD,18
Q-RFQ-1049-metro-8,RFQ-1049,metro,Metro Contractor Depot,National,86,Ready Mix Concrete,Concrete,421,ea,140.58,USD,26
Q-RFQ-1049-metro-9,RFQ-1049,metro,Metro Contractor Depot,National,86,Electrical Wire,Electrical,226,ea,58.98,USD,31
Q-RFQ-1049-metro-10,RFQ-1049,metro,Metro Contractor Depot,National,86,Copper Pipe,Plumbing,459,yd3,91.11,USD,41
Q-RFQ-1050-buildtech-1,RFQ-1050,buildtech,BuildTech Supply,Midwest,94,Primer,Paint,452,ton,32.91,USD,29
Q-RFQ-1050-buildtech-2,RFQ-1050,buildtech,BuildTech Supply,Midwest,94,Junction Box,Electrical,411,ton,61.6,USD,36
Q-RFQ-1050-buildtech-3,RFQ-1050,buildtech,BuildTech Supply,Midwest,94,Cement Blend,Concrete,180,ea,133.29,USD,30
Q-RFQ-1050-buildtech-4,RFQ-1050,buildtech,BuildTech Supply,Midwest,94,Pipe Fittings,Plumbing,304,ea,96.96,USD,25
Q-RFQ-1050-buildtech-5,RFQ-1050,buildtech,BuildTech Supply,Midwest,94,Ball Valve,Plumbing,211,linear_ft,88.82,USD,8
Q-RFQ-1050-buildtech-6,RFQ-1050,buildtech,BuildTech Supply,Midwest,94,Sheetrock,Drywall,179,ea,20.3,USD,34
Q-RFQ-1050-buildtech-7,RFQ-1050,buildtech,BuildTech Supply,Midwest,94,Breaker Panel,Electrical,272,yd3,55.77,USD,23
Q-RFQ-1050-buildtech-8,RFQ-1050,buildtech,BuildTech Supply,Midwest,94,Paint Supplies,Paint,397,yd3,32.94,USD,15
Q-RFQ-1050-buildtech-9,RFQ-1050,buildtech,BuildTech Supply,Midwest,94,Ball Valve,Plumbing,362,ton,91.81,USD,14
Q-RFQ-1050-buildtech-10,RFQ-1050,buildtech,BuildTech Supply,Midwest,94,PVC Plumbing Pipe,Plumbing,150,sq_ft,84.07,USD,32
Q-RFQ-1050-constructpro-1,RFQ-1050,constructpro,ConstructPro Materials,Northeast,88,Exterior Coating,Paint,452,ton,35.98,USD,27
Q-RFQ-1050-constructpro-2,RFQ-1050,constructpro,ConstructPro Materials,Northeast,88,Junction Box,Electrical,411,ton,51.67,USD,30
Q-RFQ-1050-constructpro-3,RFQ-1050,constructpro,ConstructPro Materials,Northeast,88,Portland Cement,Concrete,180,ea,142.53,USD,16
Q-RFQ-1050-constructpro-4,RFQ-1050,constructpro,ConstructPro Materials,Northeast,88,Copper Pipe,Plumbing,304,ea,98.42,USD,23
Q-RFQ-1050-constructpro-5,RFQ-1050,constructpro,ConstructPro Materials,Northeast,88,Ball Valve,Plumbing,211,linear_ft,75.44,USD,12
Q-RFQ-1050-constructpro-6,RFQ-1050,constructpro,ConstructPro Materials,Northeast,88,Gypsum Board,Drywall,179,ea,16.24,USD,35
Q-RFQ-1050-constructpro-7,RFQ-1050,constructpro,ConstructPro Materials,Northeast,88,LED Fixture,Electrical,272,yd3,62.95,USD,20
Q-RFQ-1050-constructpro-8,RFQ-1050,constructpro,ConstructPro Materials,Northeast,88,Interior Paint,Paint,397,yd3,36.4,USD,17
Q-RFQ-1050-constructpro-9,RFQ-1050,constructpro,ConstructPro Materials,Northeast,88,PVC Plumbing Pipe,Plumbing,362,ton,103.19,USD,19
Q-RFQ-1050-constructpro-10,RFQ-1050,constructpro,ConstructPro Materials,Northeast,88,PVC Plumbing Pipe,Plumbing,150,sq_ft,77.55,USD,25
Q-RFQ-1050-urban-1,RFQ-1050,urban,UrbanBuild Wholesale,West,82,Paint Supplies,Paint,452,ton,31.44,USD,24
Q-RFQ-1050-urban-2,RFQ-1050,urban,UrbanBuild Wholesale,West,82,Breaker Panel,Electrical,411,ton,60.05,USD,40
Q-RFQ-1050-urban-3,RFQ-1050,urban,UrbanBuild Wholesale,West,82,Cement Blend,Concrete,180,ea,132.16,USD,22
Q-RFQ-1050-urban-4,RFQ-1050,urban,UrbanBuild Wholesale,West,82,Pipe Fittings,Plumbing,304,ea,77.78,USD,25
Q-RFQ-1050-urban-5,RFQ-1050,urban,UrbanBuild Wholesale,West,82,PVC Plumbing Pipe,Plumbing,211,linear_ft,74.6,USD,8
Q-RFQ-1050-urban-6,RFQ-1050,urban,UrbanBuild Wholesale,West,82,Drywall Sheet,Drywall,179,ea,16.35,USD,34
Q-RFQ-1050-urban-7,RFQ-1050,urban,UrbanBuild Wholesale,West,82,LED Fixture,Electrical,272,yd3,55.44,USD,12
Q-RFQ-1050-urban-8,RFQ-1050,urban,UrbanBuild Wholesale,West,82,Paint Supplies,Paint,397,yd3,36.83,USD,7
Q-RFQ-1050-urban-9,RFQ-1050,urban,UrbanBuild Wholesale,West,82,Ball Valve,Plumbing,362,ton,80.86,USD,21
Q-RFQ-1050-urban-10,RFQ-1050,urban,UrbanBuild Wholesale,West,82,Plumbing Fixture,Plumbing,150,sq_ft,87.86,USD,30
Q-RFQ-1050-apex-1,RFQ-1050,apex,Apex Industrial Supply,South,90,Paint Supplies,Paint,452,ton,33.82,USD,25
Q-RFQ-1050-apex-3,RFQ-1050,apex,Apex Industrial Supply,South,90,Portland Cement,Concrete,180,ea,169.13,USD,17
Q-RFQ-1050-apex-4,RFQ-1050,apex,Apex Industrial Supply,South,90,Ball Valve,Plumbing,304,ea,89.83,USD,35
Q-RFQ-1050-apex-5,RFQ-1050,apex,Apex Industrial Supply,South,90,PVC Plumbing Pipe,Plumbing,211,linear_ft,87.03,USD,11
Q-RFQ-1050-apex-6,RFQ-1050,apex,Apex Industrial Supply,South,90,Sheetrock,Drywall,179,ea,18.74,USD,30
Q-RFQ-1050-apex-7,RFQ-1050,apex,Apex Industrial Supply,South,90,Junction Box,Electrical,272,yd3,54.21,USD,20
Q-RFQ-1050-apex-9,RFQ-1050,apex,Apex Industrial Supply,South,90,Plumbing Fixture,Plumbing,362,ton,96.9,USD,26
Q-RFQ-1050-apex-10,RFQ-1050,apex,Apex Industrial Supply,South,90,Copper Pipe,Plumbing,150,sq_ft,74.59,USD,30
Q-RFQ-1050-metro-1,RFQ-1050,metro,Metro Contractor Depot,National,86,Latex Paint,Paint,452,ton,40.47,USD,25
Q-RFQ-1050-metro-2,RFQ-1050,metro,Metro Contractor Depot,National,86,Electrical Wire,Electrical,411,ton,66.26,USD,37
Q-RFQ-1050-metro-3,RFQ-1050,metro,Metro Contractor Depot,National,86,Ready Mix Concrete,Concrete,180,ea,157.31,USD,27
Q-RFQ-1050-metro-4,RFQ-1050,metro,Metro Contractor Depot,National,86,Plumbing Fixture,Plumbing,304,ea,81.64,USD,25
Q-RFQ-1050-metro-5,RFQ-1050,metro,Metro Contractor Depot,National,86,PVC Plumbing Pipe,Plumbing,211,linear_ft,96.97,USD,6
Q-RFQ-1050-metro-6,RFQ-1050,metro,Metro Contractor Depot,National,86,Drywall Sheet,Drywall,179,ea,20.8,USD,42
Q-RFQ-1050-metro-7,RFQ-1050,metro,Metro Contractor Depot,National,86,Electrical Wire,Electrical,272,yd3,62.97,USD,11
Q-RFQ-1050-metro-9,RFQ-1050,metro,Metro Contractor Depot,National,86,Copper Pipe,Plumbing,362,ton,80.98,USD,16
Q-RFQ-1050-metro-10,RFQ-1050,metro,Metro Contractor Depot,National,86,Pipe Fittings,Plumbing,150,sq_ft,91.14,USD,32
Q-FILL-2396,RFQ-1001,buildtech,BuildTech Supply,Midwest,94,Exterior Coating,Paint,150,ton,380.32,USD,11
Q-FILL-2397,RFQ-1001,constructpro,ConstructPro Materials,Northeast,88,Interior Paint,Paint,371,sq_ft,880.85,USD,9
Q-FILL-2398,RFQ-1001,urban,UrbanBuild Wholesale,West,82,Junction Box,Electrical,41,yd3,295.43,USD,9
Q-FILL-2399,RFQ-1001,apex,Apex Industrial Supply,South,90,Steel Rebar,Steel,283,sq_ft,467.28,USD,7
Q-FILL-2400,RFQ-1001,metro,Metro Contractor Depot,National,86,Conduit,Electrical,391,sq_ft,187.08,USD,20
Q-FILL-2401,RFQ-1001,buildtech,BuildTech Supply,Midwest,94,Steel Plate,Steel,326,ea,234.66,USD,32
Q-FILL-2402,RFQ-1001,constructpro,ConstructPro Materials,Northeast,88,Drywall Sheet,Drywall,413,ton,807.63,USD,29
Q-FILL-2403,RFQ-1001,urban,UrbanBuild Wholesale,West,82,Ball Valve,Plumbing,167,ton,258.35,USD,13
Q-FILL-2404,RFQ-1001,apex,Apex Industrial Supply,South,90,Sheetrock,Drywall,77,yd3,587.93,USD,19
Q-FILL-2405,RFQ-1001,metro,Metro Contractor Depot,National,86,Concrete,Concrete,458,ea,425.59,USD,26
Q-FILL-2406,RFQ-1002,buildtech,BuildTech Supply,Midwest,94,Cement Blend,Concrete,453,yd3,630.38,USD,9
Q-FILL-2407,RFQ-1002,constructpro,ConstructPro Materials,Northeast,88,Gypsum Board,Drywall,110,linear_ft,130.19,USD,22
Q-FILL-2408,RFQ-1002,urban,UrbanBuild Wholesale,West,82,PVC Plumbing Pipe,Plumbing,467,linear_ft,151.74,USD,35
Q-FILL-2409,RFQ-1002,apex,Apex Industrial Supply,South,90,Concrete Mix,Concrete,219,yd3,35.25,USD,19
Q-FILL-2410,RFQ-1002,metro,Metro Contractor Depot,National,86,Air Diffuser,HVAC,171,linear_ft,147.48,USD,29
Q-FILL-2411,RFQ-1002,buildtech,BuildTech Supply,Midwest,94,Latex Paint,Paint,363,linear_ft,711.2,USD,11
Q-FILL-2412,RFQ-1002,constructpro,ConstructPro Materials,Northeast,88,Rebar Grade 60,Steel,136,yd3,240.04,USD,25
Q-FILL-2413,RFQ-1002,urban,UrbanBuild Wholesale,West,82,Latex Paint,Paint,56,ea,493.27,USD,8
Q-FILL-2414,RFQ-1002,apex,Apex Industrial Supply,South,90,Cement Blend,Concrete,269,sq_ft,669.15,USD,34
Q-FILL-2415,RFQ-1002,metro,Metro Contractor Depot,National,86,Conduit,Electrical,54,sq_ft,202.33,USD,9
Q-FILL-2416,RFQ-1003,buildtech,BuildTech Supply,Midwest,94,Pipe Fittings,Plumbing,451,yd3,464.24,USD,16
Q-FILL-2417,RFQ-1003,constructpro,ConstructPro Materials,Northeast,88,Ductwork,HVAC,245,sq_ft,285.63,USD,26
Q-FILL-2418,RFQ-1003,urban,UrbanBuild Wholesale,West,82,Exterior Coating,Paint,263,linear_ft,108.52,USD,21
Q-FILL-2419,RFQ-1003,apex,Apex Industrial Supply,South,90,Primer,Paint,286,linear_ft,565.49,USD,32
Q-FILL-2420,RFQ-1003,metro,Metro Contractor Depot,National,86,Gypsum Board,Drywall,362,yd3,358.46,USD,16
Q-FILL-2421,RFQ-1003,buildtech,BuildTech Supply,Midwest,94,LED Fixture,Electrical,196,yd3,272.29,USD,33
Q-FILL-2422,RFQ-1003,constructpro,ConstructPro Materials,Northeast,88,Gypsum Board,Drywall,369,ea,375.74,USD,14
Q-FILL-2423,RFQ-1003,urban,UrbanBuild Wholesale,West,82,Gypsum Board,Drywall,100,yd3,762.86,USD,8
Q-FILL-2424,RFQ-1003,apex,Apex Industrial Supply,South,90,Steel Plate,Steel,337,yd3,448.81,USD,21
Q-FILL-2425,RFQ-1003,metro,Metro Contractor Depot,National,86,Pipe Fittings,Plumbing,124,linear_ft,775.62,USD,22
Q-FILL-2426,RFQ-1004,buildtech,BuildTech Supply,Midwest,94,Joint Compound,Drywall,316,sq_ft,153.54,USD,28
Q-FILL-2427,RFQ-1004,constructpro,ConstructPro Materials,Northeast,88,Ball Valve,Plumbing,39,linear_ft,280.0,USD,34
Q-FILL-2428,RFQ-1004,urban,UrbanBuild Wholesale,West,82,Ductwork,HVAC,274,ton,127.32,USD,18
Q-FILL-2429,RFQ-1004,apex,Apex Industrial Supply,South,90,Sheetrock,Drywall,199,ea,379.12,USD,35
Q-FILL-2430,RFQ-1004,metro,Metro Contractor Depot,National,86,Breaker Panel,Electrical,309,yd3,557.8,USD,23
Q-FILL-2431,RFQ-1004,buildtech,BuildTech Supply,Midwest,94,Structural Steel Beam,Steel,148,linear_ft,46.87,USD,22
Q-FILL-2432,RFQ-1004,constructpro,ConstructPro Materials,Northeast,88,Conduit,Electrical,378,linear_ft,623.14,USD,27
Q-FILL-2433,RFQ-1004,urban,UrbanBuild Wholesale,West,82,Paint Supplies,Paint,254,yd3,629.47,USD,9
Q-FILL-2434,RFQ-1004,apex,Apex Industrial Supply,South,90,Ductwork,HVAC,232,ton,430.59,USD,16
Q-FILL-2435,RFQ-1004,metro,Metro Contractor Depot,National,86,Latex Paint,Paint,213,linear_ft,864.08,USD,24
Q-FILL-2436,RFQ-1005,buildtech,BuildTech Supply,Midwest,94,Concrete Mix,Concrete,280,ea,346.67,USD,23
Q-FILL-2437,RFQ-1005,constructpro,ConstructPro Materials,Northeast,88,Exterior Coating,Paint,237,linear_ft,145.25,USD,22
Q-FILL-2438,RFQ-1005,urban,UrbanBuild Wholesale,West,82,Steel Plate,Steel,307,ton,840.07,USD,19
Q-FILL-2439,RFQ-1005,apex,Apex Industrial Supply,South,90,I Beam Steel,Steel,285,ton,443.56,USD,34
Q-FILL-2440,RFQ-1005,metro,Metro Contractor Depot,National,86,Concrete,Concrete,420,linear_ft,23.53,USD,17
Q-FILL-2441,RFQ-1005,buildtech,BuildTech Supply,Midwest,94,Drywall Screws,Drywall,161,yd3,163.02,USD,16
Q-FILL-2442,RFQ-1005,constructpro,ConstructPro Materials,Northeast,88,Exterior Coating,Paint,453,sq_ft,483.1,USD,25
Q-FILL-2443,RFQ-1005,urban,UrbanBuild Wholesale,West,82,Paint Supplies,Paint,468,ton,820.06,USD,21
Q-FILL-2444,RFQ-1005,apex,Apex Industrial Supply,South,90,Junction Box,Electrical,201,ea,212.08,USD,24
Q-FILL-2445,RFQ-1005,metro,Metro Contractor Depot,National,86,Drywall Screws,Drywall,218,linear_ft,858.88,USD,17
Q-FILL-2446,RFQ-1006,buildtech,BuildTech Supply,Midwest,94,Air Diffuser,HVAC,84,yd3,505.93,USD,14
Q-FILL-2447,RFQ-1006,constructpro,ConstructPro Materials,Northeast,88,Conduit,Electrical,223,linear_ft,494.7,USD,18
Q-FILL-2448,RFQ-1006,urban,UrbanBuild Wholesale,West,82,Latex Paint,Paint,239,sq_ft,178.15,USD,30
Q-FILL-2449,RFQ-1006,apex,Apex Industrial Supply,South,90,Primer,Paint,478,linear_ft,156.56,USD,27
Q-FILL-2450,RFQ-1006,metro,Metro Contractor Depot,National,86,Portland Cement,Concrete,340,linear_ft,628.3,USD,15
Q-FILL-2451,RFQ-1006,buildtech,BuildTech Supply,Midwest,94,Concrete,Concrete,136,linear_ft,541.54,USD,21
Q-FILL-2452,RFQ-1006,constructpro,ConstructPro Materials,Northeast,88,Rebar Grade 60,Steel,75,ea,444.62,USD,24
Q-FILL-2453,RFQ-1006,urban,UrbanBuild Wholesale,West,82,Exterior Coating,Paint,56,linear_ft,817.85,USD,15
Q-FILL-2454,RFQ-1006,apex,Apex Industrial Supply,South,90,Structural Steel Beam,Steel,459,linear_ft,145.94,USD,9
Q-FILL-2455,RFQ-1006,metro,Metro Contractor Depot,National,86,Primer,Paint,353,sq_ft,748.94,USD,7
Q-FILL-2456,RFQ-1007,buildtech,BuildTech Supply,Midwest,94,Exterior Coating,Paint,61,linear_ft,630.65,USD,34
Q-FILL-2457,RFQ-1007,constructpro,ConstructPro Materials,Northeast,88,Interior Paint,Paint,248,yd3,878.45,USD,21
Q-FILL-2458,RFQ-1007,urban,UrbanBuild Wholesale,West,82,Concrete,Concrete,319,linear_ft,78.78,USD,25
Q-FILL-2459,RFQ-1007,apex,Apex Industrial Supply,South,90,Plumbing Fixture,Plumbing,173,yd3,799.77,USD,19
Q-FILL-2460,RFQ-1007,metro,Metro Contractor Depot,National,86,Concrete,Concrete,112,sq_ft,467.3,USD,21
Q-FILL-2461,RFQ-1007,buildtech,BuildTech Supply,Midwest,94,Sheetrock,Drywall,70,linear_ft,914.99,USD,34
Q-FILL-2462,RFQ-1007,constructpro,ConstructPro Materials,Northeast,88,Concrete Mix,Concrete,248,sq_ft,581.46,USD,19
Q-FILL-2463,RFQ-1007,urban,UrbanBuild Wholesale,West,82,Electrical Wire,Electrical,227,ea,183.65,USD,30
Q-FILL-2464,RFQ-1007,apex,Apex Industrial Supply,South,90,Ductwork,HVAC,195,ton,677.45,USD,9
Q-FILL-2465,RFQ-1007,metro,Metro Contractor Depot,National,86,Electrical Wire,Electrical,296,sq_ft,489.03,USD,13
Q-FILL-2466,RFQ-1008,buildtech,BuildTech Supply,Midwest,94,Concrete,Concrete,494,linear_ft,631.08,USD,29
Q-FILL-2467,RFQ-1008,constructpro,ConstructPro Materials,Northeast,88,Gypsum Board,Drywall,413,linear_ft,257.38,USD,21
Q-FILL-2468,RFQ-1008,urban,UrbanBuild Wholesale,West,82,Electrical Wire,Electrical,488,yd3,667.41,USD,7
Q-FILL-2469,RFQ-1008,apex,Apex Industrial Supply,South,90,Ductwork,HVAC,452,ton,565.58,USD,24
Q-FILL-2470,RFQ-1008,metro,Metro Contractor Depot,National,86,Latex Paint,Paint,295,linear_ft,557.98,USD,10
Q-FILL-2471,RFQ-1008,buildtech,BuildTech Supply,Midwest,94,Sheetrock,Drywall,146,ea,561.5,USD,10
Q-FILL-2472,RFQ-1008,constructpro,ConstructPro Materials,Northeast,88,Concrete Mix,Concrete,239,sq_ft,790.94,USD,21
Q-FILL-2473,RFQ-1008,urban,UrbanBuild Wholesale,West,82,Ready Mix Concrete,Concrete,453,linear_ft,78.18,USD,26
Q-FILL-2474,RFQ-1008,apex,Apex Industrial Supply,South,90,Electrical Wire,Electrical,348,sq_ft,42.6,USD,25
Q-FILL-2475,RFQ-1008,metro,Metro Contractor Depot,National,86,Steel Rebar,Steel,174,linear_ft,700.24,USD,7
Q-FILL-2476,RFQ-1009,buildtech,BuildTech Supply,Midwest,94,Gypsum Board,Drywall,246,sq_ft,231.64,USD,34
Q-FILL-2477,RFQ-1009,constructpro,ConstructPro Materials,Northeast,88,Ready Mix Concrete,Concrete,290,ton,637.02,USD,16
Q-FILL-2478,RFQ-1009,urban,UrbanBuild Wholesale,West,82,Steel Rebar,Steel,190,ton,481.97,USD,18
Q-FILL-2479,RFQ-1009,apex,Apex Industrial Supply,South,90,Breaker Panel,Electrical,458,yd3,650.17,USD,15
Q-FILL-2480,RFQ-1009,metro,Metro Contractor Depot,National,86,I Beam Steel,Steel,165,ton,317.62,USD,27
Q-FILL-2481,RFQ-1009,buildtech,BuildTech Supply,Midwest,94,VAV Box,HVAC,298,yd3,231.48,USD,23
Q-FILL-2482,RFQ-1009,constructpro,ConstructPro Materials,Northeast,88,Primer,Paint,328,sq_ft,736.58,USD,11
Q-FILL-2483,RFQ-1009,urban,UrbanBuild Wholesale,West,82,I Beam Steel,Steel,393,sq_ft,872.65,USD,17
Q-FILL-2484,RFQ-1009,apex,Apex Industrial Supply,South,90,Drywall Screws,Drywall,46,yd3,758.89,USD,9
Q-FILL-2485,RFQ-1009,metro,Metro Contractor Depot,National,86,Cement Blend,Concrete,160,ton,113.58,USD,31
Q-FILL-2486,RFQ-1010,buildtech,BuildTech Supply,Midwest,94,Ductwork,HVAC,173,yd3,838.51,USD,16
Q-FILL-2487,RFQ-1010,constructpro,ConstructPro Materials,Northeast,88,Interior Paint,Paint,202,linear_ft,695.83,USD,27
Q-FILL-2488,RFQ-1010,urban,UrbanBuild Wholesale,West,82,Air Diffuser,HVAC,134,ton,374.12,USD,33
Q-FILL-2489,RFQ-1010,apex,Apex Industrial Supply,South,90,Breaker Panel,Electrical,312,ea,925.05,USD,11
Q-FILL-2490,RFQ-1010,metro,Metro Contractor Depot,National,86,Cement Blend,Concrete,404,sq_ft,877.42,USD,14
Q-FILL-2491,RFQ-1010,buildtech,BuildTech Supply,Midwest,94,Structural Steel Beam,Steel,367,sq_ft,72.9,USD,14
Q-FILL-2492,RFQ-1010,constructpro,ConstructPro Materials,Northeast,88,Primer,Paint,51,yd3,249.2,USD,20
Q-FILL-2493,RFQ-1010,urban,UrbanBuild Wholesale,West,82,Air Diffuser,HVAC,76,ton,49.99,USD,7
Q-FILL-2494,RFQ-1010,apex,Apex Industrial Supply,South,90,Conduit,Electrical,233,linear_ft,716.19,USD,22
Q-FILL-2495,RFQ-1010,metro,Metro Contractor Depot,National,86,Primer,Paint,412,ea,427.83,USD,17
Q-FILL-2496,RFQ-1011,buildtech,BuildTech Supply,Midwest,94,Cement Blend,Concrete,42,linear_ft,364.99,USD,26
Q-FILL-2497,RFQ-1011,constructpro,ConstructPro Materials,Northeast,88,Interior Paint,Paint,150,yd3,605.26,USD,19
Q-FILL-2498,RFQ-1011,urban,UrbanBuild Wholesale,West,82,PVC Plumbing Pipe,Plumbing,301,ton,42.54,USD,31
Q-FILL-2499,RFQ-1011,apex,Apex Industrial Supply,South,90,Drywall Sheet,Drywall,96,sq_ft,177.75,USD,16
Q-FILL-2500,RFQ-1011,metro,Metro Contractor Depot,National,86,I Beam Steel,Steel,188,sq_ft,115.66,USD,26
